# Aussprache-Grundstock aus dem deutschen Wiktionary (CC BY-SA 4.0, siehe LIZENZ.md)
# erzeugt von tools/aussprache_grundstock.py, Schwelle 0.25
# wort	phoneme (Piper/espeak-Schreibweise)	abstand zu espeak-de
*gg*	dʒiːdʒˈiː	1.0
-broich	broːx	0.5
-erchens	ɜçəns	0.29
-gates	ɡeːts	0.4
-husen	huːzən	0.4
-manien	mˌanˈiːən	0.29
-vörde	føːɾdə	0.4
-wik	viːk	0.33
0190-Nummer	nʊlaɪnhʊndɜtnˈɔɪntsɪçnˌʊmɜ	0.48
0190-Nummern	nʊlaɪnhʊndɜtnˈɔɪntsɪçnˌʊmɜn	0.46
0190-Rufnummer	nʊlˈaɪnhʊndɜtnˈɔɪntsɪçrˌuːfnˌʊmɜ	0.46
0190-Rufnummern	nʊlˈaɪnhʊndɜtnˈɔɪntsɪçrˌuːfnˌʊmɜn	0.45
0190er-Nummer	nʊlaɪnhʊndɜtnˈɔɪntsɪɡɜnˌʊmɜ	0.44
0190er-Nummern	nʊlaɪnhʊndɜtnˈɔɪntsɪɡɜnˌʊmɜn	0.42
1,2-Butadien	ˌaɪnstsvˌaɪbˌutadˈieːn	0.32
1,2-Butadiens	ˌaɪnstsvˌaɪbˌutadˈieːns	0.3
1,3-Butadien	ˌaɪnsdrˌaɪbˌutadˈieːn	0.33
1,3-Butadiens	ˌaɪnsdrˌaɪbˌutadˈieːns	0.32
1,3-Propandiol	aɪnsdraɪprˌopandiˈoːl	0.26
1-Euro-Jobber	ˌaɪnˈɔɪrodʒˌɔbɜ	0.33
1-Euro-Jobbern	ˌaɪnˈɔɪrodʒˌɔbɜn	0.31
1-Euro-Jobbers	ˌaɪnˈɔɪrodʒˌɔbɜs	0.31
1-Euro-Jobs	aɪnˈɔɪrodʒɔps	0.31
1-achsig	ˈaɪnˌaksɪç	0.44
1-m-Brett	aɪnmˈeːtɜbrˌɛt	0.36
1-m-Brette	aɪnmˈeːtɜbrˌɛtə	0.33
1-m-Bretter	aɪnmˈeːtɜbrˌɛtɜ	0.33
1-m-Brettern	aɪnmˈeːtɜbrˌɛtɜn	0.31
1-m-Brettes	aɪnmˈeːtɜbrˌɛtəs	0.31
1-m-Bretts	aɪnmeːtɜbrˌɛts	0.33
1. Johannesbrief	ˌeːɾstɜ johˈanəsbrˌiːf	0.44
1. Johannesbriefes	ˌeːɾstən johˈanəsbrˌiːfəs	0.42
1. Johannesbriefs	ˌeːɾstən johˈanəsbrˌiːfs	0.44
1. Korintherbrief	ˌeːɾstɜ korˈɪntɜbrˌiːf	0.31
1. Korintherbriefes	ˌeːɾstən korˈɪntɜbrˌiːfəs	0.32
1. Korintherbriefs	ˌeːɾstən korˈɪntɜbrˌiːfs	0.33
1. Petrusbrief	ˌeːɾstɜ pˈeːtrʊsbrˌiːf	0.4
1. Petrusbriefes	ˌeːɾstən pˈeːtrʊsbrˌiːfəs	0.39
1. Petrusbriefs	ˌeːɾstən pˈeːtrʊsbrˌiːfs	0.41
1. Thessalonicherbriefes	ˈeːɾstən tɛsalˈoːnɪçɜbrˌiːfəs	0.26
1. Thessalonicherbriefs	ˈeːɾstən tɛsalˈoːnɪçɜbrˌiːfs	0.27
1. Timotheusbrief	ˌeːɾstɜ timˈoːteʊsbrˌiːf	0.47
1. Timotheusbriefes	ˌeːɾstən timˈoːteʊsbrˌiːfəs	0.45
1. Timotheusbriefs	ˌeːɾstən timˈoːteʊsbrˌiːfs	0.47
1. Weltkrieg	ˈeːɾstɜ vˈɛltkriːk	0.38
1. Weltkriege	ˈeːɾstən vˈɛltkriːɡə	0.4
1. Weltkrieges	ˈeːɾstən vˈɛltkriːɡəs	0.38
1. Weltkriegs	ˈeːɾstən vˈɛltkriːks	0.4
10-m-Brett	tseːnmˈeːtɜbrˌɛt	0.33
10-m-Brette	tseːnmˈeːtɜbrˌɛtə	0.31
10-m-Bretter	tseːnmˈeːtɜbrˌɛtɜ	0.31
10-m-Brettern	tseːnmˈeːtɜbrˌɛtɜn	0.29
10-m-Brettes	tseːnmˈeːtɜbrˌɛtəs	0.29
10-m-Bretts	tseːnmeːtɜbrˌɛts	0.31
100-m-Hürdenlauf	hʊndɜtmeːtɜhˈʏɾdənlˌaʊf	0.33
100-m-Hürdenlaufes	hʊndɜtmeːtɜhˈʏɾdənlˌaʊfəs	0.3
100-m-Hürdenlaufs	hʊndɜtmeːtɜhˈʏɾdənlˌaʊfs	0.32
100-m-Hürdenläufe	hʊndɜtmeːtɜhˈʏɾdənlˌɔɪfə	0.36
100-m-Hürdenläufen	hʊndɜtmeːtɜhˈʏɾdənlˌɔɪfən	0.35
100-m-Lauf	hʊndɜtmˈeːtɜlˌaʊf	0.47
100-m-Laufes	hʊndɜtmˈeːtɜlˌaʊfəs	0.41
100-m-Laufs	hʊndɜtmeːtɜlˌaʊfs	0.44
100-m-Läufe	hʊndɜtmˈeːtɜlˌɔɪfə	0.5
100-m-Läufen	hʊndɜtmˈeːtɜlˌɔɪfən	0.47
110-m-Hürdenlauf	hʊndɜttseːnmeːtɜhˈʏɾdənlˌaʊf	0.28
110-m-Hürdenlaufes	hʊndɜttseːnmeːtɜhˈʏɾdənlˌaʊfəs	0.26
110-m-Hürdenlaufs	hʊndɜttseːnmeːtɜhˈʏɾdənlˌaʊfs	0.27
110-m-Hürdenläufe	hʊndɜttseːnmeːtɜhˈʏɾdənlˌɔɪfə	0.31
110-m-Hürdenläufen	hʊndɜttseːnmeːtɜhˈʏɾdənlˌɔɪfən	0.3
1337	liːt	0.94
2-achsig	tsvˈaɪˌaksɪç	0.27
2. Timotheusbrief	tsvˌaɪtɜ timˈoːteʊsbrˌiːf	0.26
2. Timotheusbriefes	tsvˌaɪtən timˈoːteʊsbrˌiːfəs	0.27
2. Timotheusbriefs	tsvˌaɪtən timˈoːteʊsbrˌiːfs	0.29
3-achsig	drˈaɪˌaksɪç	0.3
3-m-Brett	draɪmˈeːtɜbrˌɛt	0.33
3-m-Brette	draɪmˈeːtɜbrˌɛtə	0.31
3-m-Bretter	draɪmˈeːtɜbrˌɛtɜ	0.31
3-m-Brettern	draɪmˈeːtɜbrˌɛtɜn	0.29
3-m-Brettes	draɪmˈeːtɜbrˌɛtəs	0.29
3-m-Bretts	draɪmeːtɜbrˌɛts	0.31
3. Johannesbrief	drˌɪtɜ johˈanəsbrˌiːf	0.31
3. Johannesbriefes	drˌɪtən johˈanəsbrˌiːfəs	0.32
3. Johannesbriefs	drˌɪtən johˈanəsbrˌiːfs	0.33
4-achsig	fˈiːɾˌaksɪç	0.33
40ers	fˈɪɾtsɪɡɜs	0.27
5-achsig	fˈʏnfˌaksɪç	0.3
6-achsig	zˈɛksˌaksɪç	0.3
9-mm-Pistole	nɔɪnmɪlimˈeːtɜpɪstˌoːlə	0.42
9-mm-Pistolen	nɔɪnmɪlimˈeːtɜpɪstˌoːlən	0.4
9/11	nˌaɪn ɪlˈɛvən	0.7
A-Achse	ˈaːˌaksə	0.4
A-Achsen	ˈaːˌaksən	0.33
ABC-Buch	aːbeːtsˈeːbuːx	0.56
ABCs	aːbeːtsˈeːs	0.71
ABGB	aːbeːɡeːbˈeː	0.86
ABMG	aːbeːɛmɡˈeː	0.57
ADAC	ˌaːdeːaːtsˈeː	0.57
ADACs	ˌaːdeːaːtsˈeːs	0.5
ADAV	ˌaːdeːaːfˈaʊ	0.43
ADFC	ˌaːdeːɛftsˈeː	0.75
ADHS	aːdeːhaːˈɛs	0.57
ADHS-Kind	aːdeːhaːˈɛskɪnt	0.36
ADHS-Kinder	aːdeːhaːˈɛskɪndɜ	0.33
ADHS-Kindern	aːdeːhaːˈɛskɪndɜn	0.31
ADHS-Kindes	aːdeːhaːˈɛskɪndəs	0.31
ADHS-Kinds	aːdeːhaːˈɛskɪnts	0.33
ADNs	aːdeːˈɛns	0.33
ADSL	aːdeːɛsˈɛl	0.57
AEMR	aːeːɛmˈɛɾ	0.5
AGBG	aːɡeːbeːɡˈeː	0.86
AIDS-Krise	ˈɛɪtskrˌiːzə	0.33
AIDS-Krisen	ˈɛɪtskrˌiːzən	0.3
AIDS-Tote	ˈɛɪtstˌoːtə	0.38
AIDS-Totem	ˈɛɪtstˌoːtəm	0.33
AIDS-Toten	ˈɛɪtstˌoːtən	0.33
AIDS-Toter	ˈɛɪtstˌoːtɜ	0.38
AKHs	akahˈaːs	0.33
AKWs	aːkaːvˈeːs	0.5
AMOC	ˈɛɪmɔk	0.6
ANC-Mitglied	ɛɪɛnsˈiːmɪtɡlˌiːt	0.31
ANC-Mitglieder	ɛɪɛnsˈiːmɪtɡlˌiːdɜ	0.29
ANC-Mitgliedern	ɛɪɛnsˈiːmɪtɡlˌiːdɜn	0.27
ANC-Mitgliedes	ɛɪɛnsˈiːmɪtɡlˌiːdəs	0.27
ANC-Mitglieds	ɛɪɛnsˈiːmɪtɡlˌiːts	0.29
ANC-Politiker	ɛɪɛnsˈiːpolˌiːtɪkɜ	0.36
ANC-Politikern	ɛɪɛnsˈiːpolˌiːtɪkɜn	0.33
ANC-Politikers	ɛɪɛnsˈiːpolˌiːtɪkɜs	0.33
ANC-Regierung	ɛɪɛnsˈiːreɡˌiːrʊŋ	0.31
ANCs	aːɛntsˈeːs	0.57
ASVG	aːɛsfaʊɡˈeː	0.62
ASVGs	aːɛsfaʊɡˈeːs	0.56
AStA	ˈasta	0.33
AStAs	ˈastas	0.29
ASten	ˈastən	0.4
AWMF	ˌaːvˌeːˌɛmˈɛf	0.43
Aall	oːl	0.5
Aalreuse	ˈaːlrˌɔɪzə	0.29
Aarestadt	ˈaːrəʃtˌat	0.29
Aarhus	ˈɔːɾhuːs	0.4
Aarhus’	ˈɔːɾhuːs	0.4
Abaisse	abˈɛːs	0.5
Abaissen	abˈɛːsən	0.29
Abandon	abɑ̃dˈɔ̃ː	0.43
Abandonnement	abɑ̃dɔnəmˈɑ̃ː	0.42
Abandonnements	abɑ̃dɔnəmˈɑ̃ːs	0.38
Abandons	abɑ̃dˈɔ̃ːs	0.38
Abatis	abatˈiː	0.33
Abatjour	abaʒˈuːɾ	0.29
Abb.	ˈapbˌɪldʊŋ	0.75
Abbauvorgang	ˈapbaʊfˌoːɾɡaŋ	0.27
Abbelkrotze	ˈabəlɡrˌɔdzə	0.45
Abbens	ˈabəns	0.33
Abbeville	abvˈil	0.5
Abbevilles	abvˈils	0.44
Abbevillien	abəvɪlˈiɛ̃ː	0.45
Abbevilliens	abəvɪlˈiɛ̃ːs	0.42
Abbs	abs	0.33
Abc-Buch	ˌaːbˌeːtsˈeːbˌuːx	0.56
Abc-Buche	ˌaːbˌeːtsˈeːbˌuːxə	0.5
Abc-Buches	ˌaːbˌeːtsˈeːbˌuːxəs	0.45
Abc-Buchs	ˌaːbˌeːtsˈeːbˌuːxs	0.5
Abc-Bücher	ˌaːbˌeːtsˈeːbˌyːçɜ	0.45
Abc-Büchern	ˌaːbˌeːtsˈeːbˌyːçɜn	0.42
Abc-Code	ˌaːbˌeːtsˈeːkˌoːt	0.56
Abc-Codes	ˌaːbˌeːtsˈeːkˌoːts	0.5
Abc-Kode	aːbeːtsˈeːkoːt	0.78
Abc-Kodes	aːbeːtsˈeːkoːts	0.7
Abc-Schüler	aːbeːtsˈeːʃˌyːlɜ	0.5
Abc-Schülern	aːbeːtsˈeːʃˌyːlɜn	0.45
Abc-Schülers	aːbeːtsˈeːʃˌyːlɜs	0.45
Abc-Schütze	abetsˈeːʃˌʏtsə	0.45
Abc-Schützen	abetsˈeːʃˌʏtsən	0.42
Abc-Schützin	ˌaːbˌeːtsˈeːʃˌʏtsɪn	0.5
Abc-Schützinnen	ˌaːbˌeːtsˈeːʃˌʏtsɪnən	0.36
Abcdarien	abetsedˈaːriən	0.42
Abcdarier	abetsedˈaːriɜ	0.45
Abcdariern	abetsedˈaːriɜn	0.42
Abcdariers	abetsedˈaːriɜs	0.42
Abcdarii	abetsedˈaːrii	0.45
Abcdarium	abetsedˈaːriʊm	0.42
Abcdariums	abetsedˈaːriʊms	0.38
Abcdarius	abetsedˈaːriʊs	0.42
Abchasiens	apxˈaːziəns	0.3
Abchasin	apxˈaːzɪn	0.29
Abducens	apdˈuːtsɛns	0.33
Abece	ˌaːbˌeːtsˈeː	0.5
Abecebuch	ˌaːbˌeːtsˈeːbˌuːx	0.33
Abecebuche	ˌaːbˌeːtsˈeːbˌuːxə	0.3
Abecebuches	ˌaːbˌeːtsˈeːbˌuːxəs	0.27
Abecebuchs	ˌaːbˌeːtsˈeːbˌuːxs	0.3
Abeces	aːbeːtsˈeːs	0.43
Abelie	abˈeːljə	0.5
Abelien	abˈeːljən	0.38
Abend-Make-up	ˈaːbəntmˌɛɪkap	0.36
Abend-Make-ups	ˈaːbəntmˌɛɪkaps	0.33
Abendbrise	ˈaːbəntbrˌiːzə	0.3
Abendbrisen	ˈaːbəntbrˌiːzən	0.27
Abendbrotbesteck	ˈaːbəntbroːtbəʃtˌɛk	0.27
Abendgeläut	ˈaːbəntɡəlˌɔɪt	0.27
Abendjournal	ˈaːbəntʒʊɾnˌaːl	0.27
Abendmelodien	ˈaːbəntmelodˌiːən	0.29
Abendshow	ˈaːbəntʃˌɔʊ	0.44
Abendshows	ˈaːbəntʃˌɔʊs	0.4
Aberacht	ˈaːbɜˌaxt	0.29
Aberchens	ˈaːbɜçəns	0.33
Aberdeen	ˈɛbɜdˌiːn	0.62
Aberdeener	ˈɛbɜdˌiːnɜ	0.56
Aberdeenern	ˈɛbɜdˌiːnɜn	0.44
Aberdeeners	ˈɛbɜdˌiːnɜs	0.44
Aberdeenrind	ɛbɜdˈiːnrˌɪnt	0.36
Aberdeenrinde	ɛbɜdˈiːnrˌɪndə	0.33
Aberdeenrinder	ɛbɜdˈiːnrˌɪndɜ	0.33
Aberdeenrindern	ɛbɜdˈiːnrˌɪndɜn	0.31
Aberdeenrindes	ɛbɜdˈiːnrˌɪndəs	0.31
Aberdeenrinds	ɛbɜdˈiːnrˌɪnts	0.33
Aberdeens	ˈɛbɜdˌiːns	0.56
Aberdepot	ˈaːbɜdepˌoː	0.33
Aberdepots	ˈaːbɜdepˌoːs	0.3
Aberlin	ˈaːbɜlin	0.29
Abersinn	ˈaːbɜzˌɪn	0.29
Abf.	ˈapfˌaːɾt	0.5
Abfahrtsschis	ˈapfaːɾtsʃˌiːs	0.27
Abfahrtsweltcup	ˈapfaːɾtsvˌɛltkap	0.4
Abfahrtsweltcups	ˈapfaːɾtsvˌɛltkaps	0.38
Abfallmanagement	ˈapfalmˌɛnɪtʃmənt	0.33
Abfallmanagements	ˈapfalmˌɛnɪtʃmənts	0.31
Abfluggate	ˈapfluːkɡˌɛɪt	0.4
Abfluggates	ˈapfluːkɡˌɛɪts	0.36
Abg.	ˈapɡəˌɔɾdnətɜ	0.82
Abgassoftware	ˈapɡaːssˌɔftvɛːɾ	0.5
Abgeordnetenpension	ˈapɡəˌɔɾdnətənpɑ̃zˌioːn	0.26
Abidjan	abidʒˈaːn	0.43
Abidjans	abidʒˈaːns	0.38
Abies	ˈabieːz	0.6
Abietinsäure	abietˈiːnzˌɔɪrə	0.33
Abigail	abiɡˈaɪl	0.29
Abigeat	abiɡeˈaːt	0.29
Abilene	ˈɛbəliːn	0.71
Abilenes	ˈɛbəliːns	0.62
Abiogenese	abioɡenˈeːzə	0.55
Abiogenesis	abioɡˈeːnezɪs	0.33
Abiologie	ˌabioloɡˈiː	0.33
Abiose	ˌabˈioːzə	0.43
Abiosis	ˌabˈioːzɪs	0.38
Abiotrophie	ˌabiotrofˈiː	0.3
Abis	ˈabis	0.5
Abistress	ˈabiʃtrˌɛs	0.38
Abistresses	ˈabiʃtrˌɛsəs	0.3
Abiturient	abiturˈiɛnt	0.27
Abiturientia	abiturˈiɛntsia	0.31
Abiturientien	abiturˈiɛntsiən	0.29
Abk.	ˈapkˌɔmən	0.57
Ablad	ˈablaːd	0.4
Ablatio placentae	aplˌaːtsio platsˈɛntɛ	0.29
Ableismen	ɛɪbəlˈɪsmən	0.5
Ableismus	ɛɪbəlˈɪsmʊs	0.5
Abnaki	ɛbnˈɑːkɪ	0.5
Abnakis	ɛbnˈɑːkɪs	0.29
Abonnement	abɔnəmˈɑ̃ː	0.44
Abonnementpreis	abɔnəmˈɑ̃ːprˌaɪs	0.29
Abonnementpreise	abɔnəmˈɑ̃ːprˌaɪzə	0.27
Abonnements	abɔnəmˈɑ̃ːs	0.4
Abonnementspreis	abɔnəmˈɑ̃ːsprˌaɪs	0.33
Abonnementspreise	abɔnəmˈɑ̃ːsprˌaɪzə	0.31
Abonnementspreisen	abɔnəmˈɑ̃ːsprˌaɪzən	0.29
Abonnementspreises	abɔnəmˈɑ̃ːsprˌaɪzəs	0.29
Aborigines	aporˈiːɡines	0.3
Abrachien	abraxˈiːən	0.33
Abraham	ˈaːbraham	0.29
Abrahamit	abrahamˈiːt	0.33
Abrams-Panzer	ˈɛɪbɹəmspˌantsɜ	0.38
Abrams-Panzern	ˈɛɪbɹəmspˌantsɜn	0.36
Abrams-Panzers	ˈɛɪbɹəmspˌantsɜs	0.36
Abramsons	ˈaːbramzˌɔn	0.33
Abrasit	abrazˈiːt	0.29
Abrego	ˈabrɛɡo	0.33
Abrissparty	ˈaprɪspˌaːɾti	0.4
Abrégé	abreʒˈeː	0.33
Abrégés	abreʒˈeːs	0.29
Abscessus cerebri	apstsˌɛsʊs tsˈeːrebri	0.29
Abschlussparty	ˈapʃlʊspˌaːɾti	0.36
Abschlussplädoyer	ˈapʃlʊsplɛdoajˌeː	0.29
Absence	apsˈɑ̃ːs	0.71
Absencen	apsˈɑ̃ːsən	0.5
Abt.	aptˈaɪlʊŋ	0.62
Abu Dhabis	ˈabu dˈaːbis	0.3
Abuja	abˈuːdʒa	0.33
Abéché	abeʃˈe	0.33
Abéchés	abeʃˈes	0.29
AcIs	aːtseːˈiːs	0.5
Academy Award	əkˈɛdəmiəvˌɔːɾt	0.42
Academy Awards	əkˈɛdəmiəvˌɔːɾts	0.38
Academy-Award	əkˈɛdəmiəvˌɔːɾt	0.42
Academy-Awards	əkˈɛdəmiəvˌɔːɾts	0.38
Accent aigu	aksˌɑ̃ːtɛɡˈyː	0.67
Accent circonflexe	aksˌɑ̃ː sɪɾkɔ̃flˈɛks	0.35
Accent grave	aksˌɑ̃ː ɡrˈaːf	0.5
Accents aigus	aksˌɑ̃ːzɛɡˈyː	0.73
Accents circonflexes	aksˌɑ̃ː sɪɾkɔ̃flˈɛks	0.37
Accents graves	aksˌɑ̃ː ɡrˈaːf	0.58
Accentus	aktsˈɛntʊs	0.33
Accesses	ˈɛksɛsəs	0.43
Accessoires	aksɛsˈoaːɾs	0.33
Account-Management	əkˈaʊntmˌɛnɪtʃmənt	0.38
Account-Managements	əkˈaʊntmˌɛnɪtʃmənts	0.35
Accountant	əkˈaʊntənt	0.44
Accountants	əkˈaʊntənts	0.4
Accountmanagement	əkˈaʊntmˌɛnɪdʒmənt	0.5
Accountmanagements	əkˈaʊntmˌɛnɪdʒmənts	0.47
Accountmanagerin	əkˈaʊntmˌɛnɪdʒərɪn	0.27
Accroche-Cœur	akrɔʃkˈøːɾ	0.33
Accroche-Cœurs	akrɔʃkˈøːɾs	0.3
Acehisch	atʃˈeːɪʃ	0.33
Acehische	atʃˈeːɪʃə	0.29
Acehischs	atʃˈeːɪʃs	0.29
Acella	atsˈɛla	0.33
Acephalien	atsefalˈiːən	0.4
Acequia	asˈeːkia	0.29
Acer	ˈaːtsɜ	0.5
Acerra	atsˈɛra	0.5
Acerras	atsˈɛras	0.43
Acesal	ˌatsezˈaːl	0.29
Acheiropoieton	ˌaxaɪropɔɪˈeːtɔn	0.31
Acheiropoietons	ˌaxaɪropɔɪˈeːtɔns	0.29
Acheuléen	aʃøleˈɛ̃ː	0.57
Acheuléen-Kultur	aʃøleˈɛ̃ːkʊltˌuːɾ	0.31
Acheuléens	aʃøleˈɛ̃ːs	0.5
Achievementtest	ətʃˈiːvmənttˌɛst	0.54
Achievementtests	ətʃˈiːvmənttˌɛsts	0.5
Acholi	atʃˈoːli	0.33
Achse	ˈaksə	0.5
Achsen	ˈaksən	0.4
Achtachser	ˈaxtˌaksɜ	0.29
Achual	atʃuˈaːl	0.33
Aché-Guayakí	atʃˈeːɡˌuaɪəkˈiː	0.27
Acid	ˈɛsɪt	0.75
Acid House	ˈɛsɪdhaus	0.62
Acid Jazz	ˈɛsɪd dʒɛz	1.0
Acid Trance	ˈɛsɪd tɹɛns	0.56
Acida	ˈaːtsida	0.33
Acidhouse	ˈɛsɪdhaus	0.75
Acidimetrie	atsidimetrˈiː	0.27
Acidoses	ˌatsidˈoːzes	0.33
Acids	ˈɛsɪts	0.4
Acidum	ˈaːtsidʊm	0.29
Acidur	atsidˈuːɾ	0.29
Acquisition	ɛkvɪzˈɪʃən	0.67
Acquisitions	ɛkvɪzˈɪʃəns	0.62
Acquit	akˈiː	0.67
Acquits	akˈiːs	0.43
Acres	ˈeːkɜs	0.4
Actio	ˈaktsio	0.33
Action	ˈɛktʃən	0.57
Action-Painting	ˈɛkʃənpˌɛɪntɪŋ	0.43
Action-Paintings	ˈɛkʃənpˌɛɪntɪŋs	0.4
Actioncomic	ˈɛktʃənkˌɔmɪk	0.5
Actioncomics	ˈɛktʃənkˌɔmɪks	0.46
Actionfigur	ˈɛkʃənfiɡˌuːɾ	0.5
Actionfiguren	ˈɛkʃənfiɡˌuːrən	0.43
Actionfilm	ˈɛktʃənfˌɪlm	0.36
Actionfilme	ˈɛktʃənfˌɪlmə	0.33
Actionfilmen	ˈɛktʃənfˌɪlmən	0.31
Actionfilmes	ˈɛktʃənfˌɪlməs	0.31
Actionfilms	ˈɛktʃənfˌɪlms	0.33
Actionheld	ˈɛktʃənhˌɛlt	0.36
Actionhelden	ˈɛktʃənhˌɛldən	0.31
Actionheldin	ˈɛktʃənhˌɛldɪn	0.38
Actionheldinnen	ˈɛktʃənhˌɛldɪnən	0.33
Actionkamera	ˈɛktʃənkˌaməra	0.38
Actionkameras	ˈɛktʃənkˌaməras	0.36
Actionkomödie	ˈɛktʃənkomˌøːdiə	0.38
Actionkomödien	ˈɛktʃənkomˌøːdiən	0.38
Actionpainting	ˈɛkʃənpˌɛɪntɪŋ	0.43
Actionpaintings	ˈɛkʃənpˌɛɪntɪŋs	0.4
Actionszene	ˈɛktʃənstsˌeːnə	0.38
Actionszenen	ˈɛktʃənstsˌeːnən	0.36
Actionthriller	ˈɛktʃənθrˌɪlɜ	0.36
Actionthrillern	ˈɛktʃənθrˌɪlɜn	0.33
Actionthrillers	ˈɛktʃənθrˌɪlɜs	0.42
Actress	ˈɛktɹəs	0.5
Add-on	ˈɛdɔn	0.6
Add-ons	ˈɛdɔns	0.5
Adelaide	ˈɛdəlɪt	0.5
Adelaides	ˈɛdəlɪts	0.44
Adieu	adjˈøː	0.5
Adieus	adjˈøːs	0.4
Adige	ˈaːdidʒe	0.67
Adjektivstamm	ˈatjɛktiːfʃtˌam	0.33
Adjektivstamme	ˈatjɛktiːfʃtˌamə	0.31
Adjektivstammes	ˈatjɛktiːfʃtˌaməs	0.29
Adjektivstamms	ˈatjɛktiːfʃtˌams	0.31
Adoneus	adonˈeːʊs	0.29
Adonisröschen	adˈoːnɪsrˌøːsçən	0.31
Adonisröschens	adˈoːnɪsrˌøːsçəns	0.29
Adoptivfamilie	adɔptˈiːffamˌiːliə	0.27
Adr.	adrˈɛsə	0.5
Adrenalinjunkie	adrenalˈiːndʒaŋki	0.4
Adrenalinjunkies	adrenalˈiːndʒaŋkis	0.38
Adrenalinräuschen	adrenalˈiːnrˌɔɪʃən	0.35
Adschariens	adʒˈaːriəns	0.4
Adschman	adʒmˈaːn	0.33
Adschmans	adʒmˈaːns	0.29
Advantage	ɛtvˈaːntɪtʃ	0.56
Advantages	ɛtvˈaːntɪtʃəs	0.45
Adventivknospe	atvɛntˈiːfknˌɔspə	0.29
Adventivknospen	atvɛntˈiːfknˌɔspən	0.27
Adventivkrater	atvɛntˈiːfkrˌaːtɜ	0.31
Adventivkratern	atvɛntˈiːfkrˌaːtɜn	0.29
Adventivkraters	atvɛntˈiːfkrˌaːtɜs	0.29
Adventivspross	atvɛntˈiːfʃprˌɔs	0.31
Adventivsprosse	atvɛntˈiːfʃprˌɔsə	0.29
Adventivsprossen	atvɛntˈiːfʃprˌɔsən	0.27
Adventivsprosses	atvɛntˈiːfʃprˌɔsəs	0.27
Adventivwurzel	atvɛntˈiːfvˌʊɾtsəl	0.27
Adventläufe	atvˈɛntlˌɔɪfə	0.27
Adventsgesteck	atvˈɛntsɡəʃtˌɛk	0.31
Adventsgestecke	atvˈɛntsɡəʃtˌɛkə	0.29
Adventsgestecken	atvˈɛntsɡəʃtˌɛkən	0.27
Adventsgesteckes	atvˈɛntsɡəʃtˌɛkəs	0.27
Adventsgestecks	atvˈɛntsɡəʃtˌɛks	0.29
Adventsingen	atvˈɛntzˌɪŋən	0.27
Adventsschmuck	atvˈɛntsʃmˌʊk	0.33
Adventsschmuckes	atvˈɛntsʃmˌʊkəs	0.29
Adventsschmucks	atvˈɛntsʃmˌʊks	0.31
Adventzeit	atvˈɛnttsˌaɪt	0.27
Adware	ˈɛdwɛːɾ	0.6
Adwares	ˈɛdwɛːɾs	0.57
Aerobier	aerˈoːbiɜ	0.29
Aerobiologie	aˌerobioloɡˈiː	0.36
Aerobiont	aerobˈiɔnt	0.56
Aerobionten	aerobˈiɔntən	0.45
Aerobus	ˈaeːrobˌʊs	0.29
Aeroclub	aˈeːroklˌʊp	0.5
Aeroclubs	aˈeːroklˌʊps	0.44
Aerodrom	aerodrˈoːm	0.38
Aerodrome	aerodrˈoːmə	0.33
Aerodromen	aerodrˈoːmən	0.3
Aerodroms	aerodrˈoːms	0.33
Aerogel	aeroɡˈeːl	0.43
Aerogele	aeroɡˈeːlə	0.38
Aerogelen	aeroɡˈeːlən	0.33
Aerogels	aeroɡˈeːls	0.38
Aerogramm	aeroɡrˈam	0.38
Aerogramme	aeroɡrˈamə	0.33
Aerogrammen	aeroɡrˈamən	0.3
Aerogramms	aeroɡrˈams	0.33
Aeroklub	aˈeːroklˌʊp	0.5
Aeroklubs	aˈeːroklˌʊps	0.44
Aerolith	aerolˈiːt	0.43
Aerolithe	aerolˈiːtə	0.38
Aerolithen	aerolˈiːtən	0.33
Aeroliths	aerolˈiːts	0.38
Aeroplan	aeroplˈaːn	0.38
Aeroplane	aeroplˈaːnə	0.33
Aeroplanen	aeroplˈaːnən	0.3
Aeroplanes	aeroplˈaːnəs	0.3
Aeroplans	aeroplˈaːns	0.33
Aerosol	aerozˈoːl	0.29
Aetit	aetˈiːt	0.6
Aetite	aetˈiːtə	0.33
Aetiten	aetˈiːtən	0.29
Aetits	aetˈiːts	0.33
Affenbaby	ˈafənbˌeːbi	0.33
Affenbabys	ˈafənbˌeːbis	0.4
Affiche	afˈɪʃə	0.33
Affichen	afˈɪʃən	0.29
Affiliate-Link	əfˈɪliətlˌɪŋk	0.46
Affiliate-Links	əfˈɪliətlˌɪŋks	0.43
Affront	afrˈɔ̃ː	0.33
Affronts	afrˈɔ̃ːs	0.29
Afrikakorps	ˈaːfrikakˌoːɾ	0.27
Afterhourparty	ˈaːftɜaʊɜpˌaːɾti	0.33
Aftershave	ˈaːftɜʃˌɛɪf	0.56
Aftershave-Lotion	ˈaːftɜʃɛɪflˌoːʃən	0.56
Aftershave-Lotions	ˈaːftɜʃɛɪflˌoːʃəns	0.53
Aftershavelotion	ˈaːftɜʃɛɪflˌoːʃən	0.56
Aftershavelotions	ˈaːftɜʃɛɪflˌoːʃəns	0.53
Aftershaves	ˈaːftɜʃˌeːfs	0.5
Afterworkparty	aːftɜvœːɾkpˈaːɾti	0.31
Afterworkpartys	aːftɜvœːɾkpˈaːɾtis	0.36
Agadez	aɡadˈɛs	0.29
Agadez’	aɡadˈɛs	0.29
Agent Provocateur	aʒˈɑ̃ː provokatˈøːɾ	0.27
Agent provocateur	aʒˈɑ̃ː provokatˈøːɾ	0.27
Agentenkarriere	aɡˈɛntənkarˌieːrə	0.27
Agentennetz	aɡˈɛntənnˌɛts	0.27
Agententhriller	aɡˈɛntənθrˌɪlɜ	0.57
Agententhrillern	aɡˈɛntənθrˌɪlɜn	0.53
Agententhrillers	aɡˈɛntənθrˌɪlɜs	0.6
Agents Provocateurs	aʒˈɑ̃ː provokatˈøːɾ	0.35
Agents provocateurs	aʒˈɑ̃ːs provokatˈøːɾ	0.29
Aggiornamento	adʒɔɾnamˈɛnto	0.31
Aggressionsproblem	aɡrɛsˈioːnsproblˌeːm	0.29
Agha	ˈaːɡa	0.5
Aghas	ˈaːɡas	0.4
Aghulisch	aɡˈuːlɪʃ	0.29
Agien	ˈaːdʒiən	0.33
Agio	ˈaːdʒo	0.6
Agios	ˈaːdʒos	0.5
Agribusiness	ˈaːɡribˌɪznɪs	0.3
Agrigento	aɡridʒˈɛnto	0.3
Agrigentos	aɡridʒˈɛntos	0.27
Agrobusiness	ˈaːɡrobˌɪznɪs	0.3
Agrochemie	ˈaːɡroçemˌiː	0.33
Aguardiente	aɡwaɾðjˈente	0.58
Ahadis	ahˈadis	0.33
Ahaerlebnis	ahˈaɛɾlˌeːpnɪs	0.36
Ahaerlebnisse	ahˈaɛɾlˌeːpnɪsə	0.33
Ahaerlebnissen	ahˈaɛɾlˌeːpnɪsən	0.31
Ahaerlebnisses	ahˈaɛɾlˌeːpnɪsəs	0.31
Ahasveros	ahasvˈeːrɔs	0.33
Ahasveros’	ahasvˈeːrɔs	0.33
Ahmadis	ˈaxmadis	0.29
Aids-Hysterie	ˈɛɪtshʏsterˌiː	0.27
Aidstest	ˈeːtstɛst	0.38
Aidsteste	ˈeːtstɛstə	0.33
Aidstesten	ˈeːtstɛstən	0.3
Aidstestes	ˈeːtstɛstəs	0.3
Aidstests	ˈeːtstɛsts	0.33
Aids’	eːts	0.75
Aiguière	ɛɡˈieːrə	0.57
Aiguièren	ɛɡˈieːrən	0.5
Aiken	ˈeɪkɪn	0.4
Aikens	ˈeɪkɪns	0.33
Ailes de Pigeon	ɛːl də piʒˈɔ̃ː	0.69
Ailes de pigeon	ɛːldəpiʒˈõ	0.62
Aioli	ajɔlˈi	0.4
Air Force One	ˈɛːɾfɔːɾsvˌan	0.4
Airach	ˈaɪrax	0.83
Airbag	ˈɛːɾbˌɛk	0.8
Airbags	ˈɛːɾbɛks	0.83
Airbrushs	ˈɛːɾbraʃs	0.71
Airbus	ˈɛːɾbˌʊs	0.6
Airbusse	ˈɛːɾbˌʊsə	0.67
Airbussen	ˈɛːɾbˌʊsən	0.43
Airbusses	ˈɛːɾbˌʊsəs	0.71
Airconditioner	ˈɛːɾkɔndˌɪʃənɜ	0.36
Airconditionern	ˈɛːɾkɔndˌɪʃənɜn	0.33
Airconditioners	ˈɛːɾkɔndˌɪʃənɜs	0.42
Airhockey	ˈɛːɾhˌɔki	0.33
Airhockeys	ˈɛːɾhˌɔkis	0.43
Airline	ˈɛːɾlaɪn	0.33
Airlines	ˈɛːɾlaɪnz	0.29
Airolo	aɪrˈoːlo	0.86
Airolos	aɪrˈoːlos	0.88
Airport	ˈɛːɾpoːɾt	0.67
Airports	ˈɛːɾpoːɾts	0.57
Airs	ɛːɾs	1.0
Aix-en-Provence	ɛksɑ̃prɔvˈɑ̃ːs	0.38
Aix-en-Provences	ɛksɑ̃prɔvˈɑ̃ːs	0.47
Aix-les-Bains	ɛkslebˈɛ̃	0.58
Aix-les-Bains’	ɛkslebˈɛ̃	0.58
Ajaccio	aʒaksjˈo	0.43
Ajaccios	aʒaksjˈos	0.38
Ajka	ˈɔjkɔ	0.5
Ajkas	ˈɔjkɔs	0.4
Akaziengestrüpp	akˈaːtsiənɡəʃtrˌʏp	0.33
Akaziengestrüppe	akˈaːtsiənɡəʃtrˌʏpə	0.31
Akaziengestrüppen	akˈaːtsiənɡəʃtrˌʏpən	0.29
Akaziengestrüppes	akˈaːtsiənɡəʃtrˌʏpəs	0.29
Akaziengestrüpps	akˈaːtsiənɡəʃtrˌʏps	0.31
Akinese	akinˈeːzə	0.29
Akko	ˈakɔ	0.33
Akkompagnement	akɔmpanjəmˈɑ̃ː	0.46
Akkompagnements	akɔmpanjəmˈɑ̃ːs	0.43
Akola	əkˈoʊlə	0.5
Akquisen	akvˈiːzən	0.29
Aksaier Buntschwein	bˈʊntʃvˌaɪn	0.4
Aktie	ˈaktsiə	0.33
Aktienfonds	ˈaktsiənfˌɔ̃ː	0.5
Aktiengesellschaft	ˈaktsiənɡəzˌɛlʃaft	0.31
Aktiengesellschaften	ˈaktsiənɡəzˌɛlʃaftən	0.33
Aktienindices	ˈaktsiənˌɪnditseːs	0.33
Aktienkapitalien	ˈaktsiənkapitˌaːliən	0.29
Aktienkurs	ˈaktsiənkˌʊɾs	0.27
Aktiensplits	ˈaktsiənʃplˌɪts	0.31
Aktienverkäufe	ˈaktsiənfɛɾkˌɔɪfə	0.27
Aktionsausschuss	aktsˈioːnsaʊsʃˌʊs	0.27
Aktivstoff	aktˈiːfʃtˌɔf	0.33
Aktivstoffe	aktˈiːfʃtˌɔfə	0.3
Aktivstoffen	aktˈiːfʃtˌɔfən	0.27
Aktivstoffes	aktˈiːfʃtˌɔfəs	0.27
Aktivstoffs	aktˈiːfʃtˌɔfs	0.3
Aktrice	ˌaktrˈiːs	0.29
Aktstudie	ˈaktʃtˌuːdiə	0.3
Aktstudien	ˈaktʃtˌuːdiən	0.27
Akureyris	ˈaːkurɛiriːs	0.33
Alamogordo	ɛləməɡˈɔːdəʊ	0.6
Alamogordos	ɛləməɡˈɔːdəʊs	0.55
Alberghi	albˈɛɾɡi	0.43
Alberichs	ˈalbərɪçs	0.38
Albion	ˈalbiɔn	0.33
Albions	ˈalbiɔns	0.29
Alcatraz	ɛlkətrˈɛs	0.44
Alcatraz’	ɛlkətrˈɛs	0.44
Alençon	alɑ̃sˈɔ̃	0.57
Alençons	alɑ̃sˈɔ̃s	0.5
Alençonspitze	alɑ̃sˈɔ̃ʃpˌɪtsə	0.31
Alençonspitzen	alɑ̃sˈɔ̃ʃpˌɪtsən	0.29
Alerts	əlˈœːɾts	0.33
Ales	ɛɪls	0.75
Aleukien	ˈalɔɪkiːən	0.33
Aleurolith	alɔɪrɔlˈiːt	0.33
Aleurolithe	alɔɪrɔlˈiːtə	0.3
Aleurolithen	alɔɪrɔlˈiːtən	0.27
Aleuroliths	alɔɪrɔlˈiːts	0.3
Aleuron	alˈɔɪrɔn	0.29
Aleute	aleˈuːtə	0.33
Aleuten	aleˈuːtən	0.29
Aleutin	aleˈuːtɪn	0.29
Aleutisch	aleˈuːtɪʃ	0.29
Alezan	aləzˈaːn	0.43
Alezane	aləzˈaːnə	0.38
Alezanen	aləzˈaːnən	0.33
Alezans	aləzˈaːns	0.38
Alghero	alɡˈɛro	0.43
Algheros	alɡˈɛros	0.38
Aliasing	ˈɛɪliəzɪŋ	0.38
Aliasings	ˈɛɪliəzɪŋs	0.33
Alichs	aːlɪçs	0.33
Alien	ˈɛɪliən	0.67
Alien-Entführung	ˈɛɪliənɛntfˌyːrʊŋ	0.29
Aliens	ˈɛɪliəns	0.57
Alkadien	alkadˈieːn	0.33
Alkadiene	alkadˈieːnə	0.3
Alkadienen	alkadˈieːnən	0.27
Alkadiens	alkadˈieːns	0.3
Alkoholbestand	alkohˈoːlbəʃtˌant	0.29
Alkoholbestande	alkohˈoːlbəʃtˌandə	0.27
Alkoholbestands	alkohˈoːlbəʃtˌants	0.27
Alkoholgehalt	ˈalkohoːlɡəhˌalt	0.31
Alkoholgehalte	ˈalkohoːlɡəhˌaltə	0.29
Alkoholgehalten	ˈalkohoːlɡəhˌaltən	0.27
Alkoholgehaltes	ˈalkohoːlɡəhˌaltəs	0.27
Alkoholgehalts	ˈalkohoːlɡəhˌalts	0.29
Alkoholgeruch	ˈalkohoːlɡərˌʊx	0.27
Alkoholgestank	ˈalkohoːlɡəʃtˌaŋk	0.29
Alkoholgestanks	ˈalkohoːlɡəʃtˌaŋks	0.27
Alkoholräuschen	ˈalkohoːlrˌɔɪʃən	0.43
Alkoholsteuer	ˈalkohoːlʃtˌɔɪɜ	0.33
Alkoholsteuern	ˈalkohoːlʃtˌɔɪɜn	0.31
Alkoholsucht	alkohˈoːlzʊxt	0.27
Alkoholtest	ˈalkohoːltˌɛst	0.27
All-Star-Game	ˈɔːlstaːɾɡˌɛɪm	0.5
All-Star-Games	ɔːlstaːɾɡˌɛɪms	0.45
All-in-one-Gerät	ˈɔːlɪnwˈʌnɡərˌɛːt	0.36
All-in-one-Geräte	ˈɔːlɪnwˈʌnɡərˌɛːtə	0.33
All-in-one-Geräten	ˈɔːlɪnwˈʌnɡərˌɛːtən	0.31
All-in-one-Gerätes	ˈɔːlɪnwˈʌnɡərˌɛːtəs	0.31
All-in-one-Geräts	ˈɔːlɪnwˈʌnɡərˌɛːts	0.33
Allererstem	ˈalɜˌeːɾstəm	0.33
Allopoiese	alopɔɪˈeːzə	0.33
Allrounder	ɔːlrˈaʊndɜ	0.38
Allroundern	ɔːlrˈaʊndɜn	0.33
Allrounders	ɔːlrˈaʊndɜs	0.33
Alltagserlebnis	ˈaltaːksɛɾlˌeːpnɪs	0.36
Alltagserlebnisse	ˈaltaːksɛɾlˌeːpnɪsə	0.33
Alltagserlebnissen	ˈaltaːksɛɾlˌeːpnɪsən	0.31
Alltagserlebnisses	ˈaltaːksɛɾlˌeːpnɪsəs	0.31
Almerichs	ˈalmərɪçs	0.38
Alpena	ɛlpˈiːnə	0.5
Alpenas	ɛlpˈiːnəs	0.43
Alphorn	ˈalphˌɔɾn	0.29
Alpinski	alpˈiːnʃˌiː	0.38
Alpinskier	alpˈiːnʃˌiːɜ	0.33
Alpinskiern	alpˈiːnʃˌiːɜn	0.3
Alpinskis	alpˈiːnʃˌiːs	0.44
Altair	altˈaːɪɾ	0.33
Altairs	altˈaːɪɾs	0.29
Alternativhypothese	altɜnatˈiːfhypotˌeːzə	0.29
Altersangabe	ˈaltɜsˌanɡaːbə	0.27
Althochdeutsch	ˈalthoːxdˌɔɪtʃ	0.27
Alton	ˈɔːltən	0.4
Altons	ˈɔːltəns	0.33
Altoona	ɛltˈuːna	0.33
Altoonas	ɛltˈuːna	0.43
Alëuten	aleˈuːtən	0.29
Amadeus	amadˈeːʊs	0.29
Amadeus’	amadˈeːʊs	0.29
Amateurcellist	amatˈøːɾtʃɛlˌɪst	0.31
Amateurcellisten	amatˈøːɾtʃɛlˌɪstən	0.27
Amateurteam	amatˈøːɾtˌiːm	0.27
Ambriz	ɜmbrˈiʃ	0.43
Ambriz’	ɜmbrˈiʃ	0.43
Amendement	amɑ̃dmɑ̃ː	0.6
Amendements	amɑ̃dmɑ̃ːs	0.55
American Dream	əmˈɛrɪkən drˈiːm	0.46
American Dreams	əmˈɛrɪkən drˈiːms	0.43
American Football	ɛmˈɛrɪkən fˈʊtboːl	0.43
American Footballs	ɛmˈɛrɪkən fˈʊtboːls	0.4
American Quarter Horse	əmˈɛrɪkən kwˈɔːtəhˌɔːs	0.58
American Quarter Horses	əmˈɛrɪkən kwˈɔːtəhˌɔːsɪz	0.6
American Way of Life	əmˈɛɹɪkən wˈeɪ əv lˈaɪf	0.65
Amiens	amjˈɛ̃	0.71
Amiens’	amjɛ̃	0.71
Amnion	ˈamniɔn	0.33
Amnions	ˈamniɔns	0.29
Amniot	amniˈoːt	0.29
Amniozentese	ˌamniotsɛntˈeːzə	0.36
Amoibaion	amɔɪbˈaɪɔn	0.33
Amoibaions	amɔɪbˈaɪɔns	0.3
Ampere	ampˈeːɾ	0.4
Amperes	ampˈeːɾs	0.33
Amphioxus	amfˈiɔksʊs	0.3
Amphiprostylen	ˌamfiprostˈyːlən	0.36
Ampère	ɑ̃pˈɛːɾ	0.6
Amtm.	ˈamtmˌan	0.33
AmtsG	ˈamtsɡərˌɪçt	0.5
Amtsdiener	ˈamtsdˌiːnɜ	0.3
Amuse-Bouche	amyːzbˈuːʃ	0.56
Amuse-Bouches	amyːzbˈuːʃs	0.5
Amuse-Gueule	amyːzɡˈœl	0.64
Amuse-Gueules	amyːzɡˈœls	0.58
Amusegueule	amyːzɡˈœl	0.55
Amusegueules	amyːzɡˈœls	0.5
Amylacetat	amˈyːlatsətˌaːt	0.27
Amüsement	amyzəmˈɑ̃ː	0.44
Amüsements	amyzəmˈɑ̃ːs	0.4
Analogradio	analˈoːkrˌaːdio	0.33
Analogradios	analˈoːkrˌaːdios	0.31
Analysts	ˈɛnəlɪsts	0.38
Anawrahta	ənˈɔːɹəta	0.62
Anawrahtas	ənˈɔːɹətas	0.56
Anchorman	ˈɛŋkɜmˌɛn	0.5
Anchormans	ˈɛŋkɜmˌɛns	0.44
Anchormen	ˈɛŋkɜmˌen	0.5
Anchorwoman	ˈɛŋkɜwˌʊmən	0.6
Anchorwomen	ˈɛŋkɜwˌɪmɪn	0.6
Ancien Régime	ɑ̃sˌiɛ̃ː reʒˈiːm	0.45
Anencephalien	anɛntsefalˈiːən	0.31
Angel	ˈaŋəl	0.6
Angel Dust	ˈɛɪndʒəldˌast	0.55
Angela	ˈaŋɡela	0.33
Angelas	ˈaŋɡelas	0.29
Angelbachtal	ˈaŋəlbaxtˌaːl	0.27
Angeldänisch	ˈaŋəldˌɛːnɪʃ	0.3
Angeldänische	ˈaŋəldˌɛːnɪʃə	0.27
Angeldänischs	ˈaŋəldˌɛːnɪʃs	0.27
Angele	ˈaŋələ	0.5
Angeles	ˈaŋələs	0.43
Angelfischerei	ˈaŋəlfɪʃərˌaɪ	0.33
Angelgerät	ˈaŋəlɡərˌɛːt	0.33
Angelgeräte	ˈaŋəlɡərˌɛːtə	0.3
Angelgeräten	ˈaŋəlɡərˌɛːtən	0.27
Angelgerätes	ˈaŋəlɡərˌɛːtəs	0.27
Angelgeräts	ˈaŋəlɡərˌɛːts	0.3
Angelgeschäft	ˈaŋəlɡəʃˌɛft	0.36
Angelgeschäfte	ˈaŋəlɡəʃˌɛftə	0.33
Angelgeschäften	ˈaŋəlɡəʃˌɛftən	0.31
Angelgeschäftes	ˈaŋəlɡəʃˌɛftəs	0.31
Angelgeschäfts	ˈaŋəlɡəʃˌɛfts	0.33
Angelhaken	ˈaŋəlhˌaːkən	0.3
Angelhakens	ˈaŋəlhˌaːkəns	0.27
Angelleine	ˈaŋəllˌaɪnə	0.33
Angelleinen	ˈaŋəllˌaɪnən	0.3
Angeln	ˈaŋəln	0.5
Angelns	ˈaŋəlns	0.43
Angelpunkt	ˈaŋəlpˌʊŋkt	0.3
Angelpunkte	ˈaŋəlpˌʊŋktə	0.27
Angelpunkts	ˈaŋəlpˌʊŋkts	0.27
Angelrevier	ˈaŋəlrevˌiːɾ	0.3
Angelreviere	ˈaŋəlrevˌiːrə	0.27
Angelreviers	ˈaŋəlrevˌiːɾs	0.27
Angelrute	ˈaŋəlrˌuːtə	0.33
Angelruten	ˈaŋəlrˌuːtən	0.3
Angels	ˈaŋəls	0.5
Angelsachse	ˈaŋəlzˌaksə	0.3
Angelsachsen	ˈaŋəlzˌaksən	0.27
Angelsaison	ˈaŋəlzɛzˌɔ̃ː	0.64
Angelsberg	ˈaŋəlsbˌɛɾk	0.3
Angelsbergs	ˈaŋəlsbˌɛɾks	0.27
Angelschein	ˈaŋəlʃˌaɪn	0.33
Angelscheine	ˈaŋəlʃˌaɪnə	0.3
Angelscheinen	ˈaŋəlʃˌaɪnən	0.27
Angelscheines	ˈaŋəlʃˌaɪnəs	0.27
Angelscheins	ˈaŋəlʃˌaɪns	0.3
Angelschnur	ˈaŋəlʃnˌuːɾ	0.33
Angelschnüre	ˈaŋəlʃnˌyːrə	0.3
Angelschnüren	ˈaŋəlʃnˌyːrən	0.27
Angelsport	ˈaŋəlʃpˌɔɾt	0.4
Angelsporte	ˈaŋəlʃpˌɔɾtə	0.36
Angelsportes	ˈaŋəlʃpˌɔɾtəs	0.33
Angelsports	ˈaŋəlʃpˌɔɾts	0.36
Angelstock	ˈaŋəlʃtˌɔk	0.44
Angelstocke	ˈaŋəlʃtˌɔkə	0.4
Angelstockes	ˈaŋəlʃtˌɔkəs	0.36
Angelstocks	ˈaŋəlʃtˌɔks	0.4
Angelstöcke	ˈaŋəlʃtˌœkə	0.3
Angelstöcken	ˈaŋəlʃtˌœkən	0.27
Angelsächsin	ˈaŋəlzˌɛksɪn	0.36
Angelsächsisch	ˈaŋəlzˌɛksɪʃ	0.27
Angeltour	ˈaŋəltˌuːɾ	0.38
Angeltouren	ˈaŋəltˌuːrən	0.3
Angelurlaub	ˈaŋəlˌuːɾlaʊp	0.27
Angelus	ˈaŋɡelʊs	0.29
Angelzubehör	ˈaŋəltsˌuːbəhøːɾ	0.42
Angelzubehöres	ˈaŋəltsˌuːbəhøːrəs	0.36
Angelzubehörs	ˈaŋəltsˌuːbəhøːɾs	0.38
Angerdorf	ˈaŋɜdˌɔɾf	0.33
Angerdorfe	ˈaŋɜdˌɔɾfə	0.3
Angerdorfes	ˈaŋɜdˌɔɾfəs	0.27
Angerdorfs	ˈaŋɜdˌɔɾfs	0.3
Angerdörfer	ˈaŋɜdˌœɾfɜ	0.3
Angerdörfern	ˈaŋɜdˌœɾfɜn	0.27
Angermünde	aŋɜmˈʏndə	0.3
Angermünder	aŋɜmˈʏndɜ	0.3
Angermündern	aŋɜmˈʏndɜn	0.27
Angermünders	aŋɜmˈʏndɜs	0.27
Angermündes	aŋɜmˈʏndəs	0.27
Angern	ˈaŋɜn	0.5
Angers	ˈaŋɜs	0.5
Angest.	ˈanɡəʃtˌɛltə	0.7
Angiografie	aŋɡioɡrafˈiː	0.27
Angiografien	aŋɡioɡrafˈiːən	0.36
Angiogramm	aŋɡioɡrˈam	0.3
Angiogramme	aŋɡioɡrˈamə	0.27
Angiogramms	aŋɡioɡrˈams	0.27
Angiographie	aŋɡioɡrafˈiː	0.27
Angiokardiografie	aŋɡiokaɾdioɡrafˈiː	0.28
Angiokardiografien	aŋɡiokaɾdioɡrafˈiːən	0.33
Angiokardiographie	aŋɡiokaɾdioɡrafˈiː	0.28
Angiologe	aŋɡiolˈoːɡə	0.3
Angiologen	aŋɡiolˈoːɡən	0.27
Angiologie	aŋɡioloɡˈiː	0.3
Angiologin	aŋɡiolˈoːɡɪn	0.27
Angiom	aŋɡˈioːm	0.43
Angiome	aŋɡˈioːmə	0.38
Angiomen	aŋɡˈioːmən	0.33
Angioms	aŋɡˈioːms	0.38
Angiopathie	aŋɡiopatˈiː	0.3
Angiopathien	aŋɡiopatˈiːən	0.38
Angiospasmen	aŋɡioʃpˈasmən	0.31
Angiospasmus	aŋɡioʃpˈasmʊs	0.31
Angiosperme	aŋɡiospˈɛɾmə	0.36
Angiospermen	aŋɡiospˈɛɾmən	0.33
Angiospermien	aŋɡioʃpˈɛɾmiən	0.38
Angiospermium	aŋɡioʃpˈɛɾmiʊm	0.38
Angiospermiums	aŋɡioʃpˈɛɾmiʊms	0.36
Anglerfisch	ˈaŋlɜfˌɪʃ	0.33
Anglerfische	ˈaŋlɜfˌɪʃə	0.3
Anglerfischen	ˈaŋlɜfˌɪʃən	0.27
Anglerfisches	ˈaŋlɜfˌɪʃəs	0.27
Anglerfischs	ˈaŋlɜfˌɪʃs	0.3
Anglerin	ˈaŋlərɪn	0.38
Anglerinnen	ˈaŋlərɪnən	0.3
Anglern	ˈaŋlɜn	0.43
Anglers	ˈaŋlɜs	0.43
Anglerstiefel	ˈaŋlɜʃtˌiːfəl	0.33
Anglerstiefeln	ˈaŋlɜʃtˌiːfəln	0.31
Anglerstiefels	ˈaŋlɜʃtˌiːfəls	0.31
Anglesey	ˈɛŋɡəlsi	0.88
Angstern	ˈaŋɡstɜn	0.38
Angsters	ˈaŋɡstɜs	0.38
Angstgebrüll	ˈaŋstɡəbrˌʏl	0.27
Angstgefühl	ˈaŋstɡəfˌyːl	0.3
Angstgefühle	ˈaŋstɡəfˌyːlə	0.27
Angstgefühls	ˈaŋstɡəfˌyːls	0.27
Angstgeruch	ˈaŋstɡərˌʊx	0.3
Angstgeruche	ˈaŋstɡərˌʊxə	0.27
Angstgeruchs	ˈaŋstɡərˌʊxs	0.27
Angsthase	ˈaŋsthˌaːzə	0.38
Angsthasen	ˈaŋsthˌaːzən	0.33
Angsthäsin	ˈaŋsthˌɛːzɪn	0.44
Angsthäsinnen	ˈaŋsthˌɛːzɪnən	0.27
Angstregression	ˈaŋstreɡrɛsˌioːn	0.29
Angsttraum	ˈaŋsttrˌaʊm	0.33
Angsttraume	ˈaŋsttrˌaʊmə	0.3
Angsttraumes	ˈaŋsttrˌaʊməs	0.27
Angsttraums	ˈaŋsttrˌaʊms	0.3
Angstträume	ˈaŋsttrˌɔɪmə	0.4
Angstträumen	ˈaŋsttrˌɔɪmən	0.36
Angstzuschlag	ˈaŋsttsuʃlˌaːk	0.36
Angstzuschlages	ˈaŋsttsuʃlˌaːɡəs	0.31
Angstzuschlags	ˈaŋsttsuʃlˌaːks	0.33
Angstzuschläge	ˈaŋsttsuʃlˌɛːɡə	0.33
Angstzuschlägen	ˈaŋsttsuʃlˌɛːɡən	0.31
Angstzustand	ˈaŋsttsuʃtˌant	0.42
Angstzustande	ˈaŋsttsuʃtˌandə	0.38
Angstzustandes	ˈaŋsttsuʃtˌandəs	0.36
Angstzustands	ˈaŋsttsuʃtˌants	0.38
Angstzustände	ˈaŋsttsuʃtˌɛndə	0.31
Angstzuständen	ˈaŋsttsuʃtˌɛndən	0.29
Anguilla	aŋɡvˈɪla	0.29
Anh.	ˈanhaŋ	0.4
Anhui	anxuei	0.33
Anhuis	anxueis	0.43
Anion	ˈanioːn	0.33
Anions	ˈanioːns	0.29
Anischampignon	anˈiːsʃˌɑ̃pɪnjɔŋ	0.46
Anischampignons	anˈiːsʃˌɑ̃pɪnjɔŋs	0.43
Anisschnäpse	anˈiːsʃnˌɛpsə	0.27
Ankern	ˈaŋkɜn	0.33
Ankers	ˈaŋkɜs	0.33
Ankerspill	ˈaŋkɜʃpˌɪl	0.33
Ankerspille	ˈaŋkɜʃpˌɪlə	0.3
Ankerspillen	ˈaŋkɜʃpˌɪlən	0.27
Ankerspilles	ˈaŋkɜʃpˌɪləs	0.27
Ankerspills	ˈaŋkɜʃpˌɪls	0.3
Ankersplint	ˈaŋkɜʃplˌɪnt	0.27
Ankl.	ˈanklˌaːɡə	0.57
Anklagejury	ˈanklaːɡəʒyriː	0.27
Anklagejurys	ˈanklaːɡəʒyriːs	0.33
Anleihenfonds	ˈanlaɪənfˌɔ̃ː	0.31
Anm.	ˈanmˌɛldʊŋ	0.62
Anniston	ˈɛnɪstən	0.29
Annonce	anˈɔ̃ːsə	0.33
Annoncen	anˈɔ̃ːsən	0.29
Antennendolchs	antˈɛnəndˌɔlçs	0.31
Anti-Aging	ˌantiˈɛɪdʃɪŋ	0.4
Anti-Agings	ˌantiˈɛɪdʃɪŋs	0.36
Antiaging	ˌantiˈɛɪdʃɪŋ	0.4
Antiagings	ˌantiˈɛɪdʃɪŋs	0.36
Antibabypille	antibˈeːbipˌɪlə	0.33
Antibiont	ˌantibˈiɔnt	0.3
Apache	apˈatʃə	0.33
Apachen	apˈatʃən	0.29
Apachin	apˈatʃɪn	0.29
Apeiron	ˈapɛɪrɔn	0.29
Apennin	apɛnˈiːn	0.33
Apennins	apɛnˈiːns	0.29
Apertognathien	apɛɾtoɡnatˈiːən	0.31
Aperçu	apɛɾsˈyː	0.33
Aperçus	apɛɾsˈyːs	0.29
Aphele	aphˈeːlə	0.5
Aphelen	aphˈeːlən	0.43
Aphelien	aphˈeːliən	0.62
Aphelium	aphˈeːliʊm	0.38
Apheliums	aphˈeːliʊms	0.33
Aphels	aphˈeːls	0.5
Aphärese	afɛrˈeːzə	0.29
Aplomb	aplˈɔ̃ː	0.33
Aplombs	aplˈɔ̃ːs	0.29
Aposiopese	apoziopˈeːzə	0.36
Apostelleuchter	apˈɔstəllˌɔɪçtɜ	0.29
Apostelleuchtern	apˈɔstəllˌɔɪçtɜn	0.27
Apostelleuchters	apˈɔstəllˌɔɪçtɜs	0.27
Apostr.	apostrˈoːf	0.38
Appaloosa	ɛpəlˈuːsa	0.57
Appaloosas	ɛpəlˈuːsas	0.5
Appartement	apaɾtmˈɑ̃ː	0.4
Appartements	apaɾtəmˈɑ̃ːs	0.36
Appeals	əpˈiːls	0.4
Appeasement-Politik	əpˈiːsməntpolitˌiːk	0.35
Appetizer	ɛpətˈaɪzɜ	0.62
Appetizern	ɛpətˈaɪzɜn	0.56
Appetizers	ɛpətˈaɪzɜs	0.56
Appleton	ˈɛpltən	0.43
Appletons	ˈɛpltəns	0.38
Approche	aprˈɔʃ	0.33
Apps	ɛps	0.33
April, April!	aprˈɪl aprˌɪl	0.33
Après-Ski	aprɛʃˈiː	0.29
Arachidonsäure	araçidˈoːnzˌɔɪrə	0.29
Aragon	araɡˈɔ̃	0.33
Aragons	araɡˈɔ̃s	0.29
Araliengewächs	arˈaːliənɡəvˌɛks	0.31
Araliengewächse	arˈaːliənɡəvˌɛksə	0.29
Araliengewächsen	arˈaːliənɡəvˌɛksən	0.27
Araliengewächses	arˈaːliənɡəvˌɛksəs	0.27
ArbG	ˈaɾbaɪtsɡərˌɪçt	0.77
Arbuse	aɾbˈuːzə	0.33
Arbusen	aɾbˈuːzən	0.29
Arbëresh	arbˈəreʃ	0.29
Archivgebäude	aɾçˈiːfɡəbˌɔɪdə	0.31
Archivgebäuden	aɾçˈiːfɡəbˌɔɪdən	0.29
Archivgebäudes	aɾçˈiːfɡəbˌɔɪdəs	0.29
Archivräume	aɾçˈiːfrˌɔɪmə	0.27
Ardez	ɜrdˈɛts	0.33
Ardez’	ɜrdˈɛts	0.33
Ardèche	aɾdˈɛʃ	0.43
Areligiosität	ˈareliɡioːzitˌɛːt	0.29
Arendsee	ˈaːrɛntzeː	0.29
Arezzo	arˈettso	0.29
Argots	aɾɡˈoː	0.33
Arie	ˈaːriə	0.4
Armeeangehörige	aɾmˈeːanɡəhˌøːrɪɡə	0.29
Armeeangehörigem	aɾmˈeːanɡəhˌøːrɪɡəm	0.27
Armeeangehörigen	aɾmˈeːanɡəhˌøːrɪɡən	0.27
Armeeangehöriger	aɾmˈeːanɡəhˌøːrɪɡɜ	0.29
Armeejeep	aɾmˈeːdʒˌiːp	0.38
Armeejeeps	aɾmˈeːdʒˌiːps	0.33
Armeekorps	aɾmˈeːkˌoːɾ	0.33
Armidale	ˈɑːmɪdˌeɪl	0.62
Armidales	ˈɑːmɪdˌeɪls	0.56
Armprothese	ˈaɾmprotˌeːzə	0.3
Arpeggio	aɾpˈɛdʒo	0.38
Arpeggione	aɾpɛdʒˈoːnə	0.3
Arpeggionen	aɾpɛdʒˈoːnən	0.27
Arpeggiones	aɾpɛdʒˈoːnəs	0.27
Arpeggios	aɾpˈɛdʒos	0.33
Arrangement	arɑ̃ʒəmˈɑ̃ː	0.67
Arrangements	arɑ̃ʒəmˈɑ̃ːs	0.6
Arrangeur	arɑ̃ʒˈøːɾ	0.29
Arrays	ərˈɛɪs	0.4
Arrokoth	ˈɛrəkɒθ	0.5
Arrokoths	ˈɛrəkɒθs	0.43
Arrondissement	arõdɪsmˈɑ̃ː	0.5
Arrondissements	arõdɪsəmˈɑ̃ːs	0.46
Arsengehalt	aɾzˈeːnɡəhˌalt	0.27
Arthousekino	ˈaːɾthaʊskˌiːno	0.36
Arthousekinos	ˈaːɾthaʊskˌiːnos	0.33
Ascension	əsˈɛnʃən	0.56
Ascensions	əsˈɛnʃəns	0.5
Aschehäufchen	ˈaʃəhˌɔɪfçən	0.27
Aschenkreuz	ˈaʃənkrˌɔɪts	0.3
Aschenkreuze	ˈaʃənkrˌɔɪtsə	0.27
Aschespur	ˈaʃəʃpˌuːɾ	0.29
Aschughen	aʃˈuːɡən	0.43
Asci	ˈastsi	0.4
Ascomycet	askomytsˈeːt	0.3
Ascot	ˈɛskət	0.4
Ascots	ˈɛskəts	0.33
Aseität	azeitˈɛːt	0.29
Aserbeidschan	ˌazɛɾbaɪdʒˈaːn	0.27
Asheville	ˈɛʃvɪl	0.62
Ashevilles	ˈɛʃvɪls	0.56
Ashland	ˈɛʃlɛnt	0.33
Ashlands	ˈɛʃlɛnts	0.29
Ashton	ˈɛʃtən	0.4
Ashtons	ˈɛʃtəns	0.33
Asiat	azˈiaːt	0.33
Asiate	azˈiaːtə	0.29
Asien	ˈaːziən	0.33
Asienkrise	ˈaːziənkrˌiːzə	0.4
Asiens	ˈaːziəns	0.29
Askese	askˈeːzə	0.33
Assemblage	asɑ̃blˈaːʒə	0.33
Assemblagen	asɑ̃blˈaːʒən	0.3
Assemblee	asɑ̃blˈeː	0.29
Aston Martin	ˌɛstənmˈaɾtən	0.27
Asunción	asʊnsˈiɔn	0.5
Asuncións	asʊnsˈiɔns	0.44
Aszese	astsˈeːzə	0.29
Atair	atˈaːɪɾ	0.4
Atairs	atˈaːɪɾs	0.33
Atemgeräusch	ˈaːtəmɡərˌɔɪʃ	0.3
Atemgeräusche	ˈaːtəmɡərˌɔɪʃə	0.27
Atemgeräuschen	ˈaːtəmɡərˌɔɪʃən	0.43
Atemgeräuschs	ˈaːtəmɡərˌɔɪʃs	0.27
Atemknien	ˈaːtəmknˌiːən	0.3
Atemwegserkrankung	ˈaːtəmveːksɛɾkrˌaŋkʊŋ	0.35
Atemwegserkrankungen	ˈaːtəmveːksɛɾkrˌaŋkʊŋən	0.32
Atemwegsinfekt	ˈaːtəmveːksɪnfˌɛkt	0.29
Atemwegsinfekte	ˈaːtəmveːksɪnfˌɛktə	0.27
Atemwegsinfektion	ˈaːtəmveːksɪnfɛktsˌioːn	0.28
Atemwegsinfekts	ˈaːtəmveːksɪnfˌɛkts	0.27
Atemwegsschleimhäute	ˈaːtəmveːksʃlˌaɪmhɔɪtə	0.26
Athanasios	atanˈaːziɔs	0.3
Athanasiosse	atanˈaːziɔsə	0.27
Athanasios’	atanˈaːziɔs	0.3
Athenäums	atenˈɛːʊms	0.38
Athetese	atetˈeːzə	0.29
Attachement	ataʃmˈɑ̃ː	0.56
Attachements	ataʃmˈɑ̃ːs	0.5
Attachment	ətˈɛtʃmənt	0.56
Attachments	ətˈɛtʃmənts	0.5
Attachmentverlust	ətˈɛtʃməntfɛɾlˌʊst	0.38
Attachmentverluste	ətˈɛtʃməntfɛɾlˌʊstə	0.35
Attachmentverlusten	ətˈɛtʃməntfɛɾlˌʊstən	0.33
Attachmentverlustes	ətˈɛtʃməntfɛɾlˌʊstəs	0.33
Attachmentverlusts	ətˈɛtʃməntfɛɾlˌʊsts	0.35
Attachéen	ataʃˈeːən	0.29
Attichs	ˈatɪçs	0.33
Attitude	atitˈyːd	0.29
Attractant	ətrˈɛktənt	0.33
Attractants	ətrˈɛktənts	0.3
Au-pair	opˈɛːɾ	0.8
Au-pair-Junge	opˈɛːɾjˌʊŋə	0.44
Au-pair-Jungen	opˈɛːɾjˌʊŋən	0.4
Au-pair-Mädchen	opˈɛːɾmˌɛːtçən	0.42
Au-pair-Mädchens	opˈɛːɾmˌɛːtçəns	0.31
Au-pairs	opˈɛːɾs	0.83
Aubade	obˈaːt	0.67
Aubaden	obˈaːdən	0.29
Auberginen	ˌobɛɾʒˈiːnən	0.44
Aubrietie	aʊbriˈeːtsiə	0.3
Auckland	ˈɔːklənd	0.57
Aucklands	ˈɔːklənds	0.5
Audio	ˈaʊdio	0.33
Audio-Designern	ˈaʊdiodizˌaɪnɜn	0.36
Audio-Designers	ˈaʊdiodizˌaɪnɜs	0.36
Audiofile	ˈaʊdiofˌaɪl	0.5
Audiofiles	ˈaʊdiofˌaɪls	0.45
Audioguide	ˈaʊdioɡˌaɪt	0.7
Audioguides	ˈaʊdioɡˌaɪts	0.73
Audios	ˈaʊdios	0.29
Audiostreaming	ˈaʊdiostrˌiːmɪŋ	0.29
Audiostreamings	ˈaʊdiostrˌiːmɪŋs	0.27
Auerochse	ˈaʊɜˌɔksə	0.29
Aufnahmestudio	ˈaʊfnaːməʃtˌuːdio	0.29
Aufnahmestudios	ˈaʊfnaːməʃtˌuːdios	0.27
Aufstiegschance	ˈaʊfʃtiːksʃˌɑ̃ːs	0.58
Auftragseingang	ˈaʊftraːksˌaɪnɡaŋ	0.29
Auftragseingange	ˈaʊftraːksˌaɪnɡaŋə	0.27
Auftragseingangs	ˈaʊftraːksˌaɪnɡaŋs	0.27
Auftragseingänge	ˈaʊftraːksˌaɪnɡɛŋə	0.27
Augen-Make-up	ˈaʊɡənmˌɛɪkap	0.36
Augen-Make-ups	ˈaʊɡənmˌɛɪkaps	0.33
Augenstern	ˈaʊɡənʃtˌɛɾn	0.3
Augensterns	ˈaʊɡənʃtˌɛɾns	0.27
Auloi	ˈaʊlɔɪ	0.4
Aurichs	ˈaʊrɪçs	0.29
Aurignacien	orɪnjasˈiɛ̃ː	0.67
Aurillac	ɔrijˈak	0.57
Aurillacs	ɔrijˈaks	0.5
Auschwitz	ˈaʊʃvɪts	0.33
Auschwitz’	ˈaʊʃvɪts	0.33
Aushilfsjobs	ˈaʊshɪlfsdʒˌɔps	0.46
Auslegeware	ˈaʊsleːɡəvˌaːrə	0.73
Auslegware	ˈaʊsleːkvˌaːrə	0.7
Ausst.	ˈaʊsʃtˌatʊŋ	0.56
Austerngabel	ˈaʊstɜnɡˌaːbəl	0.27
Australian Football	ɔstrˈeɪliən fˈʊtboːl	0.44
Australian Footballs	ɔstrˈeɪliən fˈʊtboːls	0.41
Auswuchs	ˈaʊsvˌuːks	0.29
Auswuchses	ˈaʊsvˌuːksəs	0.33
Autoerotik	aʊtoerˈoːtɪk	0.3
Autofreak	ˈaʊtofrˌiːk	0.33
Autofreaks	ˈaʊtofrˌiːks	0.3
Autogeräuschen	ˈaʊtoɡərˌɔɪʃən	0.36
Automechs	ˈaʊtomˌeçs	0.33
Autopoiese	aʊtopɔɪˈeːzə	0.4
Autopoiesen	aʊtopɔɪˈeːzən	0.36
Autopoiesis	aʊtopˈɔɪezɪs	0.36
Autoposer	ˈaʊtopˌɔʊzɜ	0.33
Autoposerin	ˈaʊtopˌɔʊzərɪn	0.27
Autoposerinnen	ˈaʊtopˌɔʊzərɪnən	0.31
Autoposern	ˈaʊtopˌɔʊzɜn	0.3
Autoposers	ˈaʊtopˌɔʊzɜs	0.3
Autoput	ˈaʊtopˌʊt	0.29
Autorenteam	aʊtˈoːrəntˌiːm	0.27
Autoreverse	ˈaʊtorivˌœːɾs	0.27
Autospenglerei	ˈaʊtoʃpɛŋlərˌaɪ	0.36
Autospenglereien	ˈaʊtoʃpɛŋlərˌaɪən	0.31
Autospenglerin	ˈaʊtoʃpˌɛŋlərɪn	0.31
Autospenglerinnen	ˈaʊtoʃpˌɛŋlərɪnən	0.31
Autospenglern	ˈaʊtoʃpˌɛŋlɜn	0.33
Autospenglers	ˈaʊtoʃpˌɛŋlɜs	0.33
Autostrichs	ˈaʊtoʃtrˌɪçs	0.27
Auvergne	ovˈɛɾnjə	0.71
Auw an der Kyll	ˈaʊ an deːɾ kˈɪl	0.27
Auxerre	osˈɛːɾ	0.57
Auxerres	osɛːɾs	0.5
Außennest	ˈaʊsənnˌɛst	0.33
Außennests	ˈaʊsənnˌɛsts	0.3
Außenski	ˈaʊsənʃˌiː	0.38
Außenskis	ˈaʊsənʃˌiːs	0.33
Avance	avˈɑ̃ːs	0.4
Avancen	avˈɑ̃ːsən	0.29
Avant-Fosse	avɑ̃fˈɔs	0.33
Aventin	avɛntˈiːn	0.29
Aventiure	avɛntˈyːrə	0.33
Aventiuren	avɛntˈyːrən	0.3
Aventurier	avɑ̃tyrˈieː	0.44
Aventuriers	avɑ̃tyrˈieːs	0.4
Avenuen	avənˈyːn	0.29
Average	ˈɛvəɹɪdʒ	0.86
Averages	ˈɛvəɹɪdʒs	0.75
Avertissement	avɛɾtɪsəmˈɑ̃ː	0.33
Avertissements	avɛɾtɪsəmˈɑ̃ːs	0.31
Avignon	avinjˈɔ̃	0.71
Avignons	avinjˈɔ̃s	0.62
Avis	avˈiː	0.5
Avise	avˈiːzə	0.4
Avisen	avˈiːzən	0.33
Avises	avˈiːzəs	0.33
Avoirdupois	avoaɾdypˈoa	0.36
Award	əwˈɔːd	1.0
Awards	əwˈɔːds	0.83
Aware	avˈaːrə	0.8
Axiom	aksˈioːm	0.29
Axiomatik	aksiomˈaːtɪk	0.27
Ayacucho	ajakˈutʃo	0.5
Ayacuchos	ajakˈutʃos	0.44
Aye-Aye	aɪˈaɪ	0.33
Aye-Ayes	aɪaɪs	0.29
Ayers Rock	ˈɛːɜs rˈɔk	0.29
Azilien	azilˈiɛ̃ː	0.67
Aziliens	azilˈiɛ̃ːs	0.6
Azotorrhoe	atsotɔrˈøː	0.3
Azulejo	atsulˈɛxɔ	0.38
Azulejos	atsulˈɛxɔs	0.33
B-52	biːfɪftitˈuː	0.79
BAMF	beːaːɛmˈɛf	0.43
BAMFs	beːaːɛmˈɛfs	0.38
BASIC	bˈɛɪsɪk	0.67
BASICs	bˈɛɪsɪks	0.57
BAföG	bˈaːfœk	0.57
BAföGs	bˈaːfœks	0.56
BIOS	bˈaɪɔs	0.6
BIPs	beːiːpˈeːs	0.33
BWLer	beːveːˈɛlɜ	0.29
Babsi	bˈapsi	0.4
Babsis	bˈapsis	0.5
Babyarsch	bˈeːbiˌaɾʃ	0.43
Babyarsches	bˈeːbiˌaɾʃəs	0.56
Babyarschs	bˈeːbiˌaɾʃs	0.5
Babybauch	bˈeːbibˌaʊx	0.56
Babybauches	bˈeːbibˌaʊxəs	0.64
Babybauchs	bˈeːbibˌaʊxs	0.6
Babybettchen	bˈeːbibˌɛtçən	0.5
Babybettchens	bˈeːbibˌɛtçəns	0.54
Babybild	bˈeːbibˌɪlt	0.33
Babybilder	bˈeːbibˌɪldɜ	0.3
Babybildern	bˈeːbibˌɪldɜn	0.27
Babybildes	bˈeːbibˌɪldəs	0.27
Babybilds	bˈeːbibˌɪlts	0.4
Babyblues	bˈeːbiblˌuːs	0.33
Babyboomer	bˈeːbibˌuːmɜ	0.33
Babyboomerin	bˈeːbibˌuːmərɪn	0.33
Babyboomerinnen	bˈeːbibˌuːmərɪnən	0.29
Babyboomern	bˈeːbibˌuːmɜn	0.3
Babyboomers	bˈeːbibˌuːmɜs	0.4
Babybrei	bˈeːbibrˌaɪ	0.44
Babybreie	bˈeːbibrˌaɪə	0.56
Babybreien	bˈeːbibrˌaɪən	0.36
Babybreies	bˈeːbibrˌaɪəs	0.6
Babybreis	bˈeːbibrˌaɪs	0.5
Babybäuche	bˈeːbibˌɔɪçə	0.7
Babybäuchen	bˈeːbibˌɔɪçən	0.5
Babydolls	bˈeːbidˌɔls	0.33
Babyelefant	bˈeːbieləfˌant	0.46
Babyelefanten	bˈeːbieləfˌantən	0.33
Babyficker	bˈeːbifˌɪkɜ	0.33
Babyfickern	bˈeːbifˌɪkɜn	0.3
Babyfickers	bˈeːbifˌɪkɜs	0.4
Babyflasche	bˈeːbiflˌaʃə	0.33
Babyfoto	bˈeːbifˌoːto	0.55
Babyfotos	bˈeːbifˌoːtos	0.58
Babyfuß	bˈeːbifˌuːs	0.38
Babyfußes	bˈeːbifˌuːsəs	0.5
Babyfüße	bˈeːbifˌyːsə	0.5
Babyfüßen	bˈeːbifˌyːsən	0.3
Babygeräusch	bˈeːbiɡərˌɔɪʃ	0.67
Babygeräusche	bˈeːbiɡərˌɔɪʃə	0.75
Babygeräuschen	bˈeːbiɡərˌɔɪʃən	0.57
Babygeräusches	bˈeːbiɡərˌɔɪʃəs	0.71
Babygeräuschs	bˈeːbiɡərˌɔɪʃs	0.69
Babygeschrei	bˈeːbiɡəʃrˌaɪ	0.58
Babygeschreis	bˈeːbiɡəʃrˌaɪs	0.62
Babygesicht	bˈeːbiɡəzˌɪçt	0.67
Babygesichte	bˈeːbiɡəzˌɪçtə	0.69
Babygesichter	bˈeːbiɡəzˌɪçtɜ	0.69
Babygesichtern	bˈeːbiɡəzˌɪçtɜn	0.6
Babygesichtes	bˈeːbiɡəzˌɪçtəs	0.64
Babygesichts	bˈeːbiɡəzˌɪçts	0.62
Babyklappe	bˈeːbiklˌapə	0.33
Babykleidung	bˈeːbiklˌaɪdʊŋ	0.33
Babykleidungen	bˈeːbiklˌaɪdʊŋən	0.44
Babykopfes	bˈeːbikˌɔpfəs	0.3
Babykotze	bˈeːbikˌɔtsə	0.3
Babyköpfe	bˈeːbikˌœpfə	0.44
Babyköpfen	bˈeːbikˌœpfən	0.27
Babyleiche	bˈeːbilˌaɪçə	0.7
Babyleichen	bˈeːbilˌaɪçən	0.55
Babylon	bˈaːbilˌɔn	0.29
Babylonien	babylˈoːniən	0.27
Babyloniens	babylˈoːniəns	0.33
Babylonier	babylˈoːniɜ	0.4
Babylonierin	babylˈoːniərɪn	0.38
Babylonierinnen	babylˈoːniərɪnən	0.33
Babyloniern	babylˈoːniɜn	0.36
Babyloniers	babylˈoːniɜs	0.45
Babylonische	babylˈoːnɪʃə	0.3
Babylonischs	babylˈoːnɪʃs	0.3
Babylons	bˈaːbilˌɔns	0.38
Babymörder	bˈeːbimˌœɾdɜ	0.44
Babymördern	bˈeːbimˌœɾdɜn	0.4
Babymörders	bˈeːbimˌœɾdɜs	0.5
Babynahrung	bˈeːbinˌaːrʊŋ	0.4
Babynahrungen	bˈeːbinˌaːrʊŋən	0.5
Babyname	bˈeːbinˌaːmə	0.44
Babynamen	bˈeːbinˌaːmən	0.45
Babynamens	bˈeːbinˌaːməns	0.5
Babypause	bˈeːbipˌaʊzə	0.56
Babypausen	bˈeːbipˌaʊzən	0.5
Babypuder	bˈeːbipˌuːdɜ	0.4
Babypudern	bˈeːbipˌuːdɜn	0.36
Babypuders	bˈeːbipˌuːdɜs	0.45
Babys	bˈeːbis	0.33
Babysachen	bˈeːbizˌaxən	0.4
Babyscheiße	bˈeːbiʃˌaɪsə	0.44
Babyschildkröte	bˈeːbiʃˌɪltkrøːtə	0.6
Babyschildkröten	bˈeːbiʃˌɪltkrøːtən	0.47
Babyschuh	bˈeːbiʃˌuː	0.43
Babyschuhe	bˈeːbiʃˌuːə	0.38
Babyschuhen	bˈeːbiʃˌuːən	0.3
Babyschuhes	bˈeːbiʃˌuːəs	0.44
Babyschuhs	bˈeːbiʃˌuːs	0.5
Babyschühchen	bˈeːbiʃˌyːçən	0.5
Babyschühchens	bˈeːbiʃˌyːçəns	0.54
Babysitter	bˈɛɪbisˌɪtɜ	0.33
Babysitterin	bˈɛɪbisˌɪtərɪn	0.33
Babysitterinnen	bˈɛɪbisˌɪtərɪnən	0.29
Babysittern	bˈɛɪbisˌɪtɜn	0.3
Babysitters	bˈɛɪbisˌɪtɜs	0.4
Babysitting	bˈeːbizɪtɪŋ	0.3
Babysittings	bˈeːbizɪtɪŋs	0.36
Babyspeck	bˈeːbiʃpˌɛk	0.33
Babyspecks	bˈeːbiʃpˌɛks	0.3
Babyspielzeug	bˈeːbiʃpˌiːltsɔɪk	0.62
Babyspielzeuge	bˈeːbiʃpˌiːltsɔɪɡə	0.64
Babyspielzeugen	bˈeːbiʃpˌiːltsɔɪɡən	0.5
Babyspielzeuges	bˈeːbiʃpˌiːltsɔɪɡəs	0.62
Babyspielzeugs	bˈeːbiʃpˌiːltsɔɪks	0.64
Babysprache	bˈeːbiʃprˌaːxə	0.64
Babysprachen	bˈeːbiʃprˌaːxən	0.42
Babyspucke	bˈeːbiʃpˌʊkə	0.56
Babystrich	bˈeːbiʃtrˌɪç	0.55
Babystriche	bˈeːbiʃtrˌɪçə	0.64
Babystrichen	bˈeːbiʃtrˌɪçən	0.46
Babystriches	bˈeːbiʃtrˌɪçəs	0.62
Babystrichs	bˈeːbiʃtrˌɪçs	0.58
Babytochter	bˈeːbitˌɔxtɜ	0.3
Babytöchter	bˈeːbitˌœçtɜ	0.6
Babytöchtern	bˈeːbitˌœçtɜn	0.5
Babywaage	bˈeːbivˌaːɡə	0.56
Babywaagen	bˈeːbivˌaːɡən	0.45
Babywäsche	bˈeːbivˌɛʃə	0.5
Babywäschen	bˈeːbivˌɛʃən	0.3
Babyärsche	bˈeːbiˌɛɾʃə	0.56
Babyärschen	bˈeːbiˌɛɾʃən	0.36
Babyöl	bˈeːbiˌøːl	0.5
Babyöle	bˈeːbiˌøːlə	0.62
Babyölen	bˈeːbiˌøːlən	0.4
Babyöles	bˈeːbiˌøːləs	0.67
Babyöls	bˈeːbiˌøːls	0.56
Bacchanal	baxanˈaːl	0.33
Bacchanale	baxanˈaːlə	0.3
Bacchanalen	baxanˈaːlən	0.27
Bacchanales	baxanˈaːləs	0.27
Bacchanalien	baxanˈaːliən	0.38
Bacchanals	baxanˈaːls	0.3
Bacchant	baxˈant	0.38
Bacchanten	baxˈantən	0.3
Bacchantin	baxˈantɪn	0.3
Bacchien	baxˈiːən	0.56
Bacchius	baxˈiːʊs	0.38
Bacchus	bˈaxʊs	0.43
Bacchusfeier	bˈaxʊsfˌaɪɜ	0.27
Bacchusfest	bˈaxʊsfˌɛst	0.36
Bacchusfeste	bˈaxʊsfˌɛstə	0.33
Bacchusfesten	bˈaxʊsfˌɛstən	0.31
Bacchusfestes	bˈaxʊsfˌɛstəs	0.31
Bacchusfests	bˈaxʊsfˌɛsts	0.33
Bacchus’	bˈaxʊs	0.43
Bachelor	bˈɛtʃəlɜ	0.57
Bachelor of Arts	bˈɛtʃəlɜ ɔf ˈaːɾts	0.38
Bachelor of Science	bˌɛtʃəlɜ ɔf sˈaɪəns	0.33
Bachelorarbeit	bˈɛtʃəlɜˌaɾbaɪt	0.31
Bachelorarbeiten	bˈɛtʃəlɜˌaɾbaɪtən	0.27
Bachelors	bˈɛtʃəlɜs	0.5
Bachelors of Arts	bˈɛtʃəlɜs ɔf ˈaːɾts	0.36
Bachelors of Science	bˌɛtʃəlɜs ɔf sˈaɪəns	0.31
Bachelorstudent	bˈɛtʃəlɜʃtudˌɛnt	0.36
Bachelorstudenten	bˈɛtʃəlɜʃtudˌɛntən	0.31
Bacile	batʃˈiːlə	0.29
Bacili	batʃˈiːli	0.29
Backbone	bˈɛkbˌoʊn	0.43
Backbones	bˈɛkbˌoʊns	0.38
Backerbsensuppe	bˈakɛɾpsənzˌʊpə	0.31
Backerbsensuppen	bˈakɛɾpsənzˌʊpən	0.29
Backgammon	bɛkɡˈɛmən	0.38
Backgammons	bɛkɡˈɛməns	0.33
Backpacker	bˈɛkpˌɛkɜ	0.29
Backslash	bˈɛkslɛʃ	0.29
Backstage	bˈɛksteːtʃ	0.5
Backstages	bˈɛksteːtʃəs	0.4
Backsteingebäude	bˈakʃtaɪnɡəbˌɔɪdə	0.33
Backsteingebäuden	bˈakʃtaɪnɡəbˌɔɪdən	0.31
Backsteingebäudes	bˈakʃtaɪnɡəbˌɔɪdəs	0.31
Backsteingotik	bˈakʃtaɪnɡˌoːtɪk	0.31
Backup	bˈɛkap	0.4
Backups	bˈɛkaps	0.33
Backware	bˈakvˌaːrə	0.43
Bacon	bˈɛɪkən	0.5
Bacon-Sandwich	bˈɛɪkənsˌɛntvɪtʃ	0.57
Bacon-Sandwiche	bˈɛɪkənsˌɛntvɪtʃə	0.53
Bacon-Sandwichen	bˈɛɪkənsˌɛntvɪtʃən	0.5
Bacon-Sandwiches	bˈɛɪkənsˌɛntvɪtʃəs	0.5
Bacon-Sandwichs	bˈɛɪkənsˌɛntvɪtʃs	0.53
Bacons	bˈɛɪkəns	0.43
Bad Bank	bɛd bˈɛŋk	0.43
Badalona	bəðəlˈonə	0.5
Badebottichs	bˈaːdəbˌɔtɪçs	0.27
Badehäuser	bˈaːdəhˌɔɪzɜ	0.33
Badehäusern	bˈaːdəhˌɔɪzɜn	0.3
Badesaison	bˈaːdəzˌɛzɔ̃ː	0.5
Badetuch	bˈaːdətˌuːx	0.29
Badeunglück	bˈaːdəˌʊnɡlʏk	0.4
Badeunglücke	bˈaːdəˌʊnɡlʏkə	0.36
Badeunglücken	bˈaːdəˌʊnɡlʏkən	0.33
Badeunglückes	bˈaːdəˌʊnɡlʏkəs	0.33
Badeunglücks	bˈaːdəˌʊnɡlʏks	0.36
Badeutensilien	bˈaːdəutɛnzˌiːliən	0.27
Badminton	bˈɛtmɪntən	0.33
Bagdadbeule	bˈakdatbˌɔɪlə	0.27
Bagni	bˈanji	0.4
Bagno	bˈanjo	0.4
Bagnos	bˈanjos	0.33
Bahai	bahaˈiː	0.4
Bahamaer	bahamˈaːɜ	0.29
Bahngeschichte	bˈaːnɡəʃˌɪçtə	0.27
Bahnhofsbuffet	bˈaːnhoːfsbyfˌeː	0.33
Bahnhofsbuffets	bˈaːnhoːfsbyfˌeːs	0.31
Bahnhofskiosk	bˈaːnhoːfskˌiːɔsk	0.31
Bahnhofskioske	bˈaːnhoːfskˌiːɔskə	0.29
Bahnhofskiosken	bˈaːnhoːfskˌiːɔskən	0.27
Bahnhofskioskes	bˈaːnhoːfskˌiːɔskəs	0.27
Bahnhofskiosks	bˈaːnhoːfskˌiːɔsks	0.29
Bahnhofsrestaurant	bˈaːnhoːfsrɛstorˌɑ̃ː	0.29
Bahnhofsrestaurants	bˈaːnhoːfsrɛstorˌɑ̃ːs	0.28
Bahningenieur	bˈaːnɪnʒenˌiøːɾ	0.27
Bahuvrihi	bahuvrˈiːhi	0.33
Bahuvrihis	bahuvrˈiːhis	0.4
Bahuvrīhi	bahuvrˈiːhi	0.33
Bahuvrīhis	bahuvrˈiːhis	0.4
Bailli	bajˈi	0.4
Baillis	bajˈis	0.5
Bain-Marie	bɛ̃marˈiː	0.38
Bain-Maries	bɛ̃marˈiːs	0.33
Bains-Marie	bɛ̃marˈiː	0.44
Baiocchi	baiˈɔkki	0.38
Baiocco	baiˈɔkko	0.29
Baiser	bɛzˈeː	0.6
Baisers	bɛzˈeːs	0.5
Baisse	bɛːs	0.6
Baissen	bˈɛːsən	0.33
Baissier	bɛsˈieː	0.5
Baissiers	bɛsˈieːs	0.43
Bajuware	bajuvˈaːrə	0.62
Bakteriengeißel	baktˈeːriənɡˌaɪsəl	0.27
Bakteriengift	baktˈeːriənɡˌɪft	0.31
Bakteriengifte	baktˈeːriənɡˌɪftə	0.29
Bakteriengiften	baktˈeːriənɡˌɪftən	0.27
Bakteriengiftes	baktˈeːriənɡˌɪftəs	0.27
Bakteriengifts	baktˈeːriənɡˌɪfts	0.29
Bal.	balkˈɔ̃ː	0.5
Balance	balˈɑ̃ːsə	0.44
Balanceakt	balˈɑ̃ːsˌakt	0.3
Balanceakte	balˈɑ̃ːsˌaktə	0.27
Balanceakts	balˈɑ̃ːsˌakts	0.27
Balaschichas	bɜlaʃˈɨxɜs	0.5
Balatonfüred	bˈɔlɔtonfyrɛd	0.42
Balise	balˈiːzə	0.33
Balisen	balˈiːzən	0.29
Balkon	balkˈɔ̃ː	0.33
Balkwill-Winkel	bˈɔːkwɪlvˌɪŋkəl	0.38
Balkwill-Winkeln	bˈɔːkwɪlvˌɪŋkəln	0.36
Balkwill-Winkels	bˈɔːkwɪlvˌɪŋkəls	0.36
Ballenware	bˈalənvˌaːrə	0.33
Ballon	balˈɔŋ	0.4
Ballons	balˈɔŋs	0.33
Balsemão	balsemˈɜ̃w	0.44
Bambusbewuchses	bˈambʊsbəvˌuːksəs	0.29
Bandjubiläums	bˈɛntjubilˌɛːʊms	0.31
Bandleader	bˈɛntlˌiːdɜ	0.44
Bandleaderin	bˈɛntlˌiːdərɪn	0.36
Bandleaderinnen	bˈɛntlˌiːdərɪnən	0.36
Bandleadern	bˈɛntlˌiːdɜn	0.4
Bandleaders	bˈɛntlˌiːdɜs	0.4
Bangor	bɛŋɡɔːr	0.5
Bangors	bɛŋɡɔːrs	0.43
Bangui	bɑ̃ɡˈiː	0.4
Banguis	bɑ̃ɡˈiːs	0.5
Banjospielerin	bˈɛndʒoʃpˌiːlərɪn	0.31
Banjospielerinnen	bˈɛndʒoʃpˌiːlərɪnən	0.33
Banjul	bɛndʒˈuːl	0.43
Banjuls	bɛndʒˈuːls	0.38
Bankangestellte	bˈaŋkˌanɡəʃtɛltə	0.29
Bankangestelltem	bˈaŋkˌanɡəʃtɛltəm	0.27
Bankangestellten	bˈaŋkˌanɡəʃtɛltən	0.27
Bankangestellter	bˈaŋkˌanɡəʃtɛltɜ	0.29
Bankbranche	bˈaŋkbrˌɑ̃ːʃə	0.27
Bankenbranche	bˈaŋkənbrˌɑ̃ːʃə	0.31
Bankenbranchen	bˈaŋkənbrˌɑ̃ːʃən	0.29
Bankenkrise	bˈaŋkənkrˌiːzə	0.27
Bankenviertel	bˈaŋkŋ̩fˌɪɾtəl	0.42
Bankenvierteln	bˈaŋkŋ̩fˌɪɾtəln	0.38
Bankenviertels	bˈaŋkŋ̩fˌɪɾtəls	0.38
Bankerin	bˈɛŋkərɪn	0.29
Bankerinnen	bˈɛŋkərɪnən	0.3
Bankern	bˈɛŋkɜn	0.33
Bankers	bˈɛŋkɜs	0.33
Bankier	baŋkˈieː	0.5
Bankierin	baŋkˈieːrɪn	0.3
Bankiers	baŋkˈieːs	0.44
Banlieue	bɑ̃ljˈø	0.5
Banlieues	bɑ̃ljˈø	0.62
Banshees	bɛnʃˈiːs	0.57
Baoji	baudʒi	0.5
Baojis	bˈaudʒis	0.57
Barangay	baraŋɡˈaj	0.38
Barbecue	bˈaːɾbɪkjuː	0.38
Barbecues	bˈaːɾbɪkjuːs	0.33
Barcode	bˈaːɾkoːt	0.29
Barge	baːɾdʒ	0.4
Bargeräuschen	bˈaːɾɡərˌɔɪʃən	0.38
Barges	bˈaːɾdʒəs	0.29
Baroness	baronˈɛs	0.5
Baronet	bˈarɔnɛt	0.29
Barranke	bɜrˈaŋɡə	0.29
Barrio	bˈaɾjo	0.33
Barrios	bˈaɾjos	0.29
Barriquefass	barˈɪkfˌas	0.3
Barriquefässer	barˈɪkfˌɛsɜ	0.27
Barriques	barˈɪks	0.38
Barsoi	baɾzˈɔɪ	0.33
Bartwuchse	bˈaːɾtvˌuːksə	0.33
Bartwuchses	bˈaːɾtvˌuːksəs	0.3
Base-Cap	bˈɛɪskɛp	0.57
Base-Caps	bɛɪskɛps	0.5
Baseballcap	bˈɛɪsbɔːlkɛp	0.5
Baseballcaps	bˈɛɪsbɔːlkɛps	0.45
Baseballergebnis	bˈɛɪsbɔːlɛɾɡˌeːpnɪs	0.47
Baseballergebnisse	bˈɛɪsbɔːlɛɾɡˌeːpnɪsə	0.44
Baseballergebnissen	bˈɛɪsbɔːlɛɾɡˌeːpnɪsən	0.41
Baseballergebnisses	bˈɛɪsbɔːlɛɾɡˌeːpnɪsəs	0.41
Baseballfan	bˈɛɪsbɔːlfˌɛn	0.5
Baseballfans	bˈɛɪsbɔːlfˌɛns	0.45
Baseballhandschuh	bˈɛɪsbɔːlhˌantʃuː	0.31
Baseballhandschuhe	bˈɛɪsbɔːlhˌantʃuːə	0.29
Baseballhandschuhen	bˈɛɪsbɔːlhˌantʃuːən	0.27
Baseballhandschuhes	bˈɛɪsbɔːlhˌantʃuːəs	0.27
Baseballhandschuhs	bˈɛɪsbɔːlhˌantʃuːs	0.29
Baseballkarte	bˈɛɪsbɔːlkˌaɾtə	0.33
Baseballkarten	bˈɛɪsbɔːlkˌaɾtən	0.31
Baseballmannschaft	bˈɛɪsbɔːlmˌanʃaft	0.29
Baseballmütze	bˈɛɪsbɔːlmˌʏtsə	0.33
Baseballmützen	bˈɛɪsbɔːlmˌʏtsən	0.31
Baseballprofi	bˈɛɪsbɔːlprˌoːfi	0.33
Baseballprofis	bˈɛɪsbɔːlprˌoːfis	0.38
Baseballschläger	bˈɛɪsbɔːlʃlˌɛːɡɜ	0.33
Baseballschlägern	bˈɛɪsbɔːlʃlˌɛːɡɜn	0.31
Baseballschlägers	bˈɛɪsbɔːlʃlˌɛːɡɜs	0.31
Baseballspiel	bˈɛɪsbɔːlʃpˌiːl	0.36
Baseballspiele	bˈɛɪsbɔːlʃpˌiːlə	0.33
Baseballspielen	bˈɛɪsbɔːlʃpˌiːlən	0.31
Baseballspieler	bˈeːsboːlʃpˌiːlɜ	0.33
Baseballspielerin	bˈeːsboːlʃpˌiːlərɪn	0.29
Baseballspielerinnen	bˈeːsboːlʃpˌiːlərɪnən	0.29
Baseballspielern	bˈeːsboːlʃpˌiːlɜn	0.31
Baseballspielers	bˈeːsboːlʃpˌiːlɜs	0.31
Baseballspieles	bˈɛɪsbɔːlʃpˌiːləs	0.31
Baseballspiels	bˈɛɪsbɔːlʃpˌiːls	0.33
Baseballstadien	bˈɛɪsbɔːlʃtˌaːdiən	0.47
Baseballstadion	bˈɛɪsbɔːlʃtˌaːdiɔn	0.5
Baseballstadions	bˈɛɪsbɔːlʃtˌaːdiɔns	0.47
Baseballstar	bˈɛɪsbɔːlstˌaːɾ	0.36
Baseballstars	bˈɛɪsbɔːlstˌaːɾs	0.33
Baseballteam	bˈɛɪsbɔːltˌiːm	0.55
Baseballteams	bˈɛɪsbɔːltˌiːms	0.5
Baseballtrainer	bˈɛɪsbɔːltrˌɛːnɜ	0.33
Baseballtrainerin	bˈɛɪsbɔːltrˌɛːnərɪn	0.29
Baseballtrainerinnen	bˈɛɪsbɔːltrˌɛːnərɪnən	0.29
Baseballtrainern	bˈɛɪsbɔːltrˌɛːnɜn	0.31
Baseballtrainers	bˈɛɪsbɔːltrˌɛːnɜs	0.31
Baseballtraining	bˈɛɪsbɔːltrˌɛːnɪŋ	0.31
Baseballtrainings	bˈɛɪsbɔːltrˌɛːnɪŋs	0.29
Basecap	bˈɛɪskɛp	0.57
Basecaps	bˈɛɪskɛps	0.5
Basejumping	bˈɛɪsdʒˌampɪŋ	0.55
Basejumpings	bˈɛɪsdʒˌampɪŋs	0.5
Bashing	bˈɛʃɪŋ	0.5
Bashings	bˈɛʃɪŋs	0.43
Basic English	bˈɛɪsɪk ˈɪŋɡlɪʃ	0.5
Basics	bˈɛɪsɪks	0.57
Basrelief	bˈarelˌiɛf	0.38
Basreliefe	bˈarelˌiɛfə	0.33
Basreliefen	bˈarelˌiɛfən	0.3
Basreliefs	bˈarelˌiɛfs	0.33
Basseterre	bɛstˈɛə	0.38
Bassin	basˈɛ̃ː	0.4
Bassins	basˈɛ̃ːs	0.33
Bastille	bastˈiːjə	0.29
Bataille	batˈaljə	0.29
Bataillonsarzt	bataljˈoːnsˌaːɾtst	0.29
Bataillonsärzte	bataljˈoːnsˌɛːɾtstə	0.27
Batik-T-Shirt	bˈaːtɪktˌiːʃœːɾt	0.27
Batman	bˈɛtmɛn	0.33
Bauchi	bˈaʊtʃi	0.33
Bauchis	bˈaʊtʃis	0.43
Bauingenieur	bˈaʊɪnʒenˌiøːɾ	0.27
Baumwollware	bˈaʊmvɔlvˌaːrə	0.73
Bauverläufe	bˈaʊfɛɾlˌɔɪfə	0.27
Bayview	bˈɛɪvjuː	0.5
Bayviews	bˈɛɪvjuːs	0.43
Bazar	bazˈaːɾ	0.33
Bazare	bazˈaːrə	0.29
Bazars	bazˈaːɾs	0.29
Bazooka	bazˈuːka	0.43
Bazookas	bazˈuːkas	0.38
Beach	biːtʃ	0.75
Beachbasketball	bˈiːtʃbˌaːskətbal	0.31
Beachbasketballe	bˈiːtʃbˌaːskətbalə	0.29
Beachbasketballes	bˈiːtʃbˌaːskətbaləs	0.27
Beachbasketballs	bˈiːtʃbˌaːskətbals	0.29
Beachbasketbälle	bˈiːtʃbˌaːskətbɛlə	0.29
Beachbasketbällen	bˈiːtʃbˌaːskətbɛlən	0.27
Beaches	bˈiːtʃəs	0.5
Beachvolleyball	bˈiːtʃvˌɔlibal	0.5
Beachvolleyballe	bˈiːtʃvˌɔlibalə	0.46
Beachvolleyballer	bˈiːtʃvˌɔlibalɜ	0.46
Beachvolleyballerin	bˈiːtʃvˌɔlibalərɪn	0.4
Beachvolleyballerinnen	bˈiːtʃvˌɔlibalərɪnən	0.39
Beachvolleyballern	bˈiːtʃvˌɔlibalɜn	0.43
Beachvolleyballers	bˈiːtʃvˌɔlibalɜs	0.43
Beachvolleyballes	bˈiːtʃvˌɔlibaləs	0.43
Beachvolleyballs	bˈiːtʃvˌɔlibals	0.46
Beachvolleyballspieler	bˈiːtʃvɔlibalʃpˌiːlɜ	0.35
Beachvolleyballspielerin	bˈiːtʃvɔlibalʃpˌiːlərɪn	0.32
Beachvolleyballspielerinnen	bˈiːtʃvɔlibalʃpˌiːlərɪnən	0.32
Beachvolleyballspielern	bˈiːtʃvɔlibalʃpˌiːlɜn	0.33
Beachvolleyballspielers	bˈiːtʃvɔlibalʃpˌiːlɜs	0.33
Beachvolleybälle	bˈiːtʃvˌɔlibɛlə	0.46
Beachvolleybällen	bˈiːtʃvˌɔlibɛlən	0.43
Beagle	bˈiːɡəl	0.67
Beaglen	bˈiːɡəln	0.57
Beagles	bˈiːɡəls	0.57
Beam	biːm	0.5
Beamer	bˈiːmɜ	0.4
Beamern	bˈiːmɜn	0.33
Beamers	bˈiːmɜs	0.33
Beams	biːms	0.4
Beanie	bˈiːni	0.4
Beanies	bˈiːnis	0.33
Bear	bɛːɾ	0.5
Bears	bɛːɾs	0.4
Beat Generation	bˈiːtdʒɛnəɹˌɛɪʃən	0.64
Beates	beˈaːtəs	0.5
Beatle	bˈiːtəl	0.67
Beatles	bˈiːtəls	0.57
Beatles-Album	bˈiːtəlsˌalbʊm	0.33
Beatles-Albums	bˈiːtəlsˌalbʊms	0.31
Beatles-Song	bˈiːtəlssˌɔŋ	0.4
Beatles-Songs	biːtəlssˌɔŋs	0.45
Beatnik	bˈiːtnɪk	0.29
Beau	boː	0.75
Beaufort-Skala	bofˈɔːɾskˌaːla	0.31
Beaufortsee	bˈoːfətzˌeː	0.6
Beaufortskala	bofˈɔːɾskˌaːla	0.31
Beaujolais	boʒolˈɛː	0.7
Beaune	boːn	0.67
Beaunes	boːns	0.57
Beaus	boːs	0.6
Beautys	bjˈuːtis	0.57
Beavis	bˈiːvɪs	0.33
Beavisens	bˈiːvɪsəns	0.44
Beavis’	bˈiːvɪs	0.33
Bebop	bˈiːbɔp	0.4
Bebops	bˈiːbɔps	0.33
Bechs	bɛçs	0.4
Bechstein	bˈɛçʃtˌaɪn	0.33
Bechsteins	bˈɛçʃtˌaɪns	0.3
Beckerichs	bˈɛkərɪçs	0.38
Becquerel	bɛkərˈɛl	0.44
Becquerels	bɛkərˈɛls	0.4
Bed and Breakfast	bˌɛt ɛnt brˈɛkfəst	0.33
Bede	bˈeːdə	0.5
Bedeutungsverengung	bədˈɔɪtʊŋsfɛɾˌɛŋʊŋ	0.29
Bedeutungsverengungen	bədˈɔɪtʊŋsfɛɾˌɛŋʊŋən	0.26
Bedünkens	bədˈʏŋkŋ̩s	0.33
Beechcraft	bˈiːtʃkɹˌaːft	0.5
Beechcrafts	bˈiːtʃkɹˌaːfts	0.45
Beeck	beːk	0.5
Beecks	beːks	0.4
Beef Jerky	biːf dʒˈɜːki	0.44
Beef Jerkys	biːf dʒˈɜːkis	0.5
Beefeater	bˈiːfˌiːtɜ	0.5
Beefeaters	bˈiːfˌiːtɜs	0.44
Beefsteak	bˈiːfstˌɛɪk	0.44
Beefsteaks	bˈiːfstˌɛɪks	0.4
Beelzebock	bˈeːltsəbɔk	0.3
Beelzebocks	bˈeːltsəbɔks	0.27
Beelzebub	bˈeːltsəbˌuːp	0.3
Beelzebubs	bˈeːltsəbuːps	0.27
Beelzebul	bˈeːltsəbuːl	0.3
Beelzebuls	bˈeːltsəbuːls	0.27
Beep	biːp	0.5
Beeps	biːps	0.4
Beerenauslese	bˈeːrənˌaʊsleːzə	0.38
Beerenlikör	bˈeːrənlikˌøːɾ	0.27
Beerenobst	bˈeːrənˌoːpst	0.3
Beerenobstes	bˈeːrənˌoːpstəs	0.33
Beerenobsts	bˈeːrənˌoːpsts	0.36
Beerensaft	bˈeːrənzˌaft	0.3
Beerensafte	bˈeːrənzˌaftə	0.27
Beerensafts	bˈeːrənzˌafts	0.27
Beerensäfte	bˈeːrənzˌɛftə	0.27
Beerpong	bˈiːɾpˌɔŋ	0.29
Beeskow	bˈeːskoː	0.43
Beeskows	bˈeːskoːs	0.38
Beethovenhäuser	bˈeːthoːfənhˌɔɪzɜ	0.31
Beethovenhäusern	bˈeːthoːfənhˌɔɪzɜn	0.29
Begebnis	bəɡˈeːpnɪs	0.38
Begehrens	bəɡˈeːrəns	0.33
Begehung	bəɡˈeːʊŋ	0.29
Begonie	beɡˈoːniə	0.29
Begonien	beɡˈoːniən	0.33
Behaviorismus	biheviərˈɪsmʊs	0.36
Behaviorist	bihɛɪviərˈɪst	0.42
Behavioristen	bihɛɪviərˈɪstən	0.36
Behemoth	behemˈoːt	0.29
Beifahrerairbag	bˈaɪfaːrɜˌɛːɾbɛk	0.29
Beifahrerairbags	bˈaɪfaːrɜˌɛːɾbɛks	0.27
Beignet	bɛnjˈeː	0.71
Beignets	bɛnjˈeːs	0.62
Beinprothese	bˈaɪnprotˌeːzə	0.27
Beisenherzes	bˈøːmɜmˌanəs	0.75
Beisl	bˈaɪzəl	0.33
Beisln	baɪzəln	0.29
Beisls	baɪzəls	0.29
Bel Airs	bɛlˈɛːɾs	0.67
Belamis	bɛlamˈiːs	0.29
Belarusin	bɛlarˈʊsɪn	0.33
Belarusisch	bˈeːlarˌʊsɪʃ	0.33
Belize	bəlˈiːs	0.29
Belizer	bəlˈiːzɜ	0.29
Bellevues	bɛlvˈyːs	0.38
Bellinis	belˈiːnis	0.29
Belutschi	belˈuːtʃi	0.29
Belutschis	belˈuːtʃis	0.38
Bem.	bəmˈɛɾkʊŋ	0.75
Benediktiner	benədɪktˈiːnɜ	0.27
Benefit	bˈeːnəfɪt	0.29
Benefits	bˈeːnəfɪts	0.38
Bennewitzens	bˈɛnəvɪtsəns	0.27
Bennewitzes	bˈɛnəvɪtsəs	0.4
Bentley	bˈɛntli	0.29
Benzingeld	bɛntsˈiːnɡˌɛlt	0.27
Benzingeruch	bɛntsˈiːnɡərˌʊx	0.27
Benzingestank	bɛntsˈiːnɡəʃtˌaŋk	0.36
Benzingestanks	bɛntsˈiːnɡəʃtˌaŋks	0.33
Benzingewinnung	bɛntsˈiːnɡəvˌɪnʊŋ	0.29
Beratungsservice	bərˈaːtʊŋssˌœːɾvɪs	0.38
Beratungsservices	bərˈaːtʊŋssˌœːɾvɪsɪs	0.33
Bergbauingenieur	bˈɛɾkbaʊɪnʒenˌiøːɾ	0.27
Bergbehörde	bˈɛɾkbəhˌøːɾdə	0.36
Bergbehörden	bˈɛɾkbəhˌøːɾdən	0.33
Bergerlebnis	bˈɛɾkɛɾlˌeːpnɪs	0.33
Bergerlebnisse	bˈɛɾkɛɾlˌeːpnɪsə	0.31
Bergerlebnissen	bˈɛɾkɛɾlˌeːpnɪsən	0.29
Bergerlebnisses	bˈɛɾkɛɾlˌeːpnɪsəs	0.29
Bergmolchs	bˈɛɾkmˌɔlçs	0.3
Bergneustadt	bɛɾknˈɔɪʃtˌat	0.27
Bergsenkung	bˈɛɾkzˌɛŋkʊŋ	0.3
Bergski	bˈɛɾkʃˌiː	0.29
Bergskis	bˈɛɾkʃˌiːs	0.38
Bergwerksschacht	bˈɛɾkvɛɾksʃˌaxt	0.31
Bergwerksschachtes	bˈɛɾkvɛɾksʃˌaxtəs	0.27
Bergwerksschachts	bˈɛɾkvɛɾksʃˌaxts	0.29
Bergwerksschächte	bˈɛɾkvɛɾksʃˌɛçtə	0.27
Bergwerksunglück	bˈɛɾkvɛɾksˌʊnɡlʏk	0.33
Bergwerksunglücke	bˈɛɾkvɛɾksˌʊnɡlʏkə	0.31
Bergwerksunglücken	bˈɛɾkvɛɾksˌʊnɡlʏkən	0.29
Bergwerksunglückes	bˈɛɾkvɛɾksˌʊnɡlʏkəs	0.29
Bergwerksunglücks	bˈɛɾkvɛɾksˌʊnɡlʏks	0.31
Bersagliere	bɛɾzaljˈeːrə	0.3
Bersaglieres	bɛɾzaljˈeːrəs	0.27
Bersaglieri	bɛɾzaljˈeːri	0.3
Bertillonage	bɛɾtijonˈaːʒə	0.27
Berufsbiografien	bərˈuːfsbioɡrafˌiːən	0.29
Berufsethos	bərˈuːfsˌeːtɔs	0.33
Berufsjargon	bərˈuːfsʒaɾɡˌɔŋ	0.36
Berufsjargons	bərˈuːfsʒaɾɡˌɔŋs	0.33
Berufsschicht	bərˈuːfsʃˌɪçt	0.27
Berufsschulbildung	bərˈuːfsʃuːlbˌɪldʊŋ	0.27
Berufsschule	bərˈuːfsʃˌuːlə	0.3
Berufsschulen	bərˈuːfsʃˌuːlən	0.27
Berufsschullehrer	bərˈuːfsʃuːllˌeːrɜ	0.33
Berufsschullehrerin	bərˈuːfsʃuːllˌeːrərɪn	0.29
Berufsschullehrerinnen	bərˈuːfsʃuːllˌeːrərɪnən	0.29
Berufsschullehrern	bərˈuːfsʃuːllˌeːrɜn	0.31
Berufsschullehrers	bərˈuːfsʃuːllˌeːrɜs	0.31
Berufsschulsystem	bərˈuːfsʃuːlzʏstˌeːm	0.27
Berufsschüler	bərˈuːfsʃˌyːlɜ	0.3
Berufsschülerinnen	bərˈuːfsʃˌyːlərɪnən	0.27
Berufsschülern	bərˈuːfsʃˌyːlɜn	0.27
Berufsschülers	bərˈuːfsʃˌyːlɜs	0.27
Berylliose	berʏlˈioːzə	0.33
Berylliosen	berʏlˈioːzən	0.3
Besançon	bəzɑ̃sˈɔ̃	0.38
Besançons	bəzɑ̃sˈɔ̃s	0.33
Besetzungscouch	bəzˈɛtsʊŋskˌaʊtʃ	0.29
Besetzungscouchs	bəzˈɛtsʊŋskˌaʊtʃs	0.27
Besigheim	bˈeːzɪçhˌaɪm	0.3
Besigheims	bˈeːzɪçhˌaɪms	0.27
Besoin	bəzˈoɛ̃ː	0.33
Besoins	bəzˈoɛ̃ː	0.43
Besserverdiener	bˈɛsɜfɛɾdˌiːnɜ	0.29
Best Ager	bˈɛst ˈeːdʒɜ	0.38
Best Agern	bˈɛst ˈeːdʒɜn	0.33
Best Agers	bˈɛst ˈeːdʒɜs	0.33
Best Practice	bˈɛst prˈɛktɪs	0.33
Best Practices	bˈɛst prˈɛktɪsɪz	0.38
Bestemm	bəʃtˈɛm	0.5
Bestemmes	bəʃtˈɛməs	0.38
Bestemms	bəʃtˈɛms	0.43
Bestie	bˈɛstiə	0.29
Bestien	bˈɛstiən	0.43
Bestiensäule	bˈɛstiənzˌɔɪlə	0.33
Bestiensäulen	bˈɛstiənzˌɔɪlən	0.31
Betaversion	bˈeːtavɛɾzˌioːn	0.27
Betel	bˈeːtəl	0.4
Betels	beːtəls	0.33
Beterei	beːtərˈaɪ	0.29
Beterin	bˈeːtərɪn	0.29
Betern	bˈeːtɜn	0.33
Beters	bˈeːtɜs	0.33
Bethaus	bˈeːthˌaʊs	0.29
Bethel	bˈeːtəl	0.4
Bethels	bˈeːtəls	0.33
Bethlehem	bˈeːtləhɛm	0.5
Bethlehems	bˈeːtləhɛms	0.44
Bethäuser	bˈeːthˌɔɪzɜ	0.38
Bethäusern	bˈeːthˌɔɪzɜn	0.33
Betlehem	bˈeːtləhɛm	0.5
Betlehems	bˈeːtləhɛms	0.44
Betonbunkern	betˈɔŋbˌʊŋkɜn	0.27
Betonbunkers	betˈɔŋbˌʊŋkɜs	0.27
Betondschungel	betˈɔŋdʒˌʊŋəl	0.36
Betondschungeln	betˈɔŋdʒˌʊŋəln	0.33
Betondschungels	betˈɔŋdʒˌʊŋəls	0.33
Betongebäude	betˈɔŋɡəbˌɔɪdə	0.33
Betongebäuden	betˈɔŋɡəbˌɔɪdən	0.31
Betongebäudes	betˈɔŋɡəbˌɔɪdəs	0.31
Betonhäuser	betˈɔŋhˌɔɪzɜ	0.3
Betonhäusern	betˈɔŋhˌɔɪzɜn	0.27
Betons	betˈɔŋs	0.5
Betonskelett	betˈɔŋskelˌɛt	0.27
Betonsplitter	betˈɔŋʃplˌɪtɜ	0.27
Betonstatue	betˈɔŋʃtˌaːtuə	0.27
Betonstraße	betˈɔŋʃtrˌaːsə	0.36
Betonsäule	betˈɔŋzˌɔɪlə	0.3
Betonsäulen	betˈɔŋzˌɔɪlən	0.27
Betonterrasse	betˈɔŋtɛrˌasə	0.27
Betriebsergebnis	bətrˈiːpsɛɾɡˌeːpnɪs	0.33
Betriebsergebnisse	bətrˈiːpsɛɾɡˌeːpnɪsə	0.31
Betriebsergebnissen	bətrˈiːpsɛɾɡˌeːpnɪsən	0.29
Betriebsergebnisses	bətrˈiːpsɛɾɡˌeːpnɪsəs	0.29
Betriebsingenieur	bətrˈiːpsɪnʒenˌiøːɾ	0.33
Betriebsingenieure	bətrˈiːpsɪnʒenˌiøːrə	0.31
Betriebsingenieuren	bətrˈiːpsɪnʒenˌiøːrən	0.29
Betriebsingenieurs	bətrˈiːpsɪnʒenˌiøːɾs	0.31
Betrugsopfer	bətrˈuːksˌɔpfɜ	0.27
Betrugssoftware	bətrˈuːkssɔftvˌɛːɾ	0.57
Betrugssoftwares	bətrˈuːkssɔftvˌɛːɾs	0.27
Bettcouch	bˈɛtkˌaʊtʃ	0.5
Bettcouchen	bˈɛtkˌaʊtʃən	0.4
Bettcouches	bˈɛtkˌaʊtʃəs	0.4
Bettcouchs	bˈɛtkˌaʊtʃs	0.44
Betttuch	bˈɛttˌuːx	0.33
Betttuche	bˈɛttˌuːxə	0.29
Betttuchs	bˈɛttˌuːxs	0.29
Bettuch	bˈeːttˌuːx	0.5
Bettuches	bˈeːttˌuːxəs	0.38
Bettuchs	bˈeːttˌuːxs	0.43
Betzens	bˈɛtsəns	0.29
Beuchert	bˈɔɪçɜt	0.57
Beucherts	bˈɔɪçɜts	0.5
Beuerle	bˈɔɪɜlə	0.33
Beuerles	bˈɔɪɜləs	0.29
Beulenpest	bˈɔɪlənpˌɛst	0.3
Beuren	bˈɔɪrən	0.33
Beurens	bˈɔɪrəns	0.29
Beuschel	bˈɔɪʃəl	0.33
Beuscheln	bˈɔɪʃəln	0.29
Beuschels	bˈɔɪʃəls	0.29
Beuteflugzeug	bˈɔɪtəflˌuːktsɔɪk	0.29
Beuteflugzeuge	bˈɔɪtəflˌuːktsɔɪɡə	0.27
Beuteflugzeugs	bˈɔɪtəflˌuːktsɔɪks	0.27
Bev.	bəfˈœlkərʊŋ	0.78
Beverungen	bˈeːvərˌʊŋən	0.33
Beverungens	bˈeːvərˌʊŋəns	0.55
Bewuchs	bəvˈuːks	0.33
Bewuchse	bəvˈuːksə	0.43
Bewuchses	bəvˈuːksəs	0.38
Beye	bˈaɪə	0.75
Beyen	bˈaɪən	0.6
Beyer	bˈaɪɜ	0.6
Beyerbach	bˈaɪɜbˌax	0.38
Beyerbachs	bˈaɪɜbˌaxs	0.33
Beyerle	bˈaɪɜlə	0.43
Beyerles	bˈaɪɜləs	0.38
Beyers	bˈaɪɜs	0.5
Beys	baɪs	0.5
Bhakti	bˈakti	0.29
Bhang	baŋ	0.4
Bhikku	bˈɪku	0.33
Bhikkunis	bɪkˈuːnis	0.33
Bhikkus	bˈɪkus	0.43
Bhikschu	bˈɪkʃu	0.29
Bhikschunis	bɪkʃˈuːnis	0.3
Bhikschus	bˈɪkʃus	0.38
Bhuta	bˈuːta	0.33
Bhutan	bˈuːtan	0.29
Bhutas	bˈuːtas	0.29
Biarritz	bjarˈits	0.29
Biarritz’	bjarˈits	0.29
Bias	bˈaɪəs	0.6
Bible Belt	bˈaɪbəlbˌɛlt	0.3
Bibliograf	biblioɡrˈaːf	0.27
Bibliografien	bˌiblioɡrafˈiːən	0.33
Bibliomane	bibliomˈaːnə	0.27
Bibliomanie	bˌibliomanˈiː	0.27
Bibliophage	bibliofˈaːɡə	0.27
Bibliophile	bibliofˈiːlə	0.27
Bibliophiler	bibliofˈiːlɜ	0.27
Bibliophilie	bˌibliofilˈiː	0.27
Bibliophobe	bibliofˈoːbə	0.27
Bibliophober	bibliofˈoːbɜ	0.27
Bibliophobie	bˌibliofobˈiː	0.27
Bibliosophie	bibliozofˈiː	0.27
Bibliotaph	bibliotˈaːf	0.3
Bibliothek	bibliotˈeːk	0.3
Bibliotheksbestand	bibliotˈeːksbəʃtˌant	0.28
Bibliotheksbestande	bibliotˈeːksbəʃtˌandə	0.26
Bibliotheksbestands	bibliotˈeːksbəʃtˌants	0.26
Bibliotheksbuch	bibliotˈeːksbˌuːx	0.29
Bibliotheksbuchs	bibliotˈeːksbˌuːxs	0.27
Bibliotheksgebäude	bibliotˈeːksɡəbˌɔɪdə	0.28
Bibliotheksgebäuden	bibliotˈeːksɡəbˌɔɪdən	0.26
Bibliotheksgebäudes	bibliotˈeːksɡəbˌɔɪdəs	0.26
Bibliothekssaal	bibliotˈeːkszˌaːl	0.31
Bibliothekssaale	bibliotˈeːkszˌaːlə	0.29
Bibliothekssaales	bibliotˈeːkszˌaːləs	0.27
Bibliothekssaals	bibliotˈeːkszˌaːls	0.29
Bibliothekssäle	bibliotˈeːkszˌɛːlə	0.29
Bibliothekssälen	bibliotˈeːkszˌɛːlən	0.27
Bibliothekstür	bibliotˈeːkstˌyːɾ	0.29
Bidet	bidˈeː	0.4
Bidets	bidˈeːs	0.33
Bidjar	bidʒˈaːɾ	0.33
Bidjare	bidʒˈaːrə	0.29
Bidjars	bidʒˈaːɾs	0.29
Biegeradien	bˈiːɡərˌaːdiən	0.27
Bienenstichs	bˈiːnənʃtˌɪçs	0.27
Bienewitz	bˈiːnəvˌɪts	0.56
Bienewitzens	bˈiːnəvˌɪtsəns	0.5
Bienewitzes	bˈiːnəvˌɪtsəs	0.64
Bienewitz’	bˈiːnəvˌɪts	0.56
Biennien	biˈɛniən	0.43
Bierkomment	bˈiːɾkɔmˌɑ̃ː	0.33
Bierkomments	bˈiːɾkɔmˌɑ̃ːs	0.3
Big Band	bˈɪkbɛnt	0.29
Big Bang	bɪkbˈɛŋ	0.33
Big Bangs	bɪkbˈɛŋs	0.29
Big Brother	bˈɪk brˈaðɜ	0.38
Big Brothers	bˈɪk brˈaðɜs	0.33
Big Crunch	bɪkkrˈantʃ	0.44
Big Crunchs	bɪkkrˈantʃs	0.4
Big Point	bˈɪɡpˌɔɪnt	0.38
Big Points	bˈɪɡpˌɔɪnts	0.33
Bigband	bˈɪkbɛnt	0.29
Bigfootski	bˈɪɡfʊtʃˌiː	0.44
Bigfootskier	bˈɪɡfʊtʃˌiːɜ	0.4
Bigfootskiern	bˈɪɡfʊtʃˌiːɜn	0.36
Bigfootskis	bˈɪɡfʊtʃˌiːs	0.5
Bigos	bˈɪɡɔs	0.4
Biharis	bihˈaːris	0.29
Bijoutier	biʒutˈieː	0.29
Bikerbars	bˈaɪkɜbˌaːɾs	0.33
Bikers	bˈaɪkɜs	0.33
Bikesharing	bˈaɪkʃˌɛːrɪŋ	0.36
Bikesharings	bˈaɪkʃˌɛːrɪŋs	0.42
Bilboquet	bɪlbokˈeː	0.33
Bilboquets	bɪlbokˈeːs	0.3
Bilchs	bɪlçs	0.33
Bildteppichs	bˈɪlttˌɛpɪçs	0.27
Bildungsbudget	bˈɪldʊŋsbydʒˌeː	0.31
Bildungsbudgets	bˈɪldʊŋsbydʒˌeːs	0.29
Bildungschance	bˈɪldʊŋsʃˌɑ̃ːs	0.27
Bilingue	bilˈɪŋɡuə	0.38
Billardqueue	bˈɪljaɾtkˌøː	0.36
Billardqueues	bˈɪljaɾtkˌøːs	0.33
Billards	bijˈaːɾs	0.43
Billardsalon	bˈɪljaɾtzalˌɔŋ	0.33
Billardsalons	bˈɪljaɾtzalˌɔŋs	0.31
Billardtuch	bˈɪljaɾttˌuːx	0.3
Billardtuchs	bˈɪljaɾttˌuːxs	0.27
Billetdoux	bijɛdˈuː	0.56
Billete	bijˈɛtə	0.5
Billeten	bijˈɛtən	0.43
Billetes	bijˈɛtəs	0.43
Billeteurin	bɪljɛtˈøːrɪn	0.3
Billette	bijˈɛtə	0.33
Billetten	bijˈɛtən	0.29
Billettes	bijˈɛtəs	0.29
Billich	bˈɪlɪç	0.29
Billichs	bˈɪlɪçs	0.29
Billigairline	bˈɪlɪçˌɛːɾlaɪn	0.5
Billigairlines	bˈɪlɪçˌɛːɾlaɪns	0.46
Bio-Ei	bˈiːoˌaɪ	0.33
Bio-Eier	bˈiːoˌaɪɜ	0.29
Bio-Eis	bˈiːoˌaɪs	0.29
Bio-Obstes	bˈiːoˌoːpstəs	0.3
Bio-Obsts	biːoˌoːpsts	0.33
Bio-Tee	bˈiːotˌeː	0.33
Bio-Tees	biːotˌeːs	0.29
Bioalkohol	bˈiːoalkohˌoːl	0.3
Bioalkohole	bˈiːoalkohˌoːlə	0.27
Bioalkohols	bˈiːoalkohˌoːls	0.27
Biobibliografie	bˈiːobiblioɡrafˌiː	0.31
Biobibliografien	bˈiːobiblioɡrafˌiːən	0.37
Biobäuerin	bˈiːobˌɔɪərɪn	0.3
Biobäuerinnen	bˈiːobˌɔɪərɪnən	0.31
Biochemie	bˌioçemˈiː	0.5
Biochemiker	bioçˈeːmɪkɜ	0.4
Biochemikerin	bioçˈeːmɪkərɪn	0.42
Biochemikerinnen	bioçˈeːmɪkərɪnən	0.4
Biochemikern	bioçˈeːmɪkɜn	0.45
Biochemikers	bioçˈeːmɪkɜs	0.45
Bioenergetik	bˌioenɛɾɡˈeːtɪk	0.42
Biogas	bˈiːoɡˌaːs	0.29
Biogaserzeugung	bˈiːoɡaːsɛɾtsˌɔɪɡʊŋ	0.33
Biogemüse	bˈiːoɡəmˌyːzə	0.3
Biogemüsen	bˈiːoɡəmˌyːzən	0.27
Biogemüses	bˈiːoɡəmˌyːzəs	0.27
Biogenese	bioɡenˈeːzə	0.5
Biogenesen	bioɡenˈeːzən	0.27
Biografien	bioɡrafˈiːən	0.33
Biohacker	bˈiohˌɛkɜ	0.38
Biohackerin	bˈiohˌɛkərɪn	0.3
Biohackerinnen	bˈiohˌɛkərɪnən	0.31
Biohackern	bˈiohˌɛkɜn	0.33
Biohackers	bˈiohˌɛkɜs	0.33
Biohof	bˈiohˌoːf	0.29
Biokybernetik	bˈiːokybɛɾnˌeːtɪk	0.31
Biokäserei	bˈiːokɛːzərˌaɪ	0.27
Biolek	bˈiːolɛk	0.43
Bioleks	bˈiːolɛks	0.38
Biolith	biolˈiːt	0.43
Biolithe	biolˈiːtə	0.38
Biolithen	biolˈiːtən	0.33
Bioliths	biolˈiːts	0.38
Biologiebuch	bioloɡˈiːbˌuːx	0.27
Biologiestudien	bioloɡˈiːʃtˌuːdiən	0.31
Biom	biˈoːm	0.4
Biome	biˈoːmə	0.33
Biomen	biˈoːmən	0.29
Biometrie	biometrˈiː	0.33
Bioms	biˈoːms	0.33
Biomüll	bˈiːomˌʏl	0.29
Bionik	biˈoːnɪk	0.29
Biontologie	biɔntoloɡˈiː	0.27
Bioobstes	bˈiːoˌoːpstəs	0.3
Bioobsts	bˈiːoˌoːpsts	0.33
Biopsie	biɔpsˈiː	0.43
Biopsien	biɔpsˈiːən	0.33
Biorhythmen	bˈiːorˌʏtmən	0.27
Biorhythmus	bˈiːorˌʏtmʊs	0.27
Biosprite	bˈiːoʃprˌɪtə	0.3
Biospriten	bˈiːoʃprˌɪtən	0.27
Biosprites	bˈiːoʃprˌɪtəs	0.27
Biosprits	bˈiːoʃprˌɪts	0.3
Biosynthese	biozʏntˈeːzə	0.36
Biotee	bˈiːotˌeː	0.33
Biotees	bˈiːotˌeːs	0.29
Biotin	biotˈiːn	0.43
Biotins	biotˈiːns	0.38
Biotop	biotˈoːp	0.43
Biotope	biotˈoːpə	0.38
Biotopen	biotˈoːpən	0.33
Biotops	biotˈoːps	0.38
Bioware	bˈiːovˌaːrə	0.75
Biozids	biotsˈiːts	0.33
Bird-Eröffnung	bˈəːdɛɾˌœfnʊŋ	0.27
Birkenchampagner	bɪɾkənʃampˈanjɜ	0.27
Biryani	bɪɾjˈaːni	0.29
Biryanis	bɪɾjˈaːnis	0.38
Bise	bˈiːzə	0.5
Bisen	bˈiːzən	0.4
Biskuit	bɪskvˈiːt	0.29
Bissau	bisˈau	0.4
Bissaus	bisˈaus	0.33
Bithynien	bitˈyːniən	0.33
Bithyniens	bitˈyːniəns	0.3
Bitterorange	bˈɪtɜorˌɑ̃ːʒə	0.3
Bitterorangen	bˈɪtɜorˌɑ̃ːʒən	0.27
Black Friday	blɛk frˈaɪdɛɪ	0.27
Black Fridays	blɛk frˈaɪdɛɪs	0.33
Black Hawk	blˈɛkhɔːk	0.38
Black Hawks	blˈɛkhɔːks	0.33
Black Jack	blˈɛkdʒˌɛk	0.5
Black Site	blˈɛksˌaɪt	0.62
Black Sites	blˈɛksˌaɪts	0.56
Blackberrys	blˈɛkbˌɛris	0.33
Blackfacing	blˈɛkfˌɛɪsɪŋ	0.4
Blackfacings	blˈɛkfˌɛɪsɪŋs	0.36
Blackjack	blˈɛkdʒˌɛk	0.5
Blackjack-Tisch	blˈɛkdʒɛktˌɪʃ	0.36
Blackjack-Tische	blˈɛkdʒɛktˌɪʃə	0.33
Blackjack-Tischen	blˈɛkdʒɛktˌɪʃən	0.31
Blackjack-Tisches	blˈɛkdʒɛktˌɪʃəs	0.31
Blackjack-Tischs	blˈɛkdʒɛktˌɪʃs	0.33
Blackjeans	blˈɛkdʒˌiːns	0.44
Blackout	blˈɛkˌaʊt	0.43
Blackouts	blˈɛkˌaʊts	0.38
Blanc de Blancs	blɑ̃ də blɑ̃	0.46
Blanc de Noirs	blɑ̃ də noaːɾ	0.42
Blason	blazˈɔ̃ː	0.33
Blasons	blazˈɔ̃ːs	0.29
Blaustichs	blˈaʊʃtˌɪçs	0.3
Blazar	blazˈaːɾ	0.29
Blazer	blˈeːzɜ	0.5
Blazern	blˈeːzɜn	0.43
Blazers	blˈeːzɜs	0.43
Blechs	blɛçs	0.33
Blechschaden	blˈɛçʃˌaːdən	0.27
Blechschale	blˈɛçʃˌaːlə	0.3
Blechschalen	blˈɛçʃˌaːlən	0.27
Blechscheibe	blˈɛçʃˌaɪbə	0.27
Blechschere	blˈɛçʃˌeːrə	0.44
Blechscheren	blˈɛçʃˌeːrən	0.4
Blechscheune	blˈɛçʃˌɔɪnə	0.36
Blechscheunen	blˈɛçʃˌɔɪnən	0.33
Blechschäden	blˈɛçʃɛːdən	0.27
Blechschüssel	blˈɛçʃˌʏsəl	0.27
Blechspielzeug	blˈɛçʃpˌiːltsɔɪk	0.29
Blechspielzeuge	blˈɛçʃpˌiːltsɔɪɡə	0.27
Blechspielzeugs	blˈɛçʃpˌiːltsɔɪks	0.27
Blechware	blˈɛçvˌaːrə	0.56
Bleckede	blˈeːkədə	0.29
Blind Dates	blˈaɪnt dˈeːts	0.3
Blinis	blˈiːni	0.33
Blinkis	blˈɪŋkis	0.29
Blizzard	blˈɪzɜt	0.38
Blizzards	blˈɪzɜts	0.33
Blockchain	blˈɔktʃˌɛɪn	0.33
Blockchains	blˈɔktʃˌɛɪns	0.3
Blogroll	blˈɔkɹˌoʊl	0.5
Blogrolls	blˈɔkɹˌoʊls	0.44
Bloody Mary	bladimˈɛɹi	0.33
Bloody Marys	bladimˈɛɹis	0.4
Blowjob	blˈoːdʒɔp	0.57
Blowjobs	blˈoːdʒɔps	0.5
Blue Mountains	bluː mˈaʊntɪnz	0.36
Bluesgitarre	blˈuːsɡitˌarə	0.5
Bluesgitarren	blˈuːsɡitˌarən	0.33
Bluesmusik	blˈuːsmuzˌiːk	0.3
Bluessänger	blˈuːszˌɛŋɜ	0.56
Bluessängern	blˈuːszˌɛŋɜn	0.5
Bluessängers	blˈuːszˌɛŋɜs	0.6
Blumenarrangement	blˈuːmənarɑ̃ʒəmˌɑ̃ː	0.4
Blumenarrangements	blˈuːmənarɑ̃ʒəmˌɑ̃ːs	0.38
Bluse	blˈuːzə	0.4
Blusen	blˈuːzən	0.33
Blutalkohol	blˈuːtalkohˌoːl	0.45
Blutalkoholkonzentration	blˈuːtalkohoːlkɔntsɛntratsˌioːn	0.54
Blutalkoholkonzentrationen	blˈuːtalkohoːlkɔntsɛntratsˌioːnən	0.5
Blutalkohols	blˈuːtalkohˌoːls	0.5
Bluthochdruck	blˈuːthˌoːxdrʊk	0.27
Bluthusten	blˈuːthˌuːstən	0.3
Bluthustens	blˈuːthˌuːstəns	0.27
Blutkrebse	blˈuːtkrˌeːpsə	0.3
Blutkrebsen	blˈuːtkrˌeːpsən	0.27
Blutkrebses	blˈuːtkrˌeːpsəs	0.27
Bluträuschen	blˈuːtrˌɔɪʃən	0.42
Blutspende	blˈuːtʃpˌɛndə	0.3
Blutspenden	blˈuːtʃpɛndən	0.27
Blutspender	blˈuːtʃpˌɛndɜ	0.3
Blutspenderinnen	blˈuːtʃpɛndərˌɪnən	0.27
Blutspenders	blˈuːtʃpˌɛndɜs	0.27
Bluttat	blˈuːttˌaːt	0.29
Bluttest	blˈuːttˌɛst	0.38
Bluttests	blˈuːttˌɛsts	0.33
Bluttäubling	blˈuːttˌɔɪplɪŋ	0.36
Bluttäublinge	blˈuːttˌɔɪplɪŋə	0.33
Bluttäublingen	blˈuːttˌɔɪplɪŋən	0.31
Bluttäublings	blˈuːttˌɔɪplɪŋs	0.33
Blutzeuge	blˈuːttsˌɔɪɡə	0.3
Blutzeugen	blˈuːttsˌɔɪɡən	0.27
Blödmann	blˈøːtmˌan	0.29
Blödsinn	blˈøːtzˌɪn	0.29
Blöffsack	blˈœfːsak	0.29
Blüschen	blˈyːsçən	0.38
Blüschens	blˈyːsçəns	0.33
Boardings	bˈɔːɾdɪŋs	0.29
Boatpeople	bˈɔʊtpˌiːpəl	0.6
Boatpeoplen	bˈɔʊtpˌiːpəln	0.55
Bobtail	bˈɔpteːl	0.29
Boccia	bˈɔtʃa	0.4
Boccias	bˈɔtʃas	0.33
Bochumerinnen	bˈoːxʊmərɪnən	0.27
Bochumern	bˈoːxʊmɜn	0.29
Bochumers	bˈoːxʊmɜs	0.29
Bodensafe	bˈoːdənsˌɛɪf	0.44
Bodensafes	bˈoːdənsˌɛɪfs	0.4
Bodhisattwa	bodizˈatva	0.3
Bodhisattwas	bodizˈatvas	0.27
Bodhrán	bˈɔːrɑːn	0.29
Body-Shaming	bˈɔdiʃˌɛɪmɪŋ	0.3
Body-Shamings	bˈɔdiʃˌɛɪmɪŋs	0.27
Body-Styling	bˈɔdistˌaɪlɪŋ	0.36
Body-Stylings	bˈɔdistˌaɪlɪŋs	0.33
Bodybuilder	bˈɔdibˌɪldɜ	0.3
Bodybuilderinnen	bˈɔdibˌɪldərɪnən	0.27
Bodybuildern	bˈɔdibˌɪldɜn	0.27
Bodybuilders	bˈɔdibˌɪldɜs	0.27
Bodybuilding	bˈɔdibˌɪldɪŋ	0.27
Bodycam	bˈɔdikˌɛm	0.43
Bodycams	bˈɔdikˌɛms	0.38
Bodycheck	bˈɔditʃˌɛk	0.5
Bodychecks	bˈɔditʃˌɛks	0.44
Bodyflying	bˈɔdiflˌaɪɪŋ	0.4
Bodyflyings	bˈɔdiflˌaɪɪŋs	0.36
Bodyguard	bˈɔdiɡˌaːɾt	0.33
Bodyguards	bˈɔdiɡˌaːɾts	0.3
Bodylotion	bˈɔdilˌɔʊʃən	0.64
Bodylotions	bˈɔdilˌɔʊʃəns	0.58
Bodys	bˈɔdis	0.4
Bodyshaming	bˈɔdiʃˌɛɪmɪŋ	0.5
Bodyshamings	bˈɔdiʃˌɛɪmɪŋs	0.45
Bodystyling	bˈɔdistˌaɪlɪŋ	0.36
Bodystylings	bˈɔdistˌaɪlɪŋs	0.33
Boehlke	bˈøːlkə	0.33
Boehlkes	bˈøːlkəs	0.29
Boehme	bˈøːmə	0.4
Boehmes	bˈøːməs	0.33
Boerewors	bˈuːrəvˌɔɾs	0.38
Bogey	bˈoːɡi	0.4
Bogeys	bˈoːɡis	0.33
Boheme	boˈɛːm	0.4
Bohemien	boemˈiɛ̃ː	0.29
Bohemienne	boemˈiɛn	0.29
Bohemiens	bohemˈiɛːs	0.56
Bohrgeräuschen	bˈoːɾɡərˌɔɪʃən	0.38
Bohringenieur	bˈoːɾɪnʒenˌiøːɾ	0.27
Bohème	boˈɛːm	0.4
Bohémien	bohemˈiɛ̃ː	0.38
Bohémiens	bohemˈiɛːs	0.56
Boiler	bˈɔɪlɜ	0.4
Boilern	bˈɔɪlɜn	0.33
Boilers	bˈɔɪlɜs	0.33
Bois de Boulogne	bwa də bulˈɔnjə	0.46
Boizenburg	bˈɔɪtsənbˌʊɾk	0.27
Bokmål	bˈʊkmoːl	0.33
Bokmåls	bˈʊkmoːls	0.29
Bolchs	bɔlçs	0.33
Bollywood	bˈɔliwʊt	0.43
Bollywood-Film	bˈɔliwʊtfˌɪlm	0.27
Bollywoods	bˈɔliwʊts	0.38
Bologna	bolˈɔnja	0.29
Bolognese	bolɔnjˈeːzə	0.44
Bolognesin	bolɔnjˈeːzɪn	0.3
Bombardement	bɔmbaɾdəmˈɑ̃ː	0.33
Bombardements	bɔmbaɾdəmˈɑ̃ːs	0.31
Bonbon	bɔ̃bˈɔ̃ː	0.5
Bonbonglas	bɔ̃bˈɔ̃ːɡlˌaːs	0.3
Bonbonglase	bɔ̃bˈɔ̃ːɡlˌaːzə	0.27
Bonbongläser	bɔ̃bˈɔ̃ːɡlˌaːzɜ	0.36
Bonbongläsern	bɔ̃bˈɔ̃ːɡlˌaːzɜn	0.33
Bonbonniere	bõbɔnˈieːrə	0.3
Bonbonnieren	bõbɔnˈieːrən	0.27
Bonbons	bɔ̃bˈɔ̃ːs	0.43
Bondage	bˈɔndɪtʃ	0.43
Bondscoach	bˈɔntskˌɔʊtʃ	0.4
Bondscoachs	bˈɔntskˌɔʊtʃs	0.36
Bonfire Night	bˈɔnfaɪɜnˌaɪt	0.27
Bonmot	bɔ̃mˈoː	0.33
Bonmots	bɔ̃mˈoːs	0.29
Bonnet	bɔnˈeː	0.4
Bons	bɔ̃ːs	0.5
Bonsela	bˌɔnsˈɛːla	0.29
Bonvivant	bõvivˈɑ̃ː	0.44
Bonvivants	bõvivˈɑ̃ːs	0.4
Boomers	bˈuːmɜs	0.4
Bootsunglück	bˈoːtsʊnɡlˌʏk	0.3
Bootsunglücke	bˈoːtsʊnɡlˌʏkə	0.27
Bootsunglücks	bˈoːtsʊnɡlˌʏks	0.27
Bordbuch	bˈɔɾtbˌuːx	0.29
Bordeaux	bɔɾdˈoː	0.56
Bordeauxdogge	bɔɾdˈoːdˌɔɡə	0.38
Bordeauxdoggen	bɔɾdˈoːdˌɔɡən	0.36
Bordeauxflasche	bɔɾdˈoːflˌaʃə	0.36
Bordeauxflaschen	bɔɾdˈoːflˌaʃən	0.33
Bordeaux’	bɔɾdˈoːs	0.44
Bordellier	bɔɾdɛljˈeː	0.38
Bordelliers	bɔɾdɛljˈeːs	0.33
Bordrestaurant	bˈɔɾtrɛstorˌɑ̃ː	0.36
Bordrestaurants	bˈɔɾtrɛstorˌɑ̃ːs	0.33
Bordservice	bˈɔɾtsˌøːɾvɪs	0.4
Bordservices	bˈɔɾtsˌøːɾvɪss	0.5
Borinage	bɔrinˈaːʃ	0.38
Borinages	bɔrinˈaːʃs	0.33
Borrelie	bɔrˈeːliə	0.29
Borrelien	bɔrˈeːliən	0.33
Borreliose	bɔrelˈioːzə	0.3
Borreliosen	bɔrelˈioːzən	0.27
Borsäureester	bˈoːɾzɔɪrəˌɛstɜ	0.33
Borsäureestern	bˈoːɾzɔɪrəˌɛstɜn	0.31
Borsäureesters	bˈoːɾzɔɪrəˌɛstɜs	0.31
Bostitchen	bˈɔstɪtʃən	0.3
Boston Tea Party	bɔstəntˈiːpˌaːɾti	0.31
Botschaftsangestellte	bˈoːtʃaftsˌanɡəʃtɛltə	0.28
Botschaftsangestelltem	bˈoːtʃaftsˌanɡəʃtɛltəm	0.26
Botschaftsangestellten	bˈoːtʃaftsˌanɡəʃtɛltən	0.26
Botschaftsangestellter	bˈoːtʃaftsˌanɡəʃtɛltɜ	0.28
Bottichs	bˈɔtɪçs	0.29
Bougainvillea	buɡɛ̃vˈɪlea	0.27
Bougainvillie	buɡɛvˈɪliə	0.4
Bougainvillien	buɡɛvˈɪliən	0.38
Bouillabaisse	bujabˈɛːs	0.5
Bouillabaisses	bujabˈɛːs	0.55
Bouillon	buljˈɔŋ	0.67
Bouillons	buljˈɔŋs	0.57
Bouquet	bukˈeː	0.5
Bouquets	bukˈeːs	0.43
Bourbon	bˈœːɾbən	0.33
Bourbons	bˈœːɾbəns	0.29
Bourgeois	bʊɾʒˈoa	0.62
Bourgeoisie	bʊɾʒoazˈiː	0.44
Bourgeoisien	bʊɾʒoazˈiːən	0.36
Bouteille	butˈɛːj	0.57
Bouteillen	butˈɛːjən	0.38
Boutiquehotel	butˈiːkhotˌɛl	0.27
Bowle	bˈoːlə	0.4
Bowlen	bˈoːlən	0.33
Bowlens	bˈoːləns	0.29
Bowler	bˈoːlɜ	0.4
Bowlern	bˈoːlɜn	0.33
Bowlers	bˈoːlɜs	0.33
Bowleschüssel	bˈoːləʃˌʏsəl	0.3
Bowleschüsseln	bˈoːləʃˌʏsəln	0.27
Bowling	bˈoːlɪŋ	0.33
Bowlings	bˈoːlɪŋs	0.29
Bowls	boːls	0.4
Boxchampion	bˈɔkstʃˌɛmpiən	0.42
Boxchampions	bˈɔkstʃˌɛmpiəns	0.38
Boyers	bˈɔɪɜs	0.4
Br.-M.	brˈantmˌaɪstɜ	0.82
Br.-Mstr.	brˈantmˌaɪstɜ	0.75
Braais	brˈɛiːs	0.4
Bracelet	braslˈɛ	0.5
Bracelets	braslˈɛs	0.44
Brachse	brˈaksə	0.33
Brachsen	brˈaksən	0.29
Braeunle	brˈɔɪnlə	0.29
Brailleschrift	brˈaːjəʃrˌɪft	0.27
Branche	brˈɑ̃ːʃə	0.43
Branchen	brˈɑ̃ːʃən	0.38
Branchenverband	brˈɑ̃ːʃənfɛɾbˌant	0.29
Branchenverbands	brˈɑ̃ːʃənfɛɾbˌants	0.27
Branchenverbände	brˈɑ̃ːʃənfɛɾbˌɛndə	0.27
Brandys	brˈɛndis	0.29
Braunware	brˈaʊnvˌaːrə	0.67
Brazzaville	brazavˈil	0.4
Brazzavilles	brazavˈils	0.36
Break	brɛɪk	0.4
Breakcore	brˈɛɪkkɔːɾ	0.44
Breakcores	brˈɛɪkkɔːɾs	0.4
Breakdance	brˈɛɪkdˌɛns	0.33
Breakdances	brˈɛɪkdˌɛnsəs	0.45
Breaks	brɛɪks	0.33
Brechstange	brˈɛçʃtˌaŋə	0.3
Brechstangen	brˈɛçʃtˌaŋən	0.27
Bredouillen	bredˈʊljən	0.33
Breeches	brˈɪtʃəs	0.43
Bremervörde	brˌeːmɜfˈøːɾdə	0.27
Breschnew-Doktrin	brˈɛʒnɛfdɔktrˌiːn	0.36
Brescia	brˈeʃʃa	0.57
Brescias	brˈeʃʃas	0.5
Bretagne	brətˈanjə	0.38
Brezn	brˈeːtsən	0.29
Brick Lane	bɹˈɪklˌɛɪn	0.5
Bridge	brɪtʃ	0.6
Bridgepartie	brˈɪtʃpaɾtˌiː	0.27
Bridges	brɪtʃs	0.43
Bridgespieler	bɹˈɪdʒʃpˌiːlɜ	0.27
Bridgetisch	brˈɪtʃtˌɪʃ	0.33
Bridgetische	brˈɪtʃtˌɪʃə	0.3
Bridgetischen	brˈɪtʃtˌɪʃən	0.27
Bridgetisches	brˈɪtʃtˌɪʃəs	0.27
Bridgetischs	brˈɪtʃtˌɪʃs	0.3
Bridgetown	brˈɪdʒtaʊn	0.4
Bridgetowns	brˈɪdʒtaʊns	0.36
Bridgmanits	brɪtʃmanˈɪts	0.27
Brighton Beach	bɹaɪtənbˈiːtʃ	0.27
Brillenetuis	brˈɪlənɛtvˌiːs	0.27
Brioche	briˈɔʃ	0.71
Brioches	briˈɔʃs	0.62
Brisbane	brˈɪsbɛɪn	0.38
Brisbanes	brˈɪsbɛɪns	0.33
Brit-Pop	brˈɪtpˌɔp	0.29
Broad Peak	bɹɔːdpˈiːk	0.67
Broad Peaks	bɹɔːdpˈiːks	0.6
Broadway	brˈoːtveː	0.5
Broadway-Musical	brˈɔːdwɛɪmjˌuːzɪkəl	0.4
Broadway-Musicals	brˈɔːdwɛɪmjˌuːzɪkəls	0.38
Broadways	brˈoːtveːs	0.44
Brogue	brəʊɡ	0.6
Brogues	brˈəʊɡs	0.57
Broiler	brˈɔɪlɜ	0.33
Broilern	brˈɔɪlɜn	0.29
Broilers	brˈɔɪlɜs	0.29
Bromance	brˈɔʊmɛns	0.38
Bromances	brˈɔʊmɛnsɪs	0.4
Bromelien	bromˈeːliən	0.3
Bromeliengewächs	bromˈeːliənɡəvˌɛks	0.33
Bromeliengewächse	bromˈeːliənɡəvˌɛksə	0.31
Bromeliengewächsen	bromˈeːliənɡəvˌɛksən	0.29
Bromeliengewächses	bromˈeːliənɡəvˌɛksəs	0.29
Bronze	brˈɔ̃ːsə	0.29
Bronzeaxt	brˈɔ̃ːsəˌakst	0.27
Bronzedenkmal	brˈɔ̃ːsədˌɛŋkmaːl	0.29
Bronzedenkmale	brˈɔ̃ːsədˌɛŋkmaːlə	0.27
Bronzedenkmals	brˈɔ̃ːsədˌɛŋkmaːls	0.27
Bronzedenkmäler	brˈɔ̃ːsədˌɛŋkmɛːlɜ	0.27
Bronzedraht	brˈɔ̃ːsədrˌaːt	0.27
Bronzeengel	brˈɔ̃ːsəˌɛŋəl	0.4
Bronzeengeln	brˈɔ̃ːsəˌɛŋəln	0.36
Bronzeengels	brˈɔ̃ːsəˌɛŋəls	0.36
Bronzefigur	brˈɔ̃ːsəfiɡˌuːɾ	0.33
Bronzefiguren	brˈɔ̃ːsəfiɡˌuːrən	0.29
Bronzegefäß	brˈɔ̃ːsəɡəfˌɛːs	0.33
Bronzegefäße	brˈɔ̃ːsəɡəfˌɛːsə	0.31
Bronzegefäßen	brˈɔ̃ːsəɡəfˌɛːsən	0.29
Bronzegefäßes	brˈɔ̃ːsəɡəfˌɛːsəs	0.29
Bronzegießer	brˈɔ̃ːsəɡˌiːsɜ	0.27
Bronzegitter	brˈɔ̃ːsəɡˌɪtɜ	0.27
Bronzegriff	brˈɔ̃ːsəɡrˌɪf	0.27
Bronzehelm	brˈɔ̃ːsəhˌɛlm	0.4
Bronzehelme	brˈɔ̃ːsəhˌɛlmə	0.36
Bronzehelmen	brˈɔ̃ːsəhˌɛlmən	0.33
Bronzehelms	brˈɔ̃ːsəhˌɛlms	0.36
Bronzeherstellung	brˈɔ̃ːsəhˌeːɾʃtɛlʊŋ	0.27
Bronzekopf	brˈɔ̃ːsəkˌɔpf	0.27
Bronzekreuz	brˈɔ̃ːsəkrˌɔɪts	0.31
Bronzekreuze	brˈɔ̃ːsəkrˌɔɪtsə	0.29
Bronzekreuzen	brˈɔ̃ːsəkrˌɔɪtsən	0.27
Bronzekreuzes	brˈɔ̃ːsəkrˌɔɪtsəs	0.27
Bronzemedaille	brˈõːsəmedˌaljə	0.43
Bronzemedaillen	brˈõːsəmedˌaljən	0.4
Bronzeplastik	brˈɔ̃ːsəplˌastɪk	0.29
Bronzespiegel	brˈɔ̃ːsəʃpˌiːɡəl	0.31
Bronzespiegeln	brˈɔ̃ːsəʃpˌiːɡəln	0.29
Bronzespiegels	brˈɔ̃ːsəʃpˌiːɡəls	0.29
Bronzestandbild	brˈɔ̃ːsəʃtˌantbɪlt	0.31
Bronzestandbilder	brˈɔ̃ːsəʃtˌantbɪldɜ	0.29
Bronzestandbildern	brˈɔ̃ːsəʃtˌantbɪldɜn	0.28
Bronzestandbildes	brˈɔ̃ːsəʃtˌantbɪldəs	0.28
Bronzestandbilds	brˈɔ̃ːsəʃtˌantbɪlts	0.29
Bronzestatue	brˈõːsəʃtˌaːtuə	0.38
Bronzestatuen	brˈõːsəʃtˌaːtuən	0.36
Bronzeton	brˈɔ̃ːsətˌoːn	0.3
Bronzetons	brˈɔ̃ːsətˌoːns	0.27
Bronzetor	brˈɔ̃ːsətˌoːɾ	0.3
Bronzetore	brˈɔ̃ːsətˌoːrə	0.27
Bronzetors	brˈɔ̃ːsətˌoːɾs	0.27
Bronzetöne	brˈɔ̃ːsətˌøːnə	0.27
Bronzetür	brˈõːsətˌyːɾ	0.4
Bronzetüren	brˈõːsətˌyːrən	0.33
Bronzevase	brˈɔ̃ːsəvˌaːzə	0.27
Brooklyn	brˈʊklɪn	0.29
Brotbuch	brˈoːtbˌuːx	0.29
Brotherr	brˈoːthˌɛɾ	0.29
Brotherrn	brˈoːthɛɾn	0.38
Brotverdiener	brˈoːtfɛɾdˌiːnɜ	0.31
Browning	bɹˈaʊnɪŋ	0.43
Brownings	bɹˈaʊnɪŋs	0.38
Brownsville	bɹˈaʊnsvɪl	0.4
Brownsvilles	bɹˈaʊnsvɪls	0.36
Browser	brˈaʊzɜ	0.33
Browsern	brˈaʊzɜn	0.29
Browsers	brˈaʊzɜs	0.43
Browserverlauf	bɹˈaʊzɜfɛɾlˌaʊf	0.38
Browserverlaufe	bɹˈaʊzɜfɛɾlˌaʊfə	0.36
Browserverlaufes	bɹˈaʊzɜfɛɾlˌaʊfəs	0.33
Browserverlaufs	bɹˈaʊzɜfɛɾlˌaʊfs	0.36
Browserverläufe	bɹˈaʊzɜfɛɾlˌɔɪfə	0.43
Browserverläufen	bɹˈaʊzɜfɛɾlˌɔɪfən	0.4
Bruay-la-Buissiere	brylabjsjˈɛːr	0.57
Bruay-la-Buissieres	brylabjsjˈɛːrs	0.53
Brumaire	brymˈɛːɾ	0.5
Brumaires	brymˈɛːɾs	0.44
Brunch	brantʃ	0.5
Brunche	brˈantʃə	0.43
Brunchen	brˈantʃən	0.38
Brunches	brˈantʃəs	0.38
Brunchs	brantʃs	0.43
Bruschette	brʊskˈɛte	0.38
Bubble Tea	bˈabəl tˌiː	0.62
Bubble Teas	bˈabəl tˌiːs	0.56
Bubblegum	bˈabəlɡˌam	0.5
Bubblegums	bˈabəlɡˌams	0.44
Buchbestand	bˈuːxbəʃtˌant	0.3
Buchbestande	bˈuːxbəʃtˌandə	0.27
Buchbestands	bˈuːxbəʃtˌants	0.27
Buchbranche	bˈuːxbrˌɑ̃ːʃə	0.4
Buchbranchen	bˈuːxbrˌɑ̃ːʃən	0.36
Buchcover	bˈuːxkˌavɜ	0.29
Buchfinken	bˈuːxfɪŋkŋ̩	0.33
Buchloes	bˈuːxlˌoːəs	0.43
Buchpremiere	bˈuːxprəmˌieːrə	0.33
Buchpremieren	bˈuːxprəmˌieːrən	0.31
Buchrecherche	bˈuːxreʃˌɛɾʃə	0.55
Buchrecherchen	bˈuːxreʃˌɛɾʃən	0.5
Buchreligion	bˈuːxreliɡˌioːn	0.33
Buchreligionen	bˈuːxreliɡˌioːnən	0.29
Buchse	bˈʊksə	0.4
Buchsen	bˈʊksən	0.33
Buchses	bˈʊksəs	0.33
Buchverkäufe	bˈuːxfɛɾkˌɔɪfə	0.27
Buchverkäufer	bˈuːxfɛɾkˌɔɪfɜ	0.27
Buchverkäuferinnen	bˈuːxfɛɾkˌɔɪfərɪnən	0.27
Buckow	bˈuːkoː	0.4
Buckows	bˈuːkoːs	0.33
Buddys	bˈadis	0.4
Budget	bydʒˈeː	0.67
Budgetaufstockung	bydʒˈeːaʊfʃtˌɔkʊŋ	0.27
Budgethoheit	bydʒˈeːhˌoːhaɪt	0.36
Budgetkürzung	bydʒˈeːkˌʏɾtsʊŋ	0.31
Budgetkürzungen	bydʒˈeːkˌʏɾtsʊŋən	0.27
Budgetrecht	bydʒˈeːrˌɛçt	0.36
Budgetrechte	bydʒˈeːrˌɛçtə	0.33
Budgetrechten	bydʒˈeːrˌɛçtən	0.31
Budgetrechtes	bydʒˈeːrˌɛçtəs	0.31
Budgetrechts	bydʒˈeːrˌɛçts	0.33
Budgets	bydʒˈeːs	0.57
Budgetverhandlung	bydʒˈeːfɛɾhˌandlʊŋ	0.33
Budgetverhandlungen	bydʒˈeːfɛɾhˌandlʊŋən	0.29
Bueckle	bˈyklə	0.33
Bueckles	bˈykləs	0.29
Buehler	bˈyːlɜ	0.4
Buehlers	bˈyːlɜs	0.33
Buenos Aires	buˌɛnɔs ˈaɪrɛs	0.45
Buenos Aires’	buˌɛnɔs ˈaɪrɛs	0.45
Buff	baf	0.33
Buffalo	bˈafəlo	0.33
Buffalos	bˈafəlos	0.29
Buffet	bʏfˈeː	0.6
Buffetière	bʏfɛtˈiɛːrə	0.33
Buffetièren	bʏfɛtˈiɛːrən	0.3
Buffets	bʏfˈeːs	0.5
Buggys	bˈaɡis	0.4
Bugrad	bˈuːkrˌaːt	0.33
Bugrade	bˈuːkrˌaːdə	0.29
Bugrads	bˈuːkrˌaːts	0.29
Bugräder	bˈuːkrˌɛːdɜ	0.29
Bugwelle	bˈuːkvˌɛlə	0.29
Bulge	baldʒ	0.6
Bulges	bˈaldʒəs	0.43
Bulletin	bʏltˈɛ̃ː	0.57
Bulletins	bʏltˈɛ̃ːs	0.5
Bullshit	bˈʊlʃɪt	0.29
Bullshits	bˈʊlʃɪts	0.38
Bungalow	bˈʊŋɡalˌo	0.29
Bungee-Jumping	bˈandʒidʒˌampɪŋ	0.62
Bungee-Jumpings	bˈandʒidʒˌampɪŋs	0.57
Bungeejumping	bˈandʒidʒˌampɪŋ	0.62
Bungeejumpings	bˈandʒidʒˌampɪŋs	0.57
Bungeespringen	bˈandʒiʃprˌɪŋən	0.38
Bungeespringens	bˈandʒiʃprˌɪŋəns	0.36
Bungeespringer	bˈandʒiʃprˌɪŋɜ	0.42
Bungeespringerin	bˈandʒiʃprˌɪŋərɪn	0.36
Bungeespringerinnen	bˈandʒiʃprˌɪŋərɪnən	0.38
Bungeespringern	bˈandʒiʃprˌɪŋɜn	0.38
Bungeespringers	bˈandʒiʃprˌɪŋɜs	0.38
Bunkerrest	bˈʊŋkɜrˌɛst	0.33
Bunkerreste	bˈʊŋkɜrˌɛstə	0.3
Bunkerresten	bˈʊŋkɜrˌɛstən	0.27
Bunkerrestes	bˈʊŋkɜrˌɛstəs	0.27
Buntstorches	bˈʊntʃtˌɔɾçəs	0.33
Buntstorchs	bˈʊntʃtˌɔɾçs	0.27
Bureaus	byrˈoːs	0.57
Burgerpatty	bˈœːɾɡɜpˌɛtɪ	0.44
Burgerpattys	bˈœːɾɡɜpˌɛtɪs	0.3
Burglengenfeld	bʊɾklˈɛŋənfˌɛlt	0.36
Burglengenfelds	bʊɾklˈɛŋənfˌɛlts	0.33
Burgund-Franche-Comté	bʊɾɡˌʊntfrɑ̃ʃkõtˈe	0.32
Burgund-Franche-Comtés	bʊɾɡˌʊntfrɑ̃ʃkõtˈes	0.3
Burnout	bˈøːɾnˌaʊt	0.43
Burnouts	bˈøːɾnˌaʊts	0.38
Burro	bˈurə	0.5
Burros	bˈurəs	0.4
Burúshaski	buɾˈuaski	0.3
Burúshaskis	buɾˈuaskis	0.36
Buschauffeur	bˈʊsʃɔfˌøːɾ	0.38
Buschauffeure	bˈʊsʃɔfˌøːrə	0.33
Buschauffeuren	bˈʊsʃɔfˌøːrən	0.3
Buschauffeurs	bˈʊsʃɔfˌøːɾs	0.33
Buschveld	bˈʊʃfˌɛld	0.29
Buschwindröschen	bˈʊʃvɪntrˌøːsçən	0.36
Buschwindröschens	bˈʊʃvɪntrˌøːsçəns	0.33
Buse	bˈuːzə	0.5
Busen	bˈuːzən	0.4
Businessclass	bˈɪznɪsklˌaːs	0.27
Busing	bˈasɪŋ	0.4
Busings	bˈasɪŋs	0.33
Bustier	bʏstˈieː	0.33
Bustiers	bʏstˈieːs	0.29
Busunglück	bˈʊsˌʊnɡlʏk	0.44
Busunglücke	bˈʊsˌʊnɡlʏkə	0.4
Busunglücken	bˈʊsˌʊnɡlʏkən	0.36
Busunglückes	bˈʊsˌʊnɡlʏkəs	0.36
Busunglücks	bˈʊsˌʊnɡlʏks	0.4
Butadien	butadˈieːn	0.33
Butadiens	butadˈieːns	0.3
Butor	bytˈɔɾ	0.4
Butors	bytˈɔɾs	0.33
Butterfly	bˈatɜflaɪ	0.38
Butterflys	bˈatɜflaɪs	0.33
Button	bˈatən	0.4
Button-down-Hemd	batəndˈaʊnhˌɛmt	0.31
Button-down-Hemde	batəndˈaʊnhˌɛmdə	0.29
Button-down-Hemden	batəndˈaʊnhˌɛmdən	0.27
Button-down-Hemdes	batəndˈaʊnhˌɛmdəs	0.27
Button-down-Hemds	batəndˈaʊnhˌɛmts	0.29
Button-down-Kragen	batəndˈaʊnkrˌaːɡən	0.27
Buttons	bˈatəns	0.33
Buy-out	bˈaɪaʊt	0.33
Buy-outs	baɪaʊts	0.29
Buyout	bˈaɪaʊt	0.67
Buyouts	bˈaɪaʊts	0.57
Buzkashi	bˈʊskaʃiː	0.33
Buzzer	bˈazɜ	0.6
Buzzern	bˈazɜn	0.5
Buzzers	bˈazɜs	0.5
Bußgeldbescheid	bˈuːsɡɛltbəʃˌaɪt	0.31
Bußgeldbescheide	bˈuːsɡɛltbəʃˌaɪdə	0.29
Bußgeldbescheiden	bˈuːsɡɛltbəʃˌaɪdən	0.27
Bußgeldbescheides	bˈuːsɡɛltbəʃˌaɪdəs	0.27
Bußgeldbescheids	bˈuːsɡɛltbəʃˌaɪts	0.29
Bußgeldtatbestand	bˈuːsɡɛlttˌaːtbəʃtant	0.29
Bußgeldtatbestandes	bˈuːsɡɛlttˌaːtbəʃtandəs	0.26
Bußgeldtatbestands	bˈuːsɡɛlttˌaːtbəʃtants	0.28
Bydgoszcz	bˈɨdɡɔʃtʃ	0.55
Bydgoszcz’	bˈɨdɡɔʃtʃ	0.55
Bypass	bˈaɪpˌas	0.33
Bypass-Operation	bˈaɪpasopəratsˌioːn	0.27
Bypassoperation	bˈaɪpasopəratsˌioːn	0.27
Bypässe	bˈaɪpˌɛsə	0.29
Bändsel	bˈɛntsəl	0.29
Bäuschen	bˈɔɪʃən	0.5
Béret	berˈeː	0.4
Bête	bɛːt	0.5
Börek	bˈœrɛk	0.4
Böreks	bˈœrɛks	0.33
Börsl	bˈœɾzəl	0.33
Börsln	bœɾzəln	0.29
Börsls	bœɾzəls	0.29
Böttcher	bˈœtçɜ	0.33
Böttcherei	bœtçərˈaɪ	0.33
Böttchereien	bœtçərˈaɪən	0.27
Böttcherinnen	bˈœtçərɪnən	0.27
Böttchern	bˈœtçɜn	0.29
Böttchers	bˈœtçɜs	0.29
Böttcherwerkstatt	bˈœtçɜvˌɛɾkʃtat	0.29
Bückware	bˈʏkvˌaːrə	0.57
Büffet	bʏfˈeː	0.4
Büffets	bʏfˈeːs	0.33
Bürgerservice	bˈʏɾɡɜsˌœːɾvɪs	0.27
Bürgerservices	bˈʏɾɡɜsˌœːɾvɪsəs	0.31
Büroetage	byrˈoːetˌaːʒə	0.33
Büroetagen	byrˈoːetˌaːʒən	0.3
Bœuf bourguignon	bœfbuɾɡinjˈɔ̃	0.54
CD-Players	tseːdˈeːplˌɛɪɜs	0.27
CEOs	sˌiːiːɔʊs	0.83
CERN	tsɛɾn	0.4
CERT	tsˈɛɾt	0.4
CERTs	tsɛɾts	0.33
CETA	tsˈɛːta	0.6
CFA-Franc	seɛfˈafrˌɑ̃ː	0.27
CFOs	sˌiːɛfˈɔʊs	0.71
CIA-Abteilung	siːaɪˈɛɪaptˌaɪlʊŋ	0.36
CIA-Abteilungen	siːaɪˈɛɪaptˌaɪlʊŋən	0.31
CIA-Agent	siːaɪˈɛɪaɡˌɛnt	0.45
CIA-Agenten	siːaɪˈɛɪaɡˌɛntən	0.38
CIA-Agentin	siːaɪˈɛɪaɡˌɛntɪn	0.46
CIA-Agentinnen	siːaɪˈɛɪaɡˌɛntɪnən	0.4
CIA-Angestellte	siːaɪˈɛɪˌanɡəʃtɛltə	0.31
CIA-Angestelltem	siːaɪˈɛɪˌanɡəʃtɛltəm	0.29
CIA-Angestellten	siːaɪˈɛɪˌanɡəʃtɛltən	0.29
CIA-Angestellter	siːaɪˈɛɪˌanɡəʃtɛltɜ	0.31
CIA-Außenstelle	siːaɪˈɛɪaʊsənʃtˌɛlə	0.31
CIA-Außenstellen	siːaɪˈɛɪaʊsənʃtˌɛlən	0.29
CIA-Beamte	siːaɪˈɛɪbəˌamtə	0.42
CIA-Beamtem	siːaɪˈɛɪbəˌamtəm	0.38
CIA-Beamten	siːaɪˈɛɪbəˌamtən	0.38
CIA-Beamter	siːaɪˈɛɪbəˌamtɜ	0.42
CIA-Bericht	siːaɪˈɛɪbərˌɪçt	0.42
CIA-Berichte	siːaɪˈɛɪbərˌɪçtə	0.38
CIA-Berichten	siːaɪˈɛɪbərˌɪçtən	0.36
CIA-Berichtes	siːaɪˈɛɪbərˌɪçtəs	0.36
CIA-Berichts	siːaɪˈɛɪbərˌɪçts	0.38
CIA-Büro	siːaɪˈɛɪbyrˌoː	0.4
CIA-Büros	siːaɪˈɛɪbyrˌoːs	0.45
CIA-Chef	siːaɪˈɛɪʃˌɛf	0.44
CIA-Chefin	siːaɪˈɛɪʃˌɛfɪn	0.64
CIA-Chefinnen	siːaɪˈɛɪʃˌɛfɪnən	0.54
CIA-Chefs	siːaɪɛɪʃˌɛfs	0.5
CIA-Deckname	siːaɪˈɛɪdˌɛknaːmə	0.38
CIA-Decknamen	siːaɪˈɛɪdˌɛknaːmən	0.36
CIA-Decknamens	siːaɪˈɛɪdˌɛknaːməns	0.33
CIA-Direktor	siːaɪˈɛɪdirˌɛktoːɾ	0.36
CIA-Direktoren	siːaɪˈɛɪdirɛktˌoːrən	0.31
CIA-Direktorin	siːaɪˈɛɪdirˌɛktoːrɪn	0.31
CIA-Direktorinnen	siːaɪˈɛɪdirˌɛktoːrɪnən	0.28
CIA-Direktors	siːaɪˈɛɪdirˌɛktoːɾs	0.33
CIA-Flugzeug	siːaɪˈɛɪflˌuːktsɔɪk	0.47
CIA-Flugzeuge	siːaɪˈɛɪflˌuːktsɔɪɡə	0.44
CIA-Flugzeugen	siːaɪˈɛɪflˌuːktsɔɪɡən	0.41
CIA-Flugzeuges	siːaɪˈɛɪflˌuːktsɔɪɡəs	0.41
CIA-Flugzeugs	siːaɪˈɛɪflˌuːktsɔɪks	0.44
CIA-Gefängnis	siːaɪˈɛɪɡəfˌɛŋnɪs	0.36
CIA-Gefängnisse	siːaɪˈɛɪɡəfˌɛŋnɪsə	0.33
CIA-Gefängnissen	siːaɪˈɛɪɡəfˌɛŋnɪsən	0.31
CIA-Gefängnisses	siːaɪˈɛɪɡəfˌɛŋnɪsəs	0.31
CIA-Hauptquartier	siːaɪˈɛɪhˌaʊptkvaɾtiːɾ	0.28
CIA-Hauptquartiere	siːaɪˈɛɪhˌaʊptkvaɾtiːrə	0.26
CIA-Hauptquartieren	siːaɪˈɛɪhˌaʊptkvaɾtiːrə	0.32
CIA-Hauptquartiers	siːaɪˈɛɪhˌaʊptkvaɾtiːɾs	0.26
CIA-Karriere	siːaɪˈɛɪkarˌieːrə	0.54
CIA-Karrieren	siːaɪˈɛɪkarˌieːrən	0.5
CIA-Kollege	siːaɪˈɛɪkɔlˌeːɡə	0.42
CIA-Kollegen	siːaɪˈɛɪkɔlˌeːɡən	0.38
CIA-Kontakt	siːaɪˈɛɪkɔntˌakt	0.38
CIA-Kontakte	siːaɪˈɛɪkɔntˌaktə	0.36
CIA-Kontakten	siːaɪˈɛɪkɔntˌaktən	0.33
CIA-Kontaktes	siːaɪˈɛɪkɔntˌaktəs	0.33
CIA-Kontakts	siːaɪˈɛɪkɔntˌakts	0.36
CIA-Leute	siːaɪˈɛɪlˌɔɪtə	0.55
CIA-Leuten	siːaɪˈɛɪlˌɔɪtən	0.5
CIA-Mann	siːaɪˈɛɪmˌan	0.44
CIA-Mannes	siːaɪˈɛɪmˌanəs	0.45
CIA-Manns	siːaɪˈɛɪmˌans	0.5
CIA-Mission	siːaɪˈɛɪmɪsˌioːn	0.5
CIA-Missionen	siːaɪˈɛɪmɪsˌioːnən	0.43
CIA-Mitarbeiter	siːaɪˈɛɪmˌɪtaɾbaɪtɜ	0.31
CIA-Mitarbeitern	siːaɪˈɛɪmˌɪtaɾbaɪtɜn	0.29
CIA-Mitarbeiters	siːaɪˈɛɪmˌɪtaɾbaɪtɜs	0.29
CIA-Männer	siːaɪˈɛɪmˌɛnɜ	0.5
CIA-Männern	siːaɪˈɛɪmˌɛnɜn	0.45
CIA-Niederlassung	siːaɪˈɛɪnˌiːdɜlasʊŋ	0.33
CIA-Niederlassungen	siːaɪˈɛɪnˌiːdɜlasʊŋən	0.29
CIA-Offizier	siːaɪˈɛɪɔfitsˌiːɾ	0.38
CIA-Offiziere	siːaɪˈɛɪɔfitsˌiːrə	0.36
CIA-Offizieren	siːaɪˈɛɪɔfitsˌiːrən	0.33
CIA-Offiziers	siːaɪˈɛɪɔfitsˌiːɾs	0.36
CIA-Operation	siːaɪˈɛɪopəratsˌioːn	0.47
CIA-Operationen	siːaɪˈɛɪopəratsˌioːnən	0.41
CIA-Pilot	siːaɪˈɛɪpilˌoːt	0.45
CIA-Piloten	siːaɪˈɛɪpilˌoːtən	0.38
CIA-Quelle	siːaɪˈɛɪkvˌɛlə	0.45
CIA-Quellen	siːaɪˈɛɪkvˌɛlən	0.42
CIA-Spion	siːaɪˈɛɪʃpiˌoːn	0.64
CIA-Spione	siːaɪˈɛɪʃpiˌoːnə	0.58
CIA-Spionen	siːaɪˈɛɪʃpiˌoːnən	0.54
CIA-Spionin	siːaɪˈɛɪʃpˌioːnɪn	0.54
CIA-Spioninnen	siːaɪˈɛɪʃpˌioːnɪnən	0.47
CIA-Spions	siːaɪˈɛɪʃpiˌoːns	0.58
CIA-Station	siːaɪˈɛɪʃtatsˌioːn	0.43
CIA-Stationen	siːaɪˈɛɪʃtatsˌioːnən	0.38
CIA-Stützpunkt	siːaɪˈɛɪʃtˌʏtspʊŋkt	0.31
CIA-Stützpunkte	siːaɪˈɛɪʃtˌʏtspʊŋktə	0.29
CIA-Stützpunkten	siːaɪˈɛɪʃtˌʏtspʊŋktən	0.28
CIA-Stützpunktes	siːaɪˈɛɪʃtˌʏtspʊŋktəs	0.28
CIA-Stützpunkts	siːaɪˈɛɪʃtˌʏtspʊŋkts	0.29
CIA-Veteran	siːaɪˈɛɪvetərˌaːn	0.5
CIA-Veteranen	siːaɪˈɛɪvetərˌaːnən	0.43
CO2s	tsˌeːotsvˈaɪs	0.4
CO₂-Budget	tseːotsvˈaɪbydʒˌeː	0.27
CO₂-Wert	tseːotsvˈaɪvˌeːɾt	0.31
CO₂s	tsˌeːotsvˈaɪs	0.4
CPUs	tseːpeːˈuːs	0.29
Cabaret	kabarˈeː	0.29
Cabernet	kˌabɜnˈeː	0.29
Cabernet Franc	kabɛɾnˈeː frɑ̃	0.42
Cabernet Francs	kabɛɾnˈeː frɑ̃	0.46
Cabernet Sauvignon	kabɜnˈeːt zovinjɔ̃	0.5
Cabernet Sauvignons	kabɜnˈeːt zovinjɔ̃	0.47
Cabrio	kˈaːbrio	0.29
Cabriolet	kabriolˈeː	0.4
Cabriolets	kabriolˈeːs	0.36
Cache-sexe	kaʃəzˈɛks	0.4
Caches	kˈɛʃəs	0.4
Cachesexe	kaʃsˈɛks	0.44
Cachucha	katʃˈʊtʃa	0.5
Cadillac	kˈɛdɪlɛk	0.29
Caelius	tsˈɛːliʊs	0.29
Caen	kɑ̃ː	0.67
Caens	kɑ̃ːs	0.5
Caesar	tsˈɛːzaɾ	0.33
Caesium	tsˈɛːziʊm	0.29
Café au Lait	kafeolˈɛ	0.5
Cairn	kɛɾn	0.4
Cairns	kɛɾns	0.33
Cajon	kaxˈɔn	0.4
Cajons	kaxˈɔns	0.33
Cajón	kaxˈɔn	0.4
Cajóns	kaxˈɔns	0.33
Cakewalk	kˈɛɪkwˌɔːk	0.75
Cakewalks	kˈɛɪkwˌɔːks	0.67
Calais	kalˈɛː	0.5
Calais’	kalˈɛːs	0.33
Calanques	kalˈɑ̃ks	0.33
Calcit	kaltsˈiːt	0.43
Calciumchlorid	kˈaltsiʊmklorˌiːt	0.29
Calciumchlorids	kˈaltsiʊmklorˌiːts	0.33
Calciumcitrat	kˈaltsiʊmtsitrˌaːt	0.33
Calciumcitrate	kˈaltsiʊmtsitrˌaːtə	0.31
Calciumcitraten	kˈaltsiʊmtsitrˌaːtən	0.29
Calciumcitrats	kˈaltsiʊmtsitrˌaːts	0.31
Caliche	kalˈiːtʃə	0.43
Calisthenics	kalistˈɛnɪks	0.27
Call	kɔːl	0.33
Call-by-Call	kˈoːl baɪ kˈoːl	0.44
Call-by-Calls	kˈoːl baɪ kˈoːls	0.4
Callboy	kˈɔːlbˌɔɪ	0.33
Callboys	kˈɔːlbˌɔɪs	0.29
Callgirl	kˈɔːlɡˌøːɾl	0.29
Calumet	kalumˈɛt	0.29
Calypso	kalˈɪpso	0.29
Camaieu	kamajˈøː	0.29
Cambrai	kɑ̃brˈɛ	0.43
Cambrais	kɑ̃brˈɛs	0.38
Cambridges	kˈeɪmbɹɪdʒs	0.5
Camcorder	kˈɛmkɔɾdɜ	0.38
Camcorders	kˈɛmkɔɾdɜs	0.44
Camembert	kˈaməmbˌeːɾ	0.38
Camemberts	kˈaməmbˌeːɾs	0.33
Cameo	kˈɛmio	0.4
Cameos	kˈɛmios	0.33
Camgirl	kˈɛmɡˌœːɾl	0.29
Camion	kamˈiɔ̃ː	0.5
Camions	kamˈiɔ̃ːs	0.43
Campeche	kampˈeːtʃe	0.5
Campeches	kampˈeːtʃes	0.44
Canaille	kanˈaljə	0.29
Canberra	kˈɛnbəɹə	0.57
Canberras	kˈɛnbəɹəs	0.5
Cancan	kɑ̃kˈɑ̃ː	0.33
Cancans	kɑ̃kˈɑ̃ːs	0.29
Cancel Culture	kˈɛntsəlkˌaltʃɜ	0.38
Cancel-Culture	kˈɛntsəlkˌaltʃɜ	0.38
Cancelculture	kˈɛntsəlkˌaltʃɜ	0.46
Candid	kˈandɪd	0.33
Cannes	kan	0.4
Canyon	kˈɛnjən	0.5
Canyoning	kˈɛnjənɪŋ	0.38
Canyonings	kˈɛnjənɪŋs	0.33
Canyons	kˈɛnjəns	0.43
Cape	kɛɪp	0.75
Cape Cod	kɛɪpkˈɔt	0.57
Cape Cods	kɛɪpkˈɔts	0.38
Cape-Cod-Stil	kɛɪpkˈɔtstˌiːl	0.45
Cape-Cod-Stiles	kɛɪpkˈɔtstˌiːləs	0.38
Cape-Cod-Stils	kɛɪpkɔtstˌiːls	0.42
Capes	kɛɪps	0.6
Capoeira	kapoˈeːra	0.29
Capsaicin	kapsaitsˈiːn	0.4
Capsaicins	kapsaitsˈiːns	0.36
Caquelon	kakəlˈɔ̃ː	0.38
Caquelons	kakəlˈɔ̃ːs	0.33
Carbon Copy	kˌaːbən kˈɔpiː	0.3
Carbon Copys	kˌaːbən kˈɔpiːs	0.36
Carjacking	kˈaːɾdʒˌɛkɪŋ	0.33
Carjackings	kˈaːɾdʒˌɛkɪŋs	0.3
Carpaccio	kˌaɾpˈatʃo	0.33
Carpaccios	kˌaɾpˈatʃos	0.3
Carpentier	kaɾpɑ̃tˈieː	0.33
Carpentiers	kaɾpɑ̃tˈieːs	0.3
Carsharing	kˈaːɾʃˌɛːrɪŋ	0.33
Carsharings	kˈaːɾʃˌɛːrɪŋs	0.3
Carson Citys	kaːɾsən sˈɪtis	0.45
Carte blanche	kˌaɾt blˈɑ̃ːʃ	0.42
Cash	kɛʃ	0.33
Cashewnuss	kˈɛʃunˌʊs	0.56
Cashewnüsse	kˈɛʃunˌʏsə	0.5
Cashewnüssen	kˈɛʃunˌʏsən	0.45
Cashflow	kˈɛʃfloː	0.29
Castingshow	kˈaːstɪŋʃˌoː	0.3
Castingshows	kˈaːstɪŋʃˌoːs	0.27
Catenaccio	kˌatenˈatʃo	0.4
Catenaccios	kˌatenˈatʃos	0.36
Caterer	kˈɛɪtərɜ	0.33
Caterern	kˈɛɪtərɜn	0.43
Caterers	kˈɛɪtərɜs	0.29
Catering	kˈɛɪtərɪŋ	0.43
Caterings	kˈɛɪtərɪŋs	0.38
Catfishing	kˈɛtfˌɪʃɪŋ	0.33
Catsuit	kˈɛtsjˌuːt	0.57
Catsuits	kˈɛtsjˌuːts	0.5
Catwalk	kˈɛtwˌɔːk	0.57
Catwalks	kˈɛtwˌɔːks	0.5
Causerie	kozərˈiː	0.43
Causerien	kozərˈiːən	0.33
Causeur	kozˈøːɾ	0.33
Causeure	kozˈøːrə	0.29
Causeurin	kozˈøːrɪn	0.33
Causeurinnen	kozˈøːrɪnən	0.27
Causeurs	kozˈøːɾs	0.29
Causeuse	kozˈøːzə	0.29
Cayenne	kajˈɛn	0.33
Cayennepfeffer	kajˈɛnpfˌɛfɜ	0.27
Cayennes	kajˈɛns	0.29
Cedille	sedˈiːjə	0.5
Cedillen	sedˈiːjən	0.43
Cego	tsˈeːɡo	0.4
Cegos	tsˈeːɡos	0.33
Celebrities	səlˈɛbrɪtis	0.27
Celebritys	səlˈɛbrɪtis	0.36
Cellosuite	tʃˈɛlosˌuiːt	0.3
Cellosuiten	tʃˈɛlosˌuiːtn	0.27
Center-Court	sˈɛntəkˌɔːt	0.33
Center-Courts	sˈɛntəkˌɔːts	0.3
Centercourt	sˈɛntəkˌɔːt	0.33
Centercourts	sˈɛntəkˌɔːts	0.3
Centre	sɑ̃ːtɾ	0.4
Centre-Court	sˈɛntəkˌɔːt	0.33
Centre-Courts	sˈɛntəkˌɔːts	0.3
Centrecourt	sˈɛntəkˌɔːt	0.4
Centrecourts	sˈɛntəkˌɔːts	0.36
Cephalothoraces	tsˈefalotorˌaːtseːs	0.4
Cercus	tsˈɛɾkʊs	0.29
Ceres	tsˈeːrɛs	0.5
Ceres’	tsˈeːrɛs	0.5
Cern	tsɛɾn	0.4
Ceroxids	tsˈeːɾɔksˌiːts	0.3
Cers	tseːɾs	0.4
Ces-Dur	tsɛsdˈuːɾ	0.43
Ceuta	θˈeuta	0.6
Ceutas	θˈeutas	0.5
Cevapcici	tʃevˈaptʃitʃi	0.5
Ceviche	sevˈiːtʃə	0.57
Ceviches	sevˈiːtʃəs	0.5
Cha-Cha-Cha	tʃˈatʃˈatʃˈa	0.33
Cha-Cha-Chas	tʃˈatʃˈatʃˈas	0.3
Chablis	ʃablˈiː	0.33
Chachapoya	tʃatʃapˈoja	0.3
Chagrin	ʃaɡrˈɛ̃ː	0.33
Chagrins	ʃaɡrˈɛ̃ːs	0.29
Chaine	ʃˈɛːn	0.6
Chainen	ʃˈɛːnən	0.33
Chaise	ʃˈɛːzə	0.4
Chaiselongue	ʃɛzəlˈɔŋ	0.4
Chaiselonguen	ʃɛzəlˈɔŋən	0.33
Chaiselongues	ʃɛzəlˈɔŋs	0.42
Chaisen	ʃˈɛːzən	0.33
Chakassiens	xakˈasiəns	0.3
Chakassin	xakˈasɪn	0.29
Chalet	ʃalˈeː	0.4
Chalets	ʃalˈeː	0.5
Chalkogen	çalkoɡˈeːn	0.33
Chalkogene	çalkoɡˈeːnə	0.3
Chalkogenen	çalkoɡˈeːnən	0.27
Chalkogens	çalkoɡˈeːns	0.3
Challenge	dʒˈɛlənʃ	0.86
Challenges	dʒˈɛlənʃəs	0.67
Chalumeaus	ʃalymˈoː	0.56
Chambourcin	ʃɑ̃buɾsˈɛ̃	0.44
Chambourcins	ʃɑ̃buɾsˈɛ̃	0.5
Chamosoria	çamosˈoːria	0.3
Chamosorien	çamosˈoːriən	0.27
Chamosorion	çamosˈoːriɔn	0.45
Chamosorions	çamosˈoːriɔns	0.42
Champagne-Ardenne	ʃɑ̃pˌanjaɾdˈɛn	0.36
Champignonartige	ʃˈampɪnjɔŋˌaːɾtɪɡə	0.27
Champignonartiger	ʃˈampɪnjɔŋˌaːɾtɪɡɜ	0.27
Champion	tʃˈɛmpiən	0.5
Champions	tʃˈɛmpiəns	0.44
Champions League	tʃˈɛmpiəns lˈiːk	0.5
Champions-League-Finale	tʃˈɛmpiənsliːkfinˌaːlə	0.33
Champions-League-Finalen	tʃˈɛmpiənsliːkfinˌaːlən	0.32
Champions-League-Finales	tʃˈɛmpiənsliːkfinˌaːləs	0.32
Champions-League-Finali	tʃˈɛmpiənsliːkfinˌaːli	0.33
Champions-League-Finals	tʃˈɛmpiənsliːkfinˌaːls	0.33
Champs-Élysées	ʃɑ̃zelizˈe	0.45
Changchun	tʃaŋtʃuən	0.44
Changchuns	tʃˈaŋtʃuəns	0.4
Changelog	tʃˈɛɪntʃlˌɔk	0.7
Changelogs	tʃˈɛɪntʃlˌɔks	0.64
Changement	ʃɑ̃ːʒəmˈɑ̃	0.75
Changements	ʃɑ̃ːʒəmˈɑ̃s	0.67
Changsha	tʃaŋʃa	0.5
Changshas	tʃˈaŋʃas	0.43
Chansonier	ʃɑ̃sɔnˈieː	0.5
Chansoniers	ʃɑ̃sɔnˈieːs	0.44
Chansonnier	ʃɑ̃sɔnˈieː	0.38
Chansonniers	ʃɑ̃sɔnˈieːs	0.33
Chantarelles	ʃɑ̃tarˈɛl	0.3
Chanukkiot	xˌanʊkˈiɔt	0.44
Chaos	kˈaːɔs	0.5
Chapeaus	ʃapˈoːs	0.43
Chapiteaux	ʃapitˈoː	0.5
Chardonnays	ʃaɾdɔnˈɛ	0.33
Chardschit	xaɾdʒˈiːt	0.57
Chardschiten	xaɾdʒˈiːtən	0.33
Charidschit	xaridʒˈiːt	0.62
Charidschiten	xaridʒˈiːtən	0.4
Charkiw	xˈaɾkiv	0.33
Charkow	xˈaɾkɔf	0.33
Charkows	çˈaɾkɔfs	0.38
Charleston	tʃˈaɾlstən	0.33
Charlestons	tʃˈaɾlstəns	0.3
Charlestown	tʃˈaɾlstaʊn	0.4
Charlestowns	tʃˈaɾlstaʊns	0.36
Charm	tʃɑːm	0.5
Charms	tʃɑːms	0.4
Charoit	tʃˌaroˈiːt	0.29
Charon	çˈaːrɔn	0.5
Charons	çˈaːrɔns	0.43
Chasselas	ʃaslˈa	0.29
Chassids	xasˈiːts	0.33
Chassis	ʃasˈiː	0.4
Chasuble	ʃazˈyːbəl	0.43
Chasubles	ʃazˈyːbəls	0.38
ChatGPT	tʃɛtdʒiːpiːtˈiː	0.55
ChatGPTs	tʃɛtdʒiːpiːtiːs	0.58
Chatbot	tʃˈɛtbˌɔt	0.43
Chatbots	tʃˈɛtbˌɔts	0.38
Chateaubriand	ʃatobriˈɑ̃	0.42
Chateaubriands	ʃatobriˈɑ̃s	0.38
Chateaus	ʃatˈoːs	0.43
Chatroom	tʃˈɛtruːm	0.29
Chattens	tʃˈɛtəns	0.29
Chatter	tʃˈɛtɜ	0.4
Chatterin	tʃˈɛtərɪn	0.29
Chatterinnen	tʃˈɛtərɪnən	0.33
Chattern	tʃˈɛtɜn	0.33
Chatters	tʃˈɛtɜs	0.33
Chatverlauf	tʃˈɛtfɛɾlˌaʊf	0.27
Chatverläufe	tʃˈɛtfɛɾlˌɔɪfə	0.33
Chatverläufen	tʃˈɛtfɛɾlˌɔɪfən	0.31
Chauffeur	ʃɔfˈøːɾ	0.33
Chauffeure	ʃɔfˈøːrə	0.29
Chauffeurin	ʃɔfˈøːrɪn	0.33
Chauffeurinnen	ʃɔfˈøːrɪnən	0.27
Chauffeurs	ʃɔfˈøːɾs	0.29
Chauffeursjob	ʃɔfˈøːɾsdʒˌɔp	0.55
Chauffeursjobs	ʃɔfˈøːɾsdʒˌɔps	0.5
Chauffeuse	ʃɔfˈøːzə	0.29
Chaussee	ʃɔsˈeː	0.4
Chausseebäume	ʃɔsˈeːbˌɔɪmə	0.3
Chausseebäumen	ʃɔsˈeːbˌɔɪmən	0.27
Chausseen	ʃɔsˈeːən	0.29
Chauvi	ʃˈoːvi	0.4
Chauvis	ʃˈoːvis	0.5
Chawer	xavˈeːɾ	0.4
Chawern	xavˈeːɾn	0.33
Chawers	xavˈeːɾs	0.33
Che-Guevara-Poster	tʃeɡevˈaːrapˌoːstɜ	0.38
Che-Guevara-Posters	tʃeɡevˈaːrapˌoːstɜs	0.41
Check-in	tʃˈɛkˌɪn	0.33
Check-ins	tʃˈɛkˌɪns	0.29
Check-out	tʃˈɛkˌaʊt	0.29
Checker	tʃˈɛkɜ	0.4
Checkern	tʃˈɛkɜn	0.33
Checkers	tʃˈɛkɜs	0.33
Checkpoint	tʃˈɛkpˌɔɪnt	0.33
Checkpoints	tʃˈɛkpˌɔɪnts	0.3
Checks	tʃɛks	0.4
Cheddar	tʃˈɛdɜ	0.5
Cheddars	tʃˈɛdɜs	0.43
Chedi	tʃˈeːdi	0.4
Chedis	tʃˈeːdis	0.5
Cheerleader	tʃˈiːɾlˌiːdɜ	0.56
Cheerleaderin	tʃˈiːɾlˌiːdərɪn	0.45
Cheerleaderinnen	tʃˈiːɾlˌiːdərɪnən	0.43
Cheerleadern	tʃˈiːɾlˌiːdɜn	0.5
Cheerleaders	tʃˈiːɾlˌiːdɜs	0.5
Cheeseburger	tʃˈiːsbˌœːɾɡɜ	0.6
Cheeseburgern	tʃˈiːsbˌœːɾɡɜn	0.55
Cheeseburgers	tʃˈiːsbˌœːɾɡɜs	0.55
Cheesesteak	tʃˈiːsstˌeɪk	0.6
Cheesesteaks	tʃˈiːsstˌeɪks	0.55
Chef de Mission	ʃɛf də mɪsˈiɔ̃ː	0.36
Chefankläger	ʃˈɛfanklˌɛːɡɜ	0.36
Chefanklägern	ʃˈɛfanklˌɛːɡɜn	0.33
Chefanklägers	ʃˈɛfanklˌɛːɡɜs	0.33
Chefarzt	ʃˈɛfˌaːɾtst	0.33
Chefarzte	ʃˈɛfˌaːɾtstə	0.3
Chefarztes	ʃˈɛfˌaːɾtstəs	0.27
Chefermittler	ʃˈɛfɛɾmˌɪtlɜ	0.4
Chefermittlerin	ʃˈɛfɛɾmˌɪtlərɪn	0.33
Chefermittlerinnen	ʃˈɛfɛɾmˌɪtlərɪnən	0.33
Chefermittlern	ʃˈɛfɛɾmˌɪtlɜn	0.36
Chefermittlers	ʃˈɛfɛɾmˌɪtlɜs	0.36
Chefetage	ʃˈɛfetˌaːʒə	0.44
Chefetagen	ʃˈɛfetˌaːʒən	0.4
Chefin	ʃˈɛfɪn	0.5
Chefingenieur	ʃˈɛfˌɪnʒenˌiøːɾ	0.55
Chefingenieure	ʃˈɛfˌɪnʒenˌiøːrə	0.5
Chefingenieuren	ʃˈɛfˌɪnʒenˌiøːrən	0.46
Chefingenieurs	ʃˈɛfˌɪnʒenˌiøːɾs	0.5
Chefinnen	ʃˈɛfɪnən	0.38
Chefitäten	ʃɛfitˈɛːtən	0.3
Chefkoch	ʃˈɛfkˌɔx	0.29
Chefportier	ʃˈɛfpɔɾtˌieː	0.3
Chefportiere	ʃˈɛfpɔɾtˌieːə	0.27
Chefportiers	ʃˈɛfpɔɾtˌieːs	0.27
Chefs de Mission	ʃɛf də mɪsˈiɔ̃ː	0.42
Chefärzte	ʃˈɛfˌɛːɾtstə	0.3
Chefärzten	ʃˈɛfˌɛːɾtstən	0.27
Chefärztin	ʃˈɛfˌɛːɾtstɪn	0.27
Cheiloschisen	çaɪlosçˈiːzən	0.46
Cheiloschisis	çaɪlosçˈiːzɪs	0.31
Chelseas	tʃˈɛlsɪs	0.62
Cheminée	ʃəminˈeː	0.43
Cheminées	ʃəminˈeːs	0.38
Chemisett	ʃəmizˈɛt	0.38
Chemisette	ʃəmizˈɛtə	0.33
Chemisetten	ʃəmizˈɛtən	0.3
Chemisettes	ʃəmizˈɛtəs	0.3
Chemisetts	ʃəmizˈɛts	0.33
Chemtrail	kˈɛmtrɛɪl	0.33
Chemtrails	kˈɛmtrɛɪls	0.3
Chengdu	tʃəŋdu	0.5
Chenin Blanc	ʃənˈɛ̃ blɑ̃	0.64
Chenin Blancs	ʃənˈɛ̃ blɑ̃	0.67
Cheops	kˈeːɔps	0.5
Cheops’	kˈeːɔps	0.5
Cherokee	tʃɛrəkˈiː	0.71
Cherokees	tʃɛrəkˈiːs	0.62
Cherson	xɛɾsˈɔn	0.57
Chersons	xɛɾsˈɔns	0.5
Chesapeake Bay	tʃˈɛsəpiːkbˌɛɪ	0.62
Chesapeake-Bucht	tʃˈɛsəpikbˌʊxt	0.57
Chevreauleder	ʃəvrˈoːlˌeːdɜ	0.5
Chevreauledern	ʃəvrˈoːlˌeːdɜn	0.46
Chevreauleders	ʃəvrˈoːlˌeːdɜs	0.46
Cheyenne	ʃaɪˈɛn	0.43
Chia	tʃˈiːa	0.5
Chianti	kˈianti	0.29
Chiantis	kˈiantis	0.38
Chiaroscuro	kiaroskˈuːro	0.27
Chias	tʃˈiːas	0.4
Chic	ʃɪk	0.33
Chicagoer	ʃɪkˈaːɡɔʊɜ	0.38
Chichi	ʃiʃˈiː	0.6
Chichis	ʃiʃˈiːs	0.67
Chicomoztoc	tʃikomˈɔstɔk	0.27
Chicxulub-Krater	tʃikʃulˈubkrˌaːtɜ	0.36
Chicxulub-Kraters	tʃikʃulˈubkrˌaːtɜs	0.33
Chiemsee	kˈiːmzeː	0.33
Chiemsees	kˈiːmzeːs	0.29
Chignon	ʃɪnjˈɔ̃ː	0.86
Chignons	ʃɪnjˈɔ̃ːs	0.75
Chihuahua	tʃiˈuaua	0.29
Chikungunyafieber	tʃikʊnɡˈʊnjafˌiːbɜ	0.4
Chikungunyafiebers	tʃikʊnɡˈʊnjafˌiːbɜs	0.38
Chilene	tʃilˈeːnə	0.29
Chilidog	tʃˈɪlidɔk	0.38
Chilidogs	tʃˈɪlidɔks	0.33
Chilis	tʃˈiːlis	0.33
Chilisorte	tʃˈɪlizˌɔɾtə	0.3
Chilisorten	tʃˈɪlizˌɔɾtən	0.27
Chillout	tʃˈɪlaʊt	0.43
Chillouts	tʃˈɪlaʊts	0.38
Chimurenga	tʃimurˈɛŋɡa	0.3
Chimurengas	tʃimurˈɛŋɡas	0.27
Chinarestaurant	çˈiːnarɛstorˌɑ̃ː	0.27
Chinasäure	kˈiːnazˌɔɪrə	0.3
Chinatown	tʃˈaɪnətˌaʊn	0.7
Chinatowns	tʃˈaɪnətˌaʊns	0.64
Chinchilla	tʃɪntʃˈɪla	0.44
Chinchillaratte	tʃɪntʃˈɪlarˌatə	0.31
Chinchillaratten	tʃɪntʃˈɪlarˌatən	0.29
Chinchillas	tʃɪntʃˈɪlas	0.4
Chinese	çinˈeːzə	0.29
Chinin	kinˈiːn	0.5
Chinins	kinˈiːns	0.43
Chino	tʃˈiːno	0.4
Chinohose	tʃˈiːnohˌoːzə	0.33
Chinohosen	tʃˈiːnohˌoːzən	0.3
Chinook-Helikopter	tʃɪnˈuːkhelikˌɔptɜ	0.27
Chinook-Hubschrauber	tʃɪnˈuːkhuːpʃrˌaʊbɜ	0.33
Chinook-Hubschraubern	tʃɪnˈuːkhuːpʃrˌaʊbɜn	0.31
Chinook-Hubschraubers	tʃɪnˈuːkhuːpʃrˌaʊbɜs	0.31
Chintz	tʃɪnts	0.33
Chintze	tʃˈɪntsə	0.29
Chiphersteller	tʃˈɪpheːɾʃtˌɛlɜ	0.5
Chipherstellern	tʃˈɪpheːɾʃtˌɛlɜn	0.46
Chipherstellers	tʃˈɪpheːɾʃtˌɛlɜs	0.46
Chipindustrie	tʃˈɪpˌɪndustriː	0.33
Chipkartenleser	tʃˈɪpkaɾtənlˌeːzɜ	0.36
Chippendale	tʃˈɪpəndɛɪl	0.5
Chippendale-Tisch	tʃˈɪpəndɛɪltˌɪʃ	0.38
Chippendale-Tische	tʃˈɪpəndɛɪltˌɪʃə	0.36
Chippendale-Tischen	tʃˈɪpəndɛɪltˌɪʃən	0.33
Chippendale-Tisches	tʃˈɪpəndɛɪltˌɪʃəs	0.33
Chippendale-Tischs	tʃˈɪpəndɛɪltˌɪʃs	0.36
Chippendales	tʃˈɪpəndɛɪls	0.45
Chipstüte	tʃˈɪpstˌyːtə	0.33
Chipstüten	tʃˈɪpstˌyːtən	0.3
Chisinau	kˌiʃinˈəʊ	0.5
Chisinaus	kˌiʃinˈəʊs	0.44
Chiswick	tʃˈɪzɪk	0.57
Chiswicks	tʃˈɪzɪks	0.5
Chișinău	kˌiʃinˈəu	0.62
Chișinăus	kˌiʃinˈəʊs	0.44
Chleuh	ʃløː	0.6
Chlorgehalt	klˈoːɾɡəhˌalt	0.3
Chlorgehalte	klˈoːɾɡəhˌaltə	0.27
Chlorgehalts	klˈoːɾɡəhˌalts	0.27
Choke	tʃoːk	0.75
Chokes	tʃoːks	0.6
Cholesteringehalt	kolɛsterˈiːnɡəhˌalt	0.31
Cholesteringehalte	kolɛsterˈiːnɡəhˌaltə	0.29
Cholesteringehalten	kolɛsterˈiːnɡəhˌaltən	0.28
Cholesteringehaltes	kolɛsterˈiːnɡəhˌaltəs	0.28
Cholesteringehalts	kolɛsterˈiːnɡəhˌalts	0.29
Choli	tʃˈoːli	0.4
Cholin	çolˈiːn	0.33
Cholins	çolˈiːns	0.29
Cholis	tʃˈoːlis	0.5
Chomez	xˈɔmɛts	0.5
Chondrit	çɔndrˈiːt	0.38
Chop Suey	tʃɔpsˈuːi	0.86
Chop Sueys	tʃɔpsˈuːis	0.75
Chopper	tʃˈɔpɜ	0.4
Choppern	tʃˈɔpɜn	0.33
Choppers	tʃˈɔpɜs	0.33
Chopsuey	tʃɔpsˈuːi	0.71
Chopsueys	tʃɔpsˈuːis	0.62
Choreen	çorˈeːən	0.29
Chorege	çorˈeːɡə	0.29
Choreus	çorˈeːʊs	0.57
Chorherrn	kˈoːɾhˌɛɾn	0.29
Chorion	kˈoːriɔn	0.33
Chorions	kˈoːriɔns	0.29
Chorizo	tʃorˈɪso	0.57
Chorizos	tʃorˈɪsos	0.5
Chorraum	kˈoːɾrˌaʊm	0.29
Chorräume	kˈoːɾrˌɔɪmə	0.38
Chorräumen	kˈoːɾrˌɔɪmən	0.33
Chow-Chow	tʃaʊtʃˈaʊ	1.0
Chow-Chows	tʃaʊtʃaʊs	0.89
Chrisam	çrˈiːzam	0.29
Chrisma	çrˈɪsma	0.29
Chryseis	çryzˈeːɪs	0.38
Chryseis’	çryzˈeːɪs	0.38
Chrysler Building	kɹˈaɪslɜbˌɪldɪŋ	0.31
Chrysler Buildings	kɹˈaɪslɜbˌɪldɪŋs	0.29
Chthonismus	çtonˈɪsmʊs	0.38
Chuchichäschtli	xˈʊxːɪxˌɛʃtlɪ	0.5
Chunk	tʃaŋk	0.6
Chunking	tʃˈʌnkɪŋ	0.43
Chunkings	tʃˈʌnkɪŋs	0.38
Chunks	tʃˈʌnks	0.67
Chur	kuːɾ	0.5
Churchill	tʃˈəːtʃɪl	0.75
Churchills	tʃˈəːtʃɪls	0.67
Churs	kuːɾs	0.4
Chutney	tʃˈatni	0.71
Chutneys	tʃˈatnis	0.62
Chuzpe	xˈʊtspə	0.29
Châteaus	ʃatˈoːs	0.43
Châtelperronien	ʃatɛlpɛronˈiɛ̃ː	0.43
Chääs	xɛːs	0.8
Ciabatta	tʃabˈata	0.29
Ciabatte	tʃabˈatə	0.29
Cicero	tsˈɪtsero	0.62
Cicerone	tʃitʃerˈoːnə	0.4
Ciceronen	tʃitʃerˈoːnən	0.36
Cicerones	tʃitʃerˈoːnəs	0.36
Ciceroni	tʃitʃerˈoːni	0.4
Ciceronis	tʃitʃerˈoːnis	0.45
Cidre	sˈiːdrə	0.4
Cidres	sˈiːdrəs	0.33
Cilli	tsˈɪli	0.4
Cillis	tsˈɪlis	0.5
Cimbal	tsˈɪmbal	0.29
Cincinnati	sˌɪnsɪnˈɛti	0.33
Cincinnatis	sˌɪnsɪnˈɛtis	0.4
Cindys	sˈɪndis	0.33
Cingula	tsˈɪŋɡula	0.38
Cingulen	tsˈɪŋɡulən	0.33
Cingulum	tsˈɪŋɡulʊm	0.33
Cingulums	tsˈɪŋɡulʊms	0.3
Cinnabarit	tsɪnabarˈiːt	0.3
Cirage	sirˈaːʒə	0.33
Ciragen	sirˈaːʒən	0.29
Circaangabe	tsˈɪɾkaˌanɡaːbə	0.42
Circaangaben	tsˈɪɾkaˌanɡaːbən	0.38
Circe	tsˈɪɾtsə	0.57
Circen	tsˈɪɾtsən	0.5
Circes	tsˈɪɾtsəs	0.5
Circus	tsˈɪɾkʊs	0.29
Cis-Dur	tsˈɪsduːɾ	0.43
Cis-Durs	tsˈɪsduːɾs	0.38
Cisjordanien	tsˈɪsjɔɾdˌaːniən	0.31
Cisjordaniens	tsˈɪsjɔɾdˌaːniəns	0.29
Cisleithanien	tsɪslaɪtˈaːniən	0.31
Cisleithaniens	tsɪslaɪtˈaːniəns	0.29
Cister	tsˈɪstɜ	0.33
Cistern	tsˈɪstɜn	0.29
Citoyen	sitoajˈɛ̃ː	0.75
Citoyens	sitoajˈɛ̃ːs	0.44
Citrat	tsitrˈaːt	0.43
Citrate	tsitrˈaːtə	0.38
Citraten	tsitrˈaːtən	0.33
Citrates	tsitrˈaːtəs	0.33
Citrats	tsitrˈaːts	0.38
Citrin	tsitrˈiːn	0.57
Citrine	tsitrˈiːnə	0.38
Citrinen	tsitrˈiːnən	0.33
Citrins	tsitrˈiːns	0.5
Citronensäure	tsitrˈoːnənzˌɔɪrə	0.36
Citroën	sitroˈɛn	0.43
Citroëns	sitroˈɛns	0.5
Citrus	tsˈiːtrʊs	0.43
Citymaut	sˈɪtimˌaʊt	0.38
Citymauten	sˈɪtimˌaʊtən	0.3
Citys	sˈɪtis	0.6
Clairet	klɛrˈɛ	0.33
Clairets	klɛrˈɛs	0.5
Clause	klɔːz	0.5
Clauses	klˈɔːzɪz	0.57
Claymore	klˈɛɪmɔːɹ	0.5
Claymores	klˈɛɪmɔːɹs	0.44
Cleaver	klˈiːvə	0.5
Cleavern	klˈiːvən	0.43
Cleavers	klˈiːvəs	0.43
Clichés	kliʃˈeːs	0.43
Clickworker	klˈɪkvˌœːɾkɜ	0.33
Clickworkern	klˈɪkvˌœːɾkɜn	0.3
Clickworkers	klˈɪkvˌœːɾkɜs	0.4
Client	klˈaɪənt	0.43
Clients	klˈaɪənts	0.38
Clinch	klɪntʃ	0.33
Clinchs	klɪntʃs	0.29
Clochard	klɔʃˈaːɾ	0.29
Cloche	klɔʃ	0.4
Cloches	klɔʃs	0.33
Cloud	klaʊt	0.4
Clouds	klaʊts	0.33
Clown	klaʊn	0.4
Clownerie	klaʊnərˈiː	0.38
Clownerien	klaʊnərˈiːən	0.3
Clownin	klˈaʊnɪn	0.29
Clowns	klaʊns	0.33
Club-Sandwich	klˈʊpsˌɛntvɪtʃ	0.5
Club-Sandwiche	klˈʊpsˌɛntvɪtʃə	0.46
Club-Sandwichen	klˈʊpsˌɛntvɪtʃən	0.43
Club-Sandwiches	klˈʊpsˌɛntvɪtʃəs	0.43
Club-Sandwichs	klˈʊpsˌɛntvɪtʃs	0.46
Clubobleute	klˈʊpˌɔplɔɪtə	0.36
Clubobmann	klˈʊpˌɔpman	0.33
Clubobmannes	klˈʊpˌɔpmanəs	0.27
Clubobmanns	klˈʊpˌɔpmans	0.3
Clubobmänner	klˈʊpˌɔpmɛnɜ	0.3
Clubobmännern	klˈʊpˌɔpmɛnɜn	0.27
Clyde	klaɪt	0.6
Coaching	kˈɔʊtʃɪŋ	0.57
Coachings	kˈɔʊtʃɪŋs	0.5
Coachs	kɔʊtʃs	0.33
Cochon	kɔʃˈɔ̃ː	0.6
Cochons	kɔʃˈɔ̃ːs	0.5
Cockney	kˈɔkni	0.33
Cockneys	kˈɔknis	0.29
Cocooning	kɔkˈuːnɪŋ	0.29
Codein	kodeˈiːn	0.5
Codeins	kodeˈiːns	0.43
Codex	kˈoːdɛks	0.33
Codices	kˈoːditseːs	0.38
Coelom	tsˌølˈoːm	0.33
Coelomtheorie	tsˌølˈoːmteorˌiː	0.27
Coemeterien	tsømetˈeːriən	0.27
Coemeterium	tsømetˈeːriʊm	0.27
Coffein	kɔfeˈiːn	0.33
Coffeins	kɔfeˈiːns	0.29
Colchicin	kɔlçitsˈiːn	0.3
Colchicins	kɔlçitsˈiːns	0.27
Cold Case	kˈɔʊltkˌɛɪs	0.44
Cold Cases	kˈɔʊltkˌɛɪsəs	0.36
College	kˈɔlɪtʃ	0.5
Collegeabsolvent	kˈɔlɪdʒapzɔlvˌɛnt	0.27
Collegealter	kˈɔlɪdʒˌaltɜ	0.3
Collegealters	kˈɔlɪdʒˌaltɜs	0.27
Collegekurs	kˈɔlɪdʒkˌʊɾs	0.4
Collegekurse	kˈɔlɪdʒkˌʊɾzə	0.27
Collegemappe	kˈɔlɪtʃmˌapə	0.3
Collegemappen	kˈɔlɪtʃmˌapən	0.27
Colleges	kˈɔlɪtʃs	0.43
Collegestadt	kˈɔlɪdʒʃtˌat	0.4
Collegestudent	kˈɔlɪdʒʃtudˌɛnt	0.31
Collegestudenten	kˈɔlɪdʒʃtudˌɛntən	0.27
Collegestudentin	kˈɔlɪdʒʃtudˌɛntɪn	0.27
Collegestädte	kˈɔlɪdʒʃtˌɛtə	0.27
Columbus	kəlˈʌmbəs	0.38
Columbus’	kəlˈʌmbəs	0.38
Come-back	kˌambˈɛk	0.43
Come-backs	kˌambˈɛks	0.38
Comeback	kˌambˈɛk	0.43
Comebacker	kˈambˌɛkɜ	0.38
Comebackern	kˈambˌɛkɜn	0.33
Comebackers	kˈambˌɛkɜs	0.33
Comebacks	kˌambˈɛks	0.38
Comedian	kɔmˈiːdiən	0.38
Comedians	kɔmˈiːdiəns	0.33
Comedienne	kɔmˌiːdiˈɛn	0.5
Comediennes	kɔmˌiːdiˈɛns	0.44
Comedy	kˈɔmədi	0.33
Comedys	kˈɔmədis	0.43
Comic	kˈɔmɪk	0.4
Comicheft	kˈɔmɪkhˌɛft	0.33
Comichefte	kˈɔmɪkhˌɛftə	0.3
Comicheften	kˈɔmɪkhˌɛftən	0.27
Comicheftes	kˈɔmɪkhˌɛftəs	0.27
Comichefts	kˈɔmɪkhˌɛfts	0.3
Comicheld	kˈɔmɪkhˌɛlt	0.33
Comichelden	kˈɔmɪkhˌɛldən	0.27
Comicheldin	kˈɔmɪkhˌɛldɪn	0.27
Comics	kˈɔmɪks	0.33
Comicstrip	kˈɔmɪkʃtrˌɪp	0.3
Comicstrips	kˈɔmɪkʃtrˌɪps	0.27
Comingout	kˌamɪŋˈaʊt	0.38
Comingouts	kˌamɪŋˈaʊts	0.33
Common Sense	kˌɔmənsˈɛns	0.4
Commonsense	kˌɔmənsˈɛns	0.4
Commonwealth	kˈɔmənwˌɛlθ	0.5
Commonwealth Dominica	kˌɔmənwɛlθ domˈiːnika	0.28
Commonwealth Games	kˈɔmənwelθ ɡˌɛɪmz	0.53
Commonwealth der Bahamas	kˈɔmənwɛlθ deːɾ bahˈaːmas	0.37
Community College	kəmjˈuːnəti kˌɔlɪtʃ	0.27
Community Management	kɔmjˈuːnitimˌɛnɪtʃmənt	0.37
Communitys	kɔmjˈuːnɪtis	0.3
Company	kˈampəni	0.29
Companys	kˈampənis	0.38
Comptoir	kɔ̃tˈoaːɾ	0.38
Comptoirs	kɔ̃tˈoaːɾs	0.33
Compton	kˈɔmtən	0.29
Computerrecherche	kɔmpjˈuːtɜreʃˌɛɾʃə	0.31
Computerrecherchen	kɔmpjˈuːtɜreʃˌɛɾʃən	0.29
Comte	kõːt	0.6
Comtes	kõːt	0.67
Concealer	kɔnsˈiːlɜ	0.38
Concealern	kɔnsˈiːlɜn	0.33
Concealers	kɔnsˈiːlɜs	0.33
Conche	kˈɔnʃə	0.33
Conchen	kˈɔnʃən	0.43
Concierge	kɔ̃sˈiɛɾʃ	0.5
Conciergen	kɔ̃sˈiɛɾʒən	0.3
Concierges	kɔ̃sˈiɛɾʃs	0.44
Concorde	kɔ̃kˈɔɾt	0.38
Concordes	kɔ̃kˈɔɾt	0.44
Conditioner	kɔndˈɪʃənɜ	0.45
Conditionern	kɔndˈɪʃənɜn	0.42
Conditioners	kɔndˈɪʃənɜs	0.42
Conférencier	kɔ̃ferɑ̃sˈieː	0.36
Conférenciers	kɔ̃ferɑ̃sˈieːs	0.33
Conférencieuse	kɔ̃ferɑ̃sˈiøːzə	0.38
Conférencieusen	kɔ̃ferɑ̃sˈiøːzən	0.36
Conférencière	kɔ̃ferɑ̃sˈieːrə	0.31
Conférencièren	kɔ̃ferɑ̃sˈieːrən	0.29
Congee	kˈɔndʒi	0.5
Connacht	kˈɒnɔːt	0.33
Connachts	kˈɒnɔːts	0.29
Connaisseurin	kɔnɛsˈøːrɪn	0.27
Connaisseuse	kɔnɛsˈœzə	0.33
Connaisseusen	kɔnɛsˈœzən	0.3
Connecticut	kənˈɛtikət	0.3
Connecticut River	kənˈɛtikətɹˌɪvɜ	0.36
Connecticut Rivers	kənˈɛtikətɹˌɪvɜs	0.33
Connecticuts	kənˈɛtikəts	0.27
Connection	kɔnˈɛkʃən	0.4
Connections	kɔnˈɛkʃəns	0.36
Containergebäude	kɔntˈeːnɜɡəbˌɔɪdə	0.27
Containerterminal	kɔntˈeːnɜtˌœːɾminəl	0.27
Contenance	kõtənˈɑ̃ːs	0.56
Cook	kʊk	0.33
Cooktown	kˈʊktˌaʊn	0.43
Cooktowns	kˈʊktˌaʊns	0.38
Cool Jazz	kˈuːl dʒˌɛs	0.43
Copy and Paste	kˈɔpiəndpˈɛɪst	0.5
Copy and Pastes	kˈɔpiəndpˈɛɪsts	0.46
Copy-and-Paste	kˈɔpiəndpˈɛɪst	0.5
Copy-and-Pastes	kˈɔpiəndpˈɛɪsts	0.46
Copy-and-paste	kˈɔpiəndpˈɛɪst	0.5
Copy-and-pastes	kˈɔpiəndpˈɛɪsts	0.46
Coq au Vin	kɔkovˈɛ̃ː	0.62
Cordon bleu	kˌɔɾdɔ̃blˈø	0.3
Corioliskraft	kɔɾjolˈiːskrˌaft	0.29
Corioliskräfte	kɔɾjolˈiːskrˌɛftə	0.27
Corned Beef	kˈɔːɾnt biːf	0.3
Corned Beefs	kˈɔːɾnt biːfs	0.27
Corned-Beef-Sandwich	kˈɔːɾnt biːfsˌɛntvɪtʃ	0.44
Corned-Beef-Sandwiche	kˈɔːɾnt biːfsˌɛntvɪtʃə	0.42
Corned-Beef-Sandwichen	kˈɔːɾnt biːfsˌɛntvɪtʃən	0.4
Corned-Beef-Sandwiches	kˈɔːɾnt biːfsˌɛntvɪtʃəs	0.4
Corned-Beef-Sandwichs	kˈɔːɾnt biːfsˌɛntvɪtʃs	0.44
Cornflakes	kˈoːɾnfleːks	0.3
Corniche	kɔɾnˈɪʃ	0.38
Corniches	kɔɾnˈɪʃs	0.33
Cornichon	kɔɾniʃˈɔ̃ː	0.56
Cornichons	kɔɾniʃˈɔ̃ːs	0.5
Corona-Tracing-App	koroːnatrˈɛɪsɪŋˌɛp	0.27
Coronaparty	korˈoːnapˌaːɾti	0.36
Corporate Identities	kˈɔːpərɪt aɪdˈɛntətɪz	0.5
Corporate Identity	kˈɔːpərɪt aɪdˈɛntətɪ	0.33
Corps	koːɾ	0.6
Cortices	kˈɔɾtitseːs	0.33
Cotonou	kɔtɔnˈu	0.33
Cotonous	kɔtɔnˈus	0.29
Cottage	kˈɔtɪdʒ	0.5
Couchen	kˈaʊtʃən	0.57
Couches	kˈaʊtʃəs	0.29
Couchgarnitur	kˈaʊtʃɡaɾnitˌuːɾ	0.31
Couchgarnituren	kˈaʊtʃɡaɾnitˌuːrən	0.27
Couchpotato	kˈaʊtʃpotɛɪto	0.5
Couchpotatoes	kˈaʊtʃpotɛɪtos	0.54
Couchpotatos	kˈaʊtʃpotɛɪtos	0.46
Couchtisch	kˈaʊtʃtˌɪʃ	0.5
Couchtische	kˈaʊtʃtˌɪʃə	0.44
Couchtischen	kˈaʊtʃtˌɪʃən	0.4
Couchtisches	kˈaʊtʃtˌɪʃəs	0.4
Couchtischs	kˈaʊtʃtˌɪʃs	0.44
Coulomb	kulˈɔ̃ː	0.33
Coulombs	kulˈɔ̃ːs	0.29
Count	kaʊnt	0.4
Countdown	kˈaʊntdˌaʊn	0.44
Countdowns	kˈaʊntdˈaʊns	0.4
Counter	kˈaʊntɜ	0.33
Countern	kˈaʊntɜn	0.29
Counters	kˈaʊntɜs	0.29
Countertenor	kˈaʊntɜtenˌoːɾ	0.27
Countess	kˈaʊntɪs	0.43
Countessen	kaʊntˈɛsn	0.38
Countesses	kˈaʊntɪsɪz	0.56
Countryclub	kˈantriklˌʊp	0.3
Countryclubs	kˈantriklˌʊps	0.27
Countrymusic	kˈantrimjˌuːzɪk	0.33
Countrysong	kˈantrisˌɔŋ	0.33
Countrysongs	kˈantrisˌɔŋs	0.3
Counts	kaʊnts	0.33
Countys	kˈaʊntis	0.43
Coupe	kup	0.33
Couplet	kuplˈeː	0.33
Couplets	kuplˈeːs	0.29
Coupon	kupˈɔ̃ː	0.4
Coups d’État	kudetˈa	0.33
Courante	kurˈɑ̃ːt	0.29
Courchevel	kuɾʃəvˈɛl	0.44
Courchevels	kuɾʃəvˈɛls	0.4
Court central	kuɾsɑ̃trˈal	0.27
Courtage	kʊɾtˈaːʒə	0.29
Courts centraux	kuɾsɑ̃trˈoː	0.57
Couscous	kˈʊskʊs	0.33
Cousin	kuzˈɛ̃ː	0.4
Cousins	kuzˈɛ̃ːs	0.33
Couture	kutˈyːɾ	0.33
Couvert	kuvˈeːɾ	0.4
Couverts	kuvˈeːɾs	0.33
Cover	kˈavɜ	0.5
Coverboy	kˈavɜbˌɔɪ	0.29
Covercoat	kˈavɜkˌɔʊt	0.44
Covercoats	kˈavɜkˌɔʊts	0.4
Covers	kˈavɜs	0.6
Coverversion	kˈavɜvˌœːɾʃən	0.64
Coverversionen	kˈavɜvɛɾzˌioːnən	0.38
Coverversions	kˈavɜvˌœːɾʃəns	0.58
Crackdealer	kɹˈɛkdˌiːlɜ	0.44
Crackdealern	kɹˈɛkdˌiːlɜn	0.4
Crackdealers	kɹˈɛkdˌiːlɜs	0.4
Crackdown	krˈɛkdˌaʊn	0.38
Crackdowns	krˈɛkdˌaʊns	0.33
Crackhäuser	kɹˈɛkhˌɔɪzɜ	0.33
Crackhäusern	kɹˈɛkhˌɔɪzɜn	0.3
Cranberrys	krˈɛnbˌɛris	0.33
Craving	krˈeɪvɪŋ	0.29
Crecelius	krɛtsˈeliʊs	0.4
Crecelius’	krɛtsˈeliʊs	0.4
Cree	kriː	0.33
Creepypasta	kɹˈiːpipˌasta	0.3
Creepypastas	kɹˈiːpipˌastas	0.27
Cres	tsrɛs	0.6
Crescendos	krɛʃˈɛndos	0.3
Cres’	tsrɛs	0.6
Crevette	krəvˈɛt	0.29
Crew	kruː	0.33
Crewmitglieder	krˈuːmɪtɡlˌiːdɜ	0.27
Crewmitgliedes	krˈuːmɪtɡlˌiːdəs	0.33
Crewmitglieds	krˈuːmɪtɡlˌiːts	0.27
Crews	kruːs	0.5
Cribbage	krˈɪbɪdʒ	0.43
Crime	kraɪm	0.6
Crimes	kraɪms	0.5
Crip	kɹɪp	0.5
Crips	kɹɪps	0.4
Croissant	kroasˈɑ̃ː	0.38
Croissants	kroasˈɑ̃ːs	0.33
Croquis	krokˈiː	0.43
Croupon	krupˈɔ̃ː	0.33
Croupons	krupˈɔ̃ːs	0.29
Crowdfunding	kɹˈaʊdfandɪŋ	0.45
Crowdfundings	kɹˈaʊdfandɪŋs	0.42
Crowdsourcing	krˈaʊdsˌɔːsɪŋ	0.55
Crowdsourcings	krˈaʊdsˌɔːsɪŋs	0.5
Crowdworker	krˈaʊdvˌœːɾkɜ	0.4
Crowdworkern	krˈaʊdvˌœːɾkɜn	0.36
Crowdworkers	krˈaʊdvˌœːɾkɜs	0.45
Crowdworking	krˈaʊdvˌœːɾkɪŋ	0.27
Crowdworkings	krˈaʊdvˌœːɾkɪŋs	0.33
Croûton	krutˈɔ̃ː	0.33
Croûtons	krutˈɔ̃ːs	0.29
Cruise-Missile	krˌuːsmˈɪsaɪl	0.42
Cruise-Missiles	krˌuːsmˈɪsaɪls	0.38
Cruisemissile	krˌuːsmˈɪsaɪl	0.5
Cruisemissiles	krˌuːsmˈɪsaɪls	0.46
Cruiser	krˈuːzɜ	0.33
Crumpet	kɹˈampɪt	0.43
Crumpets	kɹˈampɪts	0.38
Cruzado	kruzˈaːdu	0.38
Cruzados	kruzˈaːdus	0.33
Crwth	kruːθ	0.91
Crystal Meth	krˈɪstəl mˈɛθ	0.4
Crystal-Meth-Rausch	kɹɪstəlmˈɛθrˌaʊʃ	0.36
Crystal-Meth-Rauschs	kɹɪstəlmˈɛθrˌaʊʃs	0.33
Crystal-Meth-Räusche	kɹɪstəlmˈɛθrˌɔɪʃə	0.4
Crystal-Meth-Räuschen	kɹɪstəlmˈɛθrˌɔɪʃən	0.5
Crème	krɛːm	0.4
Crème anglaise	krɛːm ɑ̃ɡlˈɛːs	0.54
Crème brulée	krɛːm brylˈeː	0.3
Crème brûlée	krɛːm brylˈeː	0.3
Crème de la Crème	krˌɛmdəlakrˈɛm	0.36
Crème fraîche	krɛːm frˈɛʃ	0.58
Crèmes	krɛːms	0.33
Crèmes Caramel	krˈɛːm karamˈɛl	0.31
Crèmes brulées	krɛːm brylˈeː	0.42
Crèmes brûlées	krɛːm brylˈeː	0.42
Crémant	kremˈɑ̃ː	0.29
Crémants	kremˈɑ̃ː	0.38
Crêpe	krɛp	0.4
Crêpe Georgette	krɛp ʒɔɾʒˈɛt	0.46
Crêpe Suzette	krˈɛp syzˈɛt	0.58
Crêpe de Chine	krɛp də ʃˈiːn	0.5
Crêpes	krɛps	0.33
Crêpes Georgette	krɛps ʒɔɾʒˈɛt	0.43
Crêpes Suzette	krˈɛp syzˈɛt	0.54
Crêpes de Chine	krɛp də ʃˈiːn	0.54
Csardas	tʃˈaɾdas	0.33
Csaterberg	tʃˈaːtɜbˌɛɾk	0.27
Cul de Paris	kydparˈiː	0.5
Culotte	kylˈɔt	0.33
Culs de Paris	kydparˈiː	0.55
Cumshot	kˈamʃɔt	0.57
Cumshots	kˈamʃɔts	0.5
Cupbewerb	kˈapbəvˌɛɾp	0.56
Cupbewerbe	kˈapbəvˌɛɾbə	0.6
Cupbewerben	kˈapbəvˌɛɾbən	0.45
Cupbewerbes	kˈapbəvˌɛɾbəs	0.64
Cupbewerbs	kˈapbəvˌɛɾps	0.6
Cupcake	kˈapkɛɪk	0.29
Cupfinale	kˈapfinˌaːlə	0.6
Cupfinales	kˈapfinˌaːləs	0.64
Cupfinals	kˈapfinˌaːls	0.5
Cupido	kupˈiːdo	0.38
Cupidos	kupˈiːdos	0.44
Cupsieger	kˈapzˌiːɡɜ	0.62
Cupsiegerin	kˈapzˌiːɡərɪn	0.5
Cupsiegerinnen	kˈapzˌiːɡərɪnən	0.42
Cupsiegern	kˈapzˌiːɡɜn	0.44
Cupsiegers	kˈapzˌiːɡɜs	0.67
Cupwettbewerb	kˈapvɛtbəvˌɛɾp	0.58
Cupwettbewerbe	kˈapvɛtbəvˌɛɾbə	0.62
Cupwettbewerben	kˈapvɛtbəvˌɛɾbən	0.5
Cupwettbewerbs	kˈapvɛtbəvˌɛɾps	0.62
Currygericht	kˈœriɡərˌɪçt	0.27
Currygeschmack	kˈœriɡəʃmˌak	0.3
Currygeschmacks	kˈœriɡəʃmˌaks	0.27
Curryhuhn	kˈœrihˌuːn	0.29
Currypulver	kˈœripˌʊlfɜ	0.33
Currys	kˈœris	0.4
Currysauce	kˈœrizˌoːsə	0.56
Currysaucen	kˈœrizˌoːsən	0.5
Currywurst	kˈœrivˌʊɾst	0.33
Cursor	kˈœːɾzɜ	0.6
Cursorn	kˈœːɾzɜn	0.29
Cursors	kˈœːɾzɜs	0.67
Customizing	kˈʌstəmˌaɪzɪŋ	0.45
Customizings	kˈʌstəmˌaɪzɪŋs	0.42
Cutaway	kˈʌtəweɪ	0.57
Cutaways	kˈʌtəweɪs	0.5
Cutback	kˈatbˌɛk	0.33
Cutbacks	kˈatbˌɛks	0.29
Cyberspace	sˈaɪbɜspˌɛɪs	0.3
Cyberspaces	sˈaɪbɜspˌɛɪsɪs	0.33
Cyberspionage	sˈaɪbɜʃpionˌaːʒə	0.29
Cyborg	sˈaɪbɔːɡ	0.67
Cyborgs	sˈaɪbɔːɡs	0.57
Cyrenaika	tsyrenˈaːika	0.3
Cystein	tsʏsteˈiːn	0.5
Cysteins	tsʏsteˈiːns	0.44
Cytoskelett	tsˌytoskelˈɛt	0.27
Czernowitz	tʃˈɛɾnovɪts	0.31
Czernowitz’	tʃˈɛɾnovɪts	0.31
Cäcilia	tsɛtsˈiːlia	0.44
Cäcilias	tsɛtsˈiːlias	0.4
Cäcilien	tsɛtsˈiːliən	0.6
Cäsar	tsˈɛːzaɾ	0.33
Cäsare	tsɛzˈarə	0.29
Cäsars	tsˈɛːzaɾs	0.29
Cäsium	tsˈɛːziʊm	0.29
Côte d’Azur	kotdazˈyːr	0.45
Côte d’Ivoire	kotdivˈoaːɾ	0.33
Cölom	tsˌølˈoːm	0.33
Cölome	tsˌølˈoːmə	0.29
Cöloms	tsˌølˈoːms	0.29
Cölomtheorie	tsˌølˈoːmteorˌiː	0.27
D-Days	dˈiːdɛɪs	0.33
DAAD	deːaːaːdˈeː	0.67
DAX-Aktie	dˈaksˌaktsiə	0.4
DAX-Konzerne	dˈakskɔntsˌɛɾnə	0.29
DEA-Agent	diːiːˈɛɪaɡˌɛnt	0.4
DEA-Agenten	diːiːˈɛɪaɡˌɛntən	0.33
DEA-Agentin	diːiːˈɛɪaɡˌɛntɪn	0.42
DEA-Agentinnen	diːiːˈɛɪaɡˌɛntɪnən	0.36
DEA-Beamte	diːiːˈɛɪbəˌamtə	0.36
DEA-Beamtem	diːiːˈɛɪbəˌamtəm	0.33
DEA-Beamten	diːiːˈɛɪbəˌamtən	0.33
DEA-Beamter	diːiːˈɛɪbəˌamtɜ	0.36
DEA-Büro	diːiːˈɛɪbyrˌoː	0.44
DEA-Büros	diːiːˈɛɪbyrˌoːs	0.4
DEA-Chef	diːiːˈɛɪʃˌɛf	0.5
DEA-Chefs	diːiːˈɛɪʃˌɛfs	0.44
DEA-Zentrale	diːiːˈɛɪtsɛntrˌaːlə	0.29
DEA-Zentralen	diːiːˈɛɪtsɛntrˌaːlən	0.27
DFB-Gate	deːɛfbˈeːɡˌɛɪt	0.3
DFB-Gates	deːɛfbeːɡˌɛɪts	0.27
DJane	dˈiːdʒɛɪn	0.86
DJanes	dˈiːdʒɛɪns	0.75
Dabs	dɛːbs	0.5
Dachfonds	dˈaxfˌɔ̃ː	0.38
Dachrestaurant	dˈaxrɛstorˌɑ̃ː	0.31
Dachrestaurants	dˈaxrɛstorˌɑ̃ːs	0.29
Dachse	dˈaksə	0.4
Dachsen	dˈaksən	0.33
Dachses	dˈaksəs	0.33
Daddys	dˈɛdiːs	0.4
Daguerreotyp	daɡɛrotˈyːp	0.27
Dahlie	dˈaːliə	0.33
Dahlien	dˈaːliən	0.29
Dahome	dˌaːhomˈeː	0.33
Dahomes	dˌaːhomˈeːs	0.29
Dail Eireann	daːl ˈeːrɪn	0.5
Dakien	dˈaːkiən	0.29
Dallas	dˈɛləs	0.4
Dallas’	dˈɛləs	0.4
Damoklesschwertern	dˈaːmoklɛsʃvˌeːɾtɜn	0.27
Dance-Pop	dˈɛːnspˌɔp	0.29
Dancefloor	dˈɛːnsflˌoːɾ	0.33
Dancefloors	dˈɛːnsflˌoːɾs	0.3
Dandys	dˈɛndis	0.33
Danewerk	dˈanəvˌɛɾk	0.62
Danewerkes	dˈanəvˌɛɾkəs	0.7
Danewerks	dˈanəvˌɛɾks	0.56
Daniel	dˈaːniːɛl	0.43
Daniels	dˈaːniːɛls	0.38
Dankesbeteuerung	dˈaŋkəsbətˌɔɪərʊŋ	0.29
Daqing	datɪŋ	0.33
Daqings	dˈatɪŋs	0.29
Darjeeling	daːdʒˈiːlɪŋ	0.38
Darjeelings	daːdʒˈiːlɪŋs	0.33
Dark Wave	dˈɑːkwˈeɪv	0.62
Darmkrebsoperation	dˈaɾmkreːpsopəratsˌioːn	0.26
Dashboard	dˈɛʃbˌɔːɾt	0.43
Dashboards	dˈɛʃbˌɔːɾts	0.5
Dashcam	dˈɛʃkˌɛm	0.33
Dashcams	dˈɛʃkˌɛms	0.29
Data-Mining	dˈɛɪtamˌaɪnɪŋ	0.36
Data-Minings	dˈɛɪtamˌaɪnɪŋs	0.33
Datamining	dˈɛɪtamˌaɪnɪŋ	0.36
Dataminings	dˈɛɪtamˌaɪnɪŋs	0.33
Dates	deɪts	0.6
Dating-App	dˈɛɪtɪŋˌɛp	0.38
Dating-Apps	dˈɛɪtɪŋˌɛps	0.33
Datingshow	dˈɛɪtɪŋʃˌɔʊ	0.67
Datingshows	dˈɛɪtɪŋʃˌɔʊs	0.6
Dauerware	dˈaʊɜvˌaːrə	0.5
Davits	dˈɛvɪts	0.33
Dayton	dˈɛɪtən	0.33
Daytons	dˈɛɪtəns	0.29
Daytrader	dˈɛɪtɹˌɛɪdɜ	0.44
Daytradern	dˈɛɪtɹˌɛɪdɜn	0.4
Daytraders	dˈɛɪtɹˌɛɪdɜs	0.4
Deadline	dˈɛdlain	0.5
Deadlines	dˈɛtlaɪnz	0.78
Deadlock	dˈɛtlˌɔk	0.43
Deadlocks	dˈɛtlˌɔks	0.38
Deaf Gain	dˈɛf ɡˌeɪn	0.38
Deaf Gains	dˈɛf ɡˌeɪnz	0.44
Dealerin	dˈiːlərɪn	0.29
Dealers	dˈiːlɜs	0.4
Death Metal	dˈɛθmɛtəl	0.56
Death Metals	dˈɛθmɛtəls	0.5
Death-Metal-Band	dˈɛθmɛtəlbˌɛːnt	0.46
Death-Metal-Bands	dˈɛθmɛtəlbˌɛːnts	0.43
Debellatio	debɛlˈaːtsio	0.3
Debian	dˈɛbiən	0.33
Debridement	debrɪdəmˈɑ̃ː	0.55
Debridements	debrɪdəmˈɑ̃ːs	0.5
Debugger	dibˈaɡɜ	0.33
Debuggern	dibˈaɡɜn	0.29
Debuggers	dibˈaɡɜs	0.43
Debugging	dibˈaɡɪŋ	0.29
Debunking	dibˈaŋkɪŋ	0.38
Debunkings	dibˈaŋkɪŋs	0.33
Deep Learning	dˈiːp lˌœːɾnɪŋ	0.3
Deep Learnings	dˈiːp lˌœːɾnɪŋs	0.27
Deepfake	dˈiːpfˌɛɪk	0.57
Deepfake-Porno	dˈiːpfɛɪkpˌɔɾno	0.33
Deepfake-Pornos	dˈiːpfɛɪkpˌɔɾnos	0.31
Deepfakes	dˈiːpfˌɛɪks	0.5
Defense	dˈiːfˌɛns	0.43
Defensive Tackle	dɪfˌɛnsɪf tˈɛkəl	0.57
Defensive Tackles	dɪfˌɛnsɪf tˈɛkəls	0.53
Definiens	defˈiːniɛns	0.3
Degenstichs	dˈeːɡənʃtˌɪçs	0.27
Deimos	dˈeɪmɔs	0.33
Dejeuner	deʒønˈeː	0.43
Dejeuners	deʒønˈeːs	0.38
Dekret	dˌekrˈeːt	0.33
Dekrete	dˌekrˈeːtə	0.29
Dekrets	dˌekrˈeːts	0.29
Delawares	dˈɛləvˌɛːɾs	0.44
Delhi	dˈeːli	0.4
Delhibeule	dˈeːlibˌɔɪlə	0.3
Delhibeulen	dˈeːlibˌɔɪlən	0.27
Delhis	dˈeːlis	0.5
Delis	dˈɛlis	0.4
Delta Force	dˈɛltafˌoːɾs	0.3
Demarche	demˈaɾʃ	0.38
Demel	dˈɛːməl	0.4
Demels	dˈɛːməls	0.33
Demerit	demerˈiːt	0.29
Demoware	dˈeːmovˌɛːɾ	0.71
Denise	dənˈiːz	0.67
Denisen	dənˈiːzən	0.43
Denises	dənˈiːzəs	0.43
Departement	depaɾtəmˈɑ̃ː	0.36
Departements	depaɾtəmˈɑ̃ːs	0.33
Dependance	depɑ̃dˈɑ̃ːs	0.56
Dependancen	depɑ̃dˈɑ̃ːsən	0.36
Depotgebühr	depˈoːɡəbˌyːɾ	0.3
Depressionsschub	deprɛsˈioːnsʃˌuːp	0.33
Depressionsschubes	deprɛsˈioːnsʃˌuːbəs	0.29
Depressionsschubs	deprɛsˈioːnsʃˌuːps	0.31
Depressionsschübe	deprɛsˈioːnsʃˌyːbə	0.31
Depressionsschüben	deprɛsˈioːnsʃˌyːbən	0.29
Deputys	dˈɛpjətis	0.5
Derrieregarde	deɾjˈɛːɾɡˌaɾdə	0.36
Derrieregarden	deɾjˈɛːɾɡˌaɾdən	0.33
Derrièregarde	deɾjˈɛːɾɡˌaɾdə	0.36
Derrièregarden	deɾjˈɛːɾɡˌaɾdən	0.33
Desert Eagle	dˌɛzɜtˈiːɡəl	0.5
Desert Eagles	dˌɛzɜtˈiːɡəls	0.45
Designerbabys	dizˈaɪnɜbˌeːbis	0.31
Designerin	dizˈaɪnərɪn	0.33
Designerinnen	dizˈaɪnərɪnən	0.33
Designern	dizˈaɪnɜn	0.38
Designers	dizˈaɪnɜs	0.38
Desillusionierung	dɛsɪluzionˈiːrʊŋ	0.27
Desinfiziens	dɛsɪnfˈiːtsiɛns	0.36
Desinfizienzien	dɛsɪnfitsˈiɛntsiən	0.29
Desintegration	dˌɛsɪnteɡratsˈioːn	0.27
Desinteresse	dɛsɪntərˈɛsə	0.27
Desorientierung	dˈɛsoriɛntˌiːrʊŋ	0.29
Desoxyribonucleinsäure	dˈɛsɔksyribonukleˌiːnzɔɪrə	0.26
Desoxyribonukleinsäure	dˌɛsɔksyribonukleˈiːnzɔɪrə	0.26
Dessert	dɛsˈeːɾ	0.4
Dessertbesteck	dɛsˈeːɾbəʃtˌɛk	0.36
Dessertbestecke	dɛsˈeːɾbəʃtˌɛkə	0.33
Dessertbestecken	dɛsˈeːɾbəʃtˌɛkən	0.31
Dessertbesteckes	dɛsˈeːɾbəʃtˌɛkəs	0.31
Dessertbestecks	dɛsˈeːɾbəʃtˌɛks	0.33
Desserts	dɛsˈeːɾs	0.33
Dessin	dɛsˈɛ̃ː	0.4
Dessins	dɛsˈɛ̃ːs	0.33
Detachement	detaʃəmˈɑ̃ː	0.5
Detachements	detaʃəmˈɑ̃ːs	0.45
Detroit	ditrˈɔɪt	0.29
Detroiter	ditrˈɔɪtɜ	0.38
Detroiterin	ditrˈɔɪtərɪn	0.3
Detroiterinnen	ditrˈɔɪtərɪnən	0.31
Detroitern	ditrˈɔɪtɜn	0.33
Detroiters	ditrˈɔɪtɜs	0.33
Detroits	ditrˈɔɪts	0.38
Detzems	dˈeːtsəms	0.29
Deuce	djuːs	0.8
Deutschlandchefin	dˈɔɪtʃlantʃˌɛfɪn	0.27
Deutschstudien	dˈɔɪtʃʃtˌuːdiən	0.31
Deutschtürken	dˈɔɪtʃtˌʏɾkŋ̩	0.27
Devise	devˈiːzə	0.33
Devisen	devˈiːzən	0.29
Dexioseis	dɛksiˈoseɪs	0.36
Dexiosis	dɛksˈiosɪs	0.3
Dezennien	detsˈɛniən	0.3
Dhaka	dˈaka	0.33
Dhakas	dˈakas	0.29
Dharma	dˈaɾma	0.29
Dhau	daʊ	0.4
Dhauen	dˈaʊən	0.29
Dhoti	dˈoːti	0.33
Dhotis	dˈoːtis	0.43
Dialer	dˈaɪəlɜ	0.5
Dialern	dˈaɪəlɜn	0.43
Dialers	dˈaɪəlɜs	0.43
Diarrhoe	diarˈøː	0.43
Diarrhöe	diarˈøː	0.29
Diashow	dˈiːaʃˌoː	0.43
Diashows	dˈiːaʃˌoːs	0.38
Diathese	diatˈeːzə	0.29
Dice	daɪs	0.75
Dichlormethan	dˈikloːɾmˌetaːn	0.33
Dichlormethans	dˈikloːɾmˌetaːns	0.31
Dictionnaire	dɪksiɔnˈɛːɾ	0.36
Dictionnaires	dɪksiɔnˈɛːɾs	0.33
Didgeridoos	dɪdʒəridˈuːs	0.3
Diedrichs	dˈiːtrɪçs	0.38
Diencephala	diɛntsˈeːfala	0.27
Diencephalon	diɛntsˈeːfalɔn	0.33
Diencephalons	diɛntsˈeːfalɔns	0.31
Dieppe	djɛp	0.75
Dieppes	djɛps	0.6
Dieselgate	dˈiːzəlɡˌɛɪt	0.33
Dieselgates	dˈiːzəlɡˌɛɪts	0.3
Digitalkamera	diɡitˈaːlkˌaməra	0.77
Digitalkameras	diɡitˈaːlkˌaməraːs	0.8
Dihärese	dihɛrˈeːzə	0.38
Diligence	diliʒˈãːs	0.67
Diligencen	diliʒˈãːsən	0.5
Dinern	dˈaɪnɜn	0.33
Dinghis	dˈɪŋɡis	0.33
Dinghys	dˈɪŋɡis	0.33
Dingis	dˈɪŋɡis	0.33
Diode	diˈoːdə	0.33
Dioden	diˈoːdən	0.29
Diokletian	diokletsˈiaːn	0.27
Diol	diˈoːl	0.4
Diole	diˈoːlə	0.33
Diolen	diˈoːlən	0.29
Diols	diˈoːls	0.33
Dionysos	diˈoːnyzɔs	0.33
Dionysos’	diˈoːnyzɔs	0.33
Diopter	diˈɔptɜ	0.43
Dioptern	diˈɔptɜn	0.38
Diopters	diˈɔptɜs	0.38
Dioptrie	diɔptrˈiː	0.38
Dioptrien	diɔptrˈiːən	0.3
Diorit	diorˈiːt	0.43
Dioxid	dˈiːɔksiːt	0.38
Dioxide	dˈiːɔksiːdə	0.33
Dioxiden	dˈiːɔksiːdən	0.3
Dioxides	dˈiːɔksiːdəs	0.3
Dioxids	dˈiːɔksiːts	0.44
Dioxin	diɔksˈiːn	0.5
Dioxine	diɔksˈiːnə	0.33
Dioxinen	diɔksˈiːnən	0.3
Dioxingehalt	diɔksˈiːnɡəhˌalt	0.62
Dioxingehalte	diɔksˈiːnɡəhˌaltə	0.57
Dioxingehalten	diɔksˈiːnɡəhˌaltən	0.53
Dioxingehaltes	diɔksˈiːnɡəhˌaltəs	0.53
Dioxingehalts	diɔksˈiːnɡəhˌalts	0.57
Dioxins	diɔksˈiːns	0.44
Dioxyd	dˈiːɔksyːt	0.38
Dioxyde	dˈiːɔksyːdə	0.33
Dioxyden	dˈiːɔksyːdən	0.3
Dioxydes	dˈiːɔksyːdəs	0.3
Dioxyds	dˈiːɔksyːts	0.33
Dipl.-Bibl.	diplˈoːmbibliotekˌaːɾ	0.65
Diploidien	diploidˈiːən	0.27
Diplomingenieur	diplˈoːmɪnʒenˌiøːɾ	0.29
Diplomingenieure	diplˈoːmɪnʒenˌiøːrə	0.27
Diplomingenieurs	diplˈoːmɪnʒenˌiøːɾs	0.27
Disabilitymainstreaming	dɪsəbˈɪlətɪmˌɛɪnstriːmɪŋ	0.41
Disabilitymainstreamings	dɪsəbˈɪlətɪmˌɛɪnstriːmɪŋs	0.39
Disaccharid	dizaxarˈiːt	0.27
Disaccharids	dizaxarˈiːts	0.33
Disagien	dɪsˈaːdʒən	0.5
Disagio	dɪsˈaːdʒo	0.62
Disagios	dɪsˈaːʒios	0.56
Discjockey	dˈɪskdʒˌɔke	0.44
Discjockeys	dˈɪskdʒˌɔkes	0.4
Disken	dˈɪskŋ̩	0.33
Diskjockey	dˈɪskdʒˌɔke	0.44
Diskjockeys	dˈɪskdʒˌɔkes	0.4
Displaced Person	dɪsplˌɛɪst pˈœːɾsən	0.4
Displaced Persons	dɪsplˌɛɪst pˈœːɾsəns	0.38
Ditrochäus	ditrɔxˈɛːʊs	0.33
Diurese	diurˈeːzə	0.29
Divertissement	divɛɾtɪsəmˈɑ̃ː	0.31
Divertissements	divɛɾtɪsəmˈɑ̃ːs	0.29
Divise	divˈiːzə	0.33
Divisen	divˈiːzən	0.29
Divises	divˈiːzəs	0.29
Dixieland-Jazz	dˈɪksilɛntdʒˌɛs	0.31
Dixielandjazz	dˈɪksilɛntdʒˌɛs	0.38
Diärese	diɛrˈeːzə	0.29
Djihad	dʒihˈaːt	0.5
Dnepr	dnjɛpɾ	0.33
Dneprstrom	dnjˈɛpɾʃtrˌoːm	0.27
Dnipro	dnˈiprɔ	0.43
Dnjeper	dnjˈɛpɜ	0.38
Dnjepers	dnjˈɛpɜs	0.33
Dobl	dˈoːbəl	0.4
Dobrudscha	dobrˈʊdʒa	0.38
Dodonowo	dɔdˈɔnɔvɔ	0.5
Dodonowos	dɔdˈɔnɔvɔs	0.44
Dojo	dˈoːdʒo	0.4
Dojos	dˈoːdʒos	0.33
Dolcefarniente	dˌɔltʃəfaːɾnˈiɛntə	0.33
Dolchs	dɔlçs	0.33
Dolchspitze	dˈɔlçʃpˌɪtsə	0.27
Dolchstich	dˈɔlçʃtˌɪç	0.3
Dolchstiche	dˈɔlçʃtˌɪçə	0.27
Dolchstichs	dˈɔlçʃtˌɪçs	0.45
Dolchstoß	dˈɔlçʃtˌoːs	0.33
Dolchstoße	dˈɔlçʃtˌoːsə	0.3
Dolchstoßes	dˈɔlçʃtˌoːsəs	0.27
Dolchstoßlegende	dˈɔlçʃtoːsleɡˌɛndə	0.31
Dolchstoßlegenden	dˈɔlçʃtoːsleɡˌɛndən	0.29
Dolchstöße	dˈɔlçʃtˌøːsə	0.3
Dolchstößen	dˈɔlçʃtˌøːsən	0.27
Dominien	domˈɪniən	0.33
Dominion	domˈɪniən	0.38
Dominions	domˈɪniəns	0.33
Dominiques	dˈoːminɪks	0.3
Domstadt	dˈoːmʃtˌat	0.29
Don Juan	dɔnxˈuan	0.29
Don Quichotte	dɔnkiʃˈɔt	0.55
Don Quijote	dɔnkixˈoːtə	0.3
Don Quixote	dɔnkixˈoːtə	0.45
Donald Duck	dɔnld dʌk	0.44
Donjon	dɔ̃ʒˈɔ̃ː	0.67
Donjons	dɔ̃ʒˈɔ̃ːs	0.57
Donkey	dˈɔŋki	0.5
Donkey Kong	dˈɔŋkikˌɔŋ	0.33
Donkey Kongs	dˈɔŋkikˌɔŋs	0.3
Donkeys	dˈɔŋkis	0.43
Donquichotterie	dɔnkiʃˈɔtəriː	0.38
Donquichotterien	dɔnkiʃˈɔtəriːən	0.33
Donut	dˈɔʊnat	0.5
Donuts	dˈɔʊnats	0.43
Doodles	dˈuːdəls	0.5
Dopes	dɔʊps	0.6
Doppelbogey	dˈɔpəlbˌɔʊɡi	0.4
Doppelbogeys	dˈɔpəlbˌɔʊɡis	0.36
Doppelstern	dˈɔpəlʃtˌɛɾn	0.3
Doppelsterns	dˈɔpəlʃtˌɛɾns	0.27
Doppelverdiener	dˈɔpəlfɛɾdˌiːnɜ	0.29
Dornröschen	dɔɾnrˈøːsçən	0.36
Dornröschens	dɔɾnrˈøːsçəns	0.33
Dornröschenschlaf	dɔɾnrˈøːsçənʃlˌaːf	0.27
Dosage	dozˈaːʒə	0.38
Dosha	dˈoːʃa	0.6
Doshas	dˈoːʃas	0.5
Doubles	dˈuːbəls	0.33
Doughnut	dˈɔʊnat	0.57
Doughnut-Laden	dˈɔʊnatlˌaːdən	0.33
Doughnut-Ladens	dˈɔʊnatlˌaːdəns	0.31
Doughnut-Läden	dˈɔʊnatlˌɛːdən	0.33
Doughnuts	dˈɔʊnats	0.5
Douglas	dˈaɡləs	0.33
Douglas’	dˈaɡləs	0.33
Douro	dˈoːru	0.5
Douros	dˈoːrus	0.4
Dover	dˈɔʊvɜ	0.4
Dovers	dˈɔʊvɜs	0.33
Down Under	dˈaʊn ˈandɜ	0.5
Down-Syndrom	dˈaʊnsʏndrˌoːm	0.27
Downer	dˈaʊnɜ	0.4
Downern	dˈaʊnɜn	0.33
Downers	dˈaʊnɜs	0.33
Downgrading	dˈaʊnɡrˌeɪdɪŋ	0.45
Downgradings	dˈaʊnɡrˌeɪdɪŋs	0.42
Downhill	dˈaʊnhˌɪl	0.29
Downloadportal	dˈaʊnlɔʊtpɔɾtˌaːl	0.29
Downloadportale	dˈaʊnlɔʊtpɔɾtˌaːlə	0.4
Downloadportalen	dˈaʊnlɔʊtpɔɾtˌaːlən	0.31
Downloadportals	dˈaʊnlɔʊtpɔɾtˌaːls	0.33
Downtown	dˈaʊntˌaʊn	0.5
Downtowns	dˈaʊntˌaʊns	0.44
Doyen	doajˈɛ̃ː	0.83
Doyenne	doajˈɛn	0.33
Doyens	doajˈɛ̃ːs	0.43
Dr. des.	dˌɔktoːɾ dezɪɡnˈaːtʊs	0.75
Dragqueen	drˈɛkkvˌiːn	0.33
Dragqueens	drˈɛkkvˌiːns	0.3
Dragster	drˈɛkstɜ	0.29
Drainage	drɛnˈaːʒə	0.38
Drainagen	drɛnˈaːʒən	0.33
Drainagerohr	drɛnˈaːʒərˌoːɾ	0.36
Drainagerohre	drɛnˈaːʒərˌoːrə	0.33
Drainagerohren	drɛnˈaːʒərˌoːrən	0.31
Drainagerohres	drɛnˈaːʒərˌoːrəs	0.31
Drainagerohrs	drɛnˈaːʒərˌoːɾs	0.33
Drakestraße	drˈɛɪkʃtrˌaːsə	0.36
Drchf.	dˈʊɾçfˌaːɾt	0.73
Drcks.	drˈʊkzˌaxə	0.73
Dreadlocks	drˈɛtlˌɔks	0.33
Drehachse	drˈeːˌaksə	0.29
Drehrestaurant	drˈeːrɛstorˌɑ̃ː	0.31
Drehrestaurants	drˈeːrɛstorˌɑ̃ːs	0.29
Dreikäsehoch	draɪkˈɛːzəhoːx	0.27
Dreiviertelliter	drˈaɪfɪɾtəllˌiːtɜ	0.29
Dreiviertellitern	drˈaɪfɪɾtəllˌiːtɜn	0.27
Dreiviertelliters	drˈaɪfɪɾtəllˌiːtɜs	0.27
Drive	draɪf	0.4
Driver	drˈaɪvɜ	0.33
Drivern	drˈaɪvɜn	0.29
Drivers	drˈaɪvɜs	0.43
Drives	draɪfs	0.5
Drogenräuschen	drˈoːɡənrˌɔɪʃən	0.29
Druckversion	drˈʊkvɛɾzˌioːn	0.27
Drugstore	drˈakstˌoːɾ	0.62
Drugstores	drˈakstˌoːɾs	0.67
Drumset	drˈʌmsɛt	0.43
Drumsets	drˈʌmsɛts	0.38
Druse	drˈuːzə	0.4
Drusen	drˈuːzən	0.33
Dschandschawid	dʒˈandʒawiːt	0.3
Dublin	dˈablɪn	0.33
Dubliner	dˈablɪnɜ	0.29
Dublins	dˈablɪns	0.29
Dubstep	dˈapstɛp	0.29
Duce	dˈuːtʃə	0.4
Duchon	dˈuːçɔn	0.67
Duchons	dˈuːçɔns	0.57
Dudley	dˈadli	0.5
Dudleys	dˈadlis	0.43
Dummys	dˈamis	0.4
Dundee	dandˈiː	0.4
Dundees	dandˈiːs	0.33
Dunkelrestaurant	dˈʊŋkəlrɛstorˌɑ̃ː	0.31
Dunkelrestaurants	dˈʊŋkəlrɛstorˌɑ̃ːs	0.29
Dunking	dˈaŋkɪŋ	0.33
Dunkings	dˈaŋkɪŋs	0.29
Dunwich	dˈanwɪtʃ	0.57
Dunwichs	dˈanwɪtʃs	0.5
Duplik	duplˈiːk	0.33
Dupren	dyprˈeːn	0.33
Duprens	dyprˈeːns	0.29
Duques	dˈukes	0.33
Durand-Linie	duɹˈɛːntlˌiːniə	0.33
Durban	dˈœːɾbən	0.33
Durbans	dˈœːɾbəns	0.29
Durbanville	dˈœːɾbənvɪl	0.3
Durbanvilles	dˈœːɾbənvɪls	0.27
Durchschnittschinese	dˈʊɾçʃnɪtsçinˌeːzə	0.29
Durchschnittsware	dˈʊɾçʃnɪtsvˌaːrə	0.43
Duschanbe	duʃambˈɛ	0.29
Dutchman	dˈatʃmˌɛn	0.29
Dutchmen	dˈatʃmˌɛn	0.29
Duvet	dˈyvɛ	0.6
Duvetine	dʏftˈiːn	0.5
Duvetines	dʏftˈiːns	0.56
Duvets	dˈyvɛs	0.5
Dwarssee	dvˈaɾszˌeː	0.29
Dyke	daɪk	0.75
Dykes	daɪks	0.6
Dyschezie	dʏsçɛzˈiː	0.62
Dyschezien	dʏsçɛzˈiːən	0.6
Dyscholie	dʏsçolˈiː	0.38
Dyscholien	dʏsçolˈiːən	0.5
Dyschondroplasie	dʏsçɔndroplazˈiː	0.27
Dyschylie	dʏsçylˈiː	0.38
Dyschylien	dʏsçylˈiːən	0.5
Dyskrinie	dʏskrinˈiː	0.3
Dysmelien	dʏsmelˈiːən	0.3
Dysontogenese	dʏsɔntoɡenˈeːzə	0.31
Dysosteogenese	dʏsɔsteoɡenˈeːzə	0.29
Dyssomnien	dʏszɔmnˈiːən	0.3
Dämonenwelt	dɛːmˈɔnənvˌɛlt	0.27
Déjà-vu	deʒavˈyː	0.33
Déjà-vus	deʒavˈyːs	0.29
Département	depaɾtəmˈɑ̃ː	0.36
Départements	depaɾtəmˈɑ̃ːs	0.33
Dépendance	depɑ̃dˈɑ̃ːs	0.5
Déshabillé	dezabijˈeː	0.44
Déshabillés	dezabijˈeːs	0.4
Döners	dˈœnɛrs	0.33
Dōjinshi	doːʒinʃi	0.5
Dōjinshis	doːʒinʃis	0.56
E-Book	ˈiːbʊk	0.5
E-Books	ˈiːbʊks	0.4
E-Fuel	ˈiːfjˌuːəl	0.33
E-Fuels	iːfjˌuːəls	0.29
E-Government	ˈiːɡavɜnmənt	0.36
E-Governments	ˈiːɡavɜnmənts	0.33
E-Learning	iːlˈœɾnɪŋ	0.38
E-Learnings	iːlˈœɾnɪŋs	0.33
E-Mails	ˈiːmeɪls	0.33
EADS	ˌeːaːdeːˈɛs	0.5
ECDC	eːtseːdeːtsˈeː	0.89
ECDCs	eːtseːdeːtseːs	0.8
EFSF	eːɛfɛsˈɛf	0.43
EGMR	eːɡeːɛmˈɛɾ	0.57
EHEC	ˈeːhɛk	0.5
EKGs	eːkaːɡˈeːs	0.67
EMRK	eːɛmɛɾkˈaː	0.43
ETFs	eːteːɛfs	0.5
EU-Land	eːˈuːlˌant	0.33
EU-Raum	eːˈuːrˌaʊm	0.33
EUREK	ˈɔɪrɛk	0.4
Eagle	ˈiːɡəl	0.8
Eagles	ˈiːɡəls	0.67
Earl	ˈœɾl	0.5
Earl-Grey-Tee	øːɾlɡɹˈeɪtˌeː	0.4
Earl-Grey-Tees	øːɾlɡɹeɪtˌeːs	0.36
Earls	œɾlz	0.6
East End	ˈiːstˌɛnt	0.29
Easteregg	ˈiːstɜˌɛk	0.38
Eastereggs	ˈiːstɜˌɛks	0.33
Eau de Toilette	ˌoː də toalˈɛt	0.5
Eaux de Toilette	ˌoː də toalˈɛt	0.57
Eclairs	eklˈɛːɾ	0.33
Economiser	ɪkˈɔnomaɪzɜ	0.4
Economy-Class	ikˈɔnəmiklˌaːs	0.27
Economyclass	ikˈɔnəmiklˌaːs	0.36
Economyklasse	ikˈɔnəmiklˌasə	0.33
Edeljeans	ˈeːdəldʒˌiːns	0.33
Edinburgh	ˈɛdɪnbərə	0.44
Edinburghs	ˈɛdɪnbərəs	0.4
Efendis	efˈɛndis	0.29
Efeugestrüpp	ˈeːfɔɪɡəʃtrˌʏp	0.27
Effendis	efˈɛndis	0.29
Egberta	ɛkbˈɛɾta	0.29
Egberte	ɛkbˈɛɾtə	0.29
Egoshooter	ˈeːɡoʃˌuːtɜ	0.5
Egoshootern	ˈeːɡoʃˌuːtɜn	0.44
Egoshooters	ˈeːɡoʃˌuːtɜs	0.44
Egotrip	ˈeːɡotrˌɪp	0.29
Ehec	ˈeːhɛk	0.5
Ehegespons	ˈeːəɡəʃpˌɔns	0.44
Ehegesponse	ˈeːəɡəʃpˌɔnzə	0.3
Ehegesponsen	ˈeːəɡəʃpˌɔnzən	0.27
Ehegesponses	ˈeːəɡəʃpˌɔnzəs	0.27
Ehehygiene	ˈeːəhyɡˌieːnə	0.33
Ehekrise	ˈeːəkrˌiːzə	0.43
Ehekrisen	ˈeːəkrˌiːzən	0.38
Ehestand	ˈeːəʃtˌant	0.29
Ehrlichs	ˈeːɾlɪçs	0.29
Eichsfelderinnen	ˈaɪçsfɛldərɪnən	0.29
Eichstätt	ˈaɪçʃtɛt	0.38
Eichstätts	ˈaɪçʃtɛts	0.33
Eiersandwich	ˈaɪɜsˌɛntvɪtʃ	0.45
Eiersandwiche	ˈaɪɜsˌɛntvɪtʃə	0.42
Eiersandwichen	ˈaɪɜsˌɛntvɪtʃən	0.38
Eiersandwiches	ˈaɪɜsˌɛntvɪtʃəs	0.38
Eiersandwichs	ˈaɪɜsˌɛntvɪtʃs	0.42
Eierstichs	ˈaɪɜʃtˌɪçs	0.33
Eigentumsappartement	ˈaɪɡəntuːmsapaɾtmˌɑ̃ː	0.32
Eigentumsappartements	ˈaɪɡəntuːmsapaɾtmˌɑ̃ːs	0.3
Eineurojob	aɪnˈɔɪrodʒɔp	0.36
Eineurojobs	aɪnˈɔɪrodʒɔps	0.33
Einkommensteuererhöhung	ˈaɪnkɔmənʃtɔɪɜɛɾhˌøːʊŋ	0.26
Einwegbehälter	ˈaɪnveːkbəhˌɛltɜ	0.31
Einwegbehältern	ˈaɪnveːkbəhˌɛltɜn	0.29
Einwegbehälters	ˈaɪnveːkbəhˌɛltɜs	0.29
Einweggeschirr	ˈaɪnveːkɡəʃˌɪɾ	0.27
Einweihungsparty	ˈaɪnvaɪʊŋspˌaːɾti	0.36
Einzelcoaching	ˈaɪntsəlkˌɔʊtʃɪŋ	0.36
Einzelcoachings	ˈaɪntsəlkˌɔʊtʃɪŋs	0.33
Einzelverb	ˈaɪntsəlvɛɾp	0.27
Eisenbeton	ˈaɪzənbetˌɔŋ	0.3
Eisenbetons	ˈaɪzənbetˌɔŋs	0.27
Eishockeystadien	ˈaɪshɔkiʃtˌaːdiən	0.31
Eishockeystadion	ˈaɪshɔkiʃtˌaːdiɔn	0.33
Eishockeystadions	ˈaɪshɔkiʃtˌaːdiɔns	0.31
Eishockeyteam	ˈaɪshɔkitˌiːm	0.33
Eishockeyteams	ˈaɪshɔkitˌiːms	0.31
Eisschnelllauf	ˈaɪsʃnˌɛllaʊf	0.36
Eisschnelllaufe	ˈaɪsʃnˌɛllaʊfə	0.33
Eisschnelllaufen	ˈaɪsʃnɛllˌaʊfən	0.31
Eisschnelllaufens	ˈaɪsʃnɛllˌaʊfəns	0.29
Eisschnelllaufes	ˈaɪsʃnˌɛllaʊfəs	0.31
Eisschnelllaufs	ˈaɪsʃnˌɛllaʊfs	0.33
Eisschnellläufer	ˈaɪsʃnɛllˌɔɪfɜ	0.42
Eisschnellläuferin	ˈaɪsʃnɛllˌɔɪfərɪn	0.36
Eisschnellläuferinnen	ˈaɪsʃnɛllˌɔɪfərɪnən	0.35
Eisschnellläufern	ˈaɪsʃnɛllˌɔɪfɜn	0.38
Eisschnellläufers	ˈaɪsʃnɛllˌɔɪfɜs	0.38
Eklat	eklˈa	0.4
Eklats	eklˈas	0.33
Ekonomiser	ɪkˈɔnomaɪzɜ	0.4
Ekonomisern	ɪkˈɔnomaɪzɜn	0.36
Ekonomisers	ɪkˈɔnomaɪzɜs	0.36
Ekrasit	ekrazˈiːt	0.29
Elbeufer	ˈɛlbəˌuːfɜ	0.29
Elbsandsteingebirge	ɛlpzˈantʃtaɪnɡəbˌɪɾɡə	0.26
Elchs	ɛlçs	0.4
Elchskelett	ˈɛlçskelˌɛt	0.3
Elchskelette	ˈɛlçskelˌɛtə	0.27
Elchskeletts	ˈɛlçskelˌɛts	0.27
Elchsteak	ˈɛlçstˌɛɪk	0.44
Elchsteaks	ˈɛlçstˌɛɪks	0.4
Elder Statesman	ˌɛldɜstˈeːtsmɛn	0.31
Elder Statesmen	ˌɛldɜstˈeːtsmɛn	0.31
Elektroingenieurinnen	elˈɛktroɪnʒenˌiøːrɪnən	0.29
Elektronengehirn	elɛktrˈoːnənɡəhˌɪɾn	0.31
Elektronengehirne	elɛktrˈoːnənɡəhˌɪɾnə	0.29
Elektronengehirnen	elɛktrˈoːnənɡəhˌɪɾnən	0.28
Elektronengehirnes	elɛktrˈoːnənɡəhˌɪɾnəs	0.28
Elektronengehirns	elɛktrˈoːnənɡəhˌɪɾns	0.29
Elephantines	eləfˈantinˌeːs	0.27
Elise	elˈiːzə	0.4
Elisen	elˈiːzən	0.33
Elises	elˈiːzəs	0.33
Ellis Island	ɛlɪsˈaɪlənt	0.3
Ellis Islands	ɛlɪsˈaɪlənts	0.27
Ellrichs	ˈɛlrɪçs	0.29
Elterngeld	ˈɛltɜnɡˌɛlt	0.33
Elterngeldes	ˈɛltɜnɡˌɛldəs	0.27
Elterngelds	ˈɛltɜnɡˌɛlts	0.3
Elterngespräch	ˈɛltɜnɡəʃprˌɛːç	0.31
Elterngespräche	ˈɛltɜnɡəʃprˌɛːçə	0.29
Elterngesprächen	ˈɛltɜnɡəʃprˌɛːçən	0.27
Elterngespräches	ˈɛltɜnɡəʃprˌɛːçəs	0.27
Elterngesprächs	ˈɛltɜnɡəʃprˌɛːçs	0.29
Email	emˈaɪ	0.6
Emaille	emˈaɪ	0.33
Emails	emˈaɪs	0.67
Embonpoint	ɑ̃bõpˈoɛ̃ː	0.7
Embryogenese	ˌɛmbrioɡenˈeːzə	0.33
Emelys	ˈɛməlis	0.33
Emissionsverb	emɪsˈioːnsvˌɛɾp	0.33
Emissionsverbe	emɪsˈioːnsvˌɛɾbə	0.31
Emissionsverben	emɪsˈioːnsvˌɛɾbən	0.29
Emissionsverbes	emɪsˈioːnsvˌɛɾbəs	0.29
Emissionsverbs	emɪsˈioːnsvˌɛɾps	0.31
Emmerichs	ˈɛmərɪçs	0.43
Emocore	ˈeːmokɔːɾ	0.29
Emoji	emˈoːdʒi	0.33
Emojis	emˈoːdʒis	0.43
Empowerment	ɪmpˈaʊɜmənt	0.4
Empowerments	ɪmpˈaʊɜmənts	0.36
Empressement	ãprɛsəmˈãː	0.55
Empressements	ãprɛsəmˈãːs	0.5
Enallage	ɛnˈalaɡe	0.29
Enanthem	ɛnantˈeːm	0.29
Enceladus	ɛntsˈeːladʊs	0.3
Enceladus’	ɛntsˈeːladʊs	0.3
Encephalon	ɛntsˈeːfalɔn	0.3
Encephalons	ɛntsˈeːfalɔns	0.27
Endergebnis	ˈɛntɛɾɡˌeːpnɪs	0.36
Endergebnisse	ˈɛntɛɾɡˌeːpnɪsə	0.33
Endergebnissen	ˈɛntɛɾɡˌeːpnɪsən	0.31
Endergebnisses	ˈɛntɛɾɡˌeːpnɪsəs	0.31
Energy-Drink	ˈɛnədʒidrˌɪŋk	0.36
Energy-Drinks	ˈɛnədʒidrˌɪŋks	0.33
Enfant terrible	ɑ̃fˌɑ̃ː tɛrˈiːbəl	0.46
Enfants terribles	ɑ̃fˌɑ̃ː tɛrˈiːbəl	0.47
Engadin	ˈɛŋɡadiːn	0.29
Engagement	ɑ̃ɡaʒmˈɑ̃ː	0.89
Engagements	ɑ̃ɡaʒmˈɑ̃ːs	0.8
Engine	ˈɛndʒɪn	0.83
Engineering	ɛnʒinˈiːrɪŋ	0.33
Engineerings	ɛnʒinˈiːrɪŋs	0.3
Engines	ˈɛndʒɪns	0.57
Engobe	ɑ̃ɡˈoːbə	0.5
Engoben	ɑ̃ɡˈoːbən	0.43
Enjambement	ɑ̃ʒɑ̃bəmˈɑ̃ː	0.73
Enjambements	ɑ̃ʒɑ̃bəmˈɑ̃ː	0.75
Enkelin	ˈɛŋkəlɪn	0.29
Enkis	ˈɛŋkis	0.4
Enklise	ɛnklˈiːzə	0.43
Enklisen	ɛnklˈiːzən	0.38
Ennui	ɑ̃nˈyiː	0.6
Ennuis	ɑ̃nˈyiːs	0.67
Enquete	ɑ̃kˈɛt	0.71
Enquete-Kommission	ɑ̃kˈɛtkɔmɪsˌioːn	0.4
Enquete-Kommissionen	ɑ̃kˈɛtkɔmɪsˌioːnən	0.35
Enquetekommission	ɑ̃kˈɛtkɔmɪsˌioːn	0.4
Enquetekommissionen	ɑ̃kˈɛtkɔmɪsˌioːnən	0.35
Enqueten	ɑ̃kˈɛːtən	0.5
Enquête	ɑ̃kˈɛːt	0.71
Enquête-Kommission	ɑ̃kˈɛtkɔmɪsˌioːn	0.4
Enquête-Kommissionen	ɑ̃kˈɛtkɔmɪsˌioːnən	0.35
Enquêtekommission	ɑ̃kˈɛtkɔmɪsˌioːn	0.4
Enquêtekommissionen	ɑ̃kˈɛtkɔmɪsˌioːnən	0.35
Enquêten	ɑ̃kˈɛːtən	0.5
Enregistrement	ɑ̃rəʒistrəmˈɑ̃	0.64
Enregistrements	ɑ̃rəʒistrəmˈɑ̃s	0.6
Ensemblebildung	ɑ̃sˈɑ̃ːbəlbˌɪldʊŋ	0.5
Ensemblebildungen	ɑ̃sˈɑ̃ːbəlbˌɪldʊŋən	0.44
Ensemblemitglied	ɑ̃sˈɑ̃ːbəlmˌɪtɡliːt	0.47
Ensemblemitglieder	ɑ̃sˈɑ̃ːbəlmˌɪtɡliːdɜ	0.44
Ensemblemitgliedern	ɑ̃sˈɑ̃ːbəlmˌɪtɡliːdɜn	0.41
Ensemblemitgliedes	ɑ̃sˈɑ̃ːbəlmˌɪtɡliːdəs	0.41
Ensemblemitglieds	ɑ̃sˈɑ̃ːbəlmˌɪtɡliːts	0.44
Ensembles	ɑ̃sˈɑ̃ːbəls	0.78
Ensembletänzer	ɑ̃sˈɑ̃ːbəltˌɛntsɜ	0.5
Ensembletänzerin	ɑ̃sˈɑ̃ːbəltˌɛntsərɪn	0.44
Ensembletänzerinnen	ɑ̃sˈɑ̃ːbəltˌɛntsərɪnən	0.42
Ensembletänzern	ɑ̃sˈɑ̃ːbəltˌɛntsɜn	0.47
Ensembletänzers	ɑ̃sˈɑ̃ːbəltˌɛntsɜs	0.47
Ensenada	ensenˈaːda	0.38
Ensenadas	ensenˈaːdas	0.33
Entente	ɑ̃tˈɑ̃ːt	0.71
Entente cordiale	ɑ̃tˈɑ̃ːt kɔɾdˈial	0.4
Ententen	ɑ̃tˈɑ̃ːtən	0.5
Enterichs	ˈɛntərɪçs	0.38
Entertainer	ˈɛntɜtˌeːnɜ	0.33
Entertainerin	ˈɛntɜtˌeːnərɪn	0.33
Entertainerinnen	ˈɛntɜtˌeːnərɪnən	0.29
Entertainern	ˈɛntɜtˌeːnɜn	0.3
Entertainers	ˈɛntɜtˌeːnɜs	0.4
Entourage	ɑ̃turˈaːʒə	0.38
Entouragen	ɑ̃turˈaːʒən	0.33
Entrechat	ãtrəʃˈa	0.67
Entrechats	ãtrəʃˈas	0.6
Entrecote	ɑ̃trəkˈoːt	0.44
Entrecotes	ɑ̃trəkˈoːt	0.5
Entree	ɑ̃trˈeː	0.4
Entrees	ɑ̃trˈeːs	0.33
Entrepreneur	ɑ̃trəprənˈøːɾ	0.27
Entrepreneurin	ɑ̃trəprənˈøːrɪn	0.29
Entrevue	ɑ̃trəvˈyː	0.43
Entrevuen	ɑ̃trəvˈyːən	0.44
Entrée	ɑ̃trˈeː	0.4
Entrées	ɑ̃trˈeːs	0.33
Entwicklungschance	ɛntvˈɪklʊŋsʃˌɑ̃ːs	0.29
Entwicklungschancen	ɛntvˈɪklʊŋsʃˌɑ̃ːsn	0.27
Enurese	enurˈeːzə	0.29
Eobiont	eobˈiɔnt	0.38
Eobionten	eobˈiɔntən	0.3
Epaulett	epolˈɛt	0.29
Epaulette	epolˈɛt	0.38
Epenthese	epɛntˈeːzə	0.38
Ephedrin	efedrˈiːn	0.29
Epheser	ˈeːfezɜ	0.4
Epibiont	epibˈiɔnt	0.33
Epibionten	epibˈiɔntən	0.27
Epigenese	epiɡenˈeːzə	0.33
Epigravettiens	epiɡravɛtˈiɛ̃ːs	0.29
Epistyle	epistˈyːlə	0.62
Epistylen	epistˈyːlən	0.4
Epithese	epitˈeːzə	0.29
Equipe	ekˈiːp	0.33
Equipes	ekˈiːp	0.43
Eratosthenes	eratˈɔstenɛs	0.27
Eratosthenes’	eratˈɔstenɛs	0.27
Erbse	ˈɛɾpsə	0.6
Erbsenfeld	ˈɛɾpsənfˌɛlt	0.3
Erbsenfelde	ˈɛɾpsənfˌɛldə	0.27
Erbsenfelder	ˈɛɾpsənfˌɛldɜ	0.27
Erbsenfelds	ˈɛɾpsənfˌɛlts	0.27
Erbsenhirn	ˈɛɾpsənhˌɪɾn	0.3
Erbsenhirne	ˈɛɾpsənhˌɪɾnə	0.27
Erbsenhirns	ˈɛɾpsənhˌɪɾns	0.27
Erbsenreis	ˈɛɾpsənrˌaɪs	0.3
Erbsensuppe	ˈɛɾpsənzˌʊpə	0.3
Erbsensuppen	ˈɛɾpsənzˌʊpən	0.27
Erbsensuppenstand	ˈɛɾpsənzʊpənʃtˌant	0.31
Erbsensuppenstande	ˈɛɾpsənzʊpənʃtˌandə	0.29
Erbsensuppenstandes	ˈɛɾpsənzʊpənʃtˌandəs	0.28
Erbsensuppenstands	ˈɛɾpsənzʊpənʃtˌants	0.29
Erbsenzähler	ˈɛɾpsəntsˌɛːlɜ	0.27
Erbsenzählerei	ˌɛɾpsəntsɛːlərˈaɪ	0.29
Erdachse	ˈeːɾtˌaksə	0.57
Erdaushubdeponie	ˈeːɾtaʊshuːpdeponˌiː	0.27
Erdaushubdeponien	ˈeːɾtaʊshuːpdeponˌiːən	0.33
Erdbahn	ˈeːɾtbˌaːn	0.33
Erdball	ˈeːɾtbˌal	0.33
Erdballe	ˈeːɾtbalə	0.29
Erdballs	ˈeːɾtbals	0.29
Erdbeerbäume	ˈeːɾtbeːɾbˌɔɪmə	0.27
Erdbeere	ˈeːɾtbˌeːrə	0.29
Erdbeergelee	ˈeːɾtbeːɾʒelˌeː	0.4
Erdbeergelees	ˈeːɾtbeːɾʒelˌeːs	0.36
Erdbeerkuchen	ˈeːɾtbeːɾkˌuːxən	0.27
Erdbeersaison	ˈeːɾtbeːɾzɛzɔ̃ː	0.5
Erdbeobachtungssatellit	eːɾtbəˈoːbaxtʊŋszatɛlˌiːt	0.3
Erdbewegung	ˈeːɾtbəvˌeːɡʊŋ	0.3
Erdbewohner	ˈeːɾtbəvˌoːnɜ	0.33
Erdbewohnerin	ˈeːɾtbəvˌoːnərɪn	0.27
Erdbewohnerinnen	ˈeːɾtbəvˌoːnərɪnən	0.29
Erdbewohnern	ˈeːɾtbəvˌoːnɜn	0.3
Erdbewohners	ˈeːɾtbəvˌoːnɜs	0.3
Erdbunkern	ˈeːɾtbˌʊŋkɜn	0.33
Erdbunkers	ˈeːɾtbˌʊŋkɜs	0.33
Erddruck	ˈeːɾtdrʊk	0.29
Erdeessen	ˈeːɾdəˌɛsən	0.38
Erdeessens	ˈeːɾdəˌɛsəns	0.33
Erdgas	ˈeːɾtɡˌaːs	0.33
Erdgasauto	ˈeːɾtɡaːsˌaʊto	0.3
Erdgasautos	ˈeːɾtɡaːsˌaʊtos	0.27
Erdgase	ˈeːɾtɡˌaːzə	0.29
Erdgaspreis	ˈeːɾtɡaːsprˌaɪs	0.27
Erdgeruch	ˈeːɾtɡərˌʊx	0.38
Erdgeruche	ˈeːɾtɡərˌʊxə	0.33
Erdgeruches	ˈeːɾtɡərˌʊxəs	0.3
Erdgeruchs	ˈeːɾtɡərˌʊxs	0.33
Erdgerüche	ˈeːɾtɡərˌʏçə	0.3
Erdgerüchen	ˈeːɾtɡərˌʏçən	0.27
Erdgeschichte	ˈeːɾtɡəʃˌɪçtə	0.27
Erdgeschoss	ˈeːɾtɡəʃˌɔs	0.38
Erdgeschosse	ˈeːɾtɡəʃˌɔsə	0.33
Erdgeschosseingang	ˈeːɾtɡəʃɔsˌaɪnɡaŋ	0.36
Erdgeschosseingange	ˈeːɾtɡəʃɔsˌaɪnɡaŋə	0.33
Erdgeschosseinganges	ˈeːɾtɡəʃɔsˌaɪnɡaŋəs	0.31
Erdgeschosseingangs	ˈeːɾtɡəʃɔsˌaɪnɡaŋs	0.33
Erdgeschosseingänge	ˈeːɾtɡəʃɔsˌaɪnɡɛŋə	0.33
Erdgeschosseingängen	ˈeːɾtɡəʃɔsˌaɪnɡɛŋən	0.31
Erdgeschossen	ˈeːɾtɡəʃˌɔsən	0.3
Erdgeschosses	ˈeːɾtɡəʃˌɔsəs	0.3
Erdgeschoß	ˈeːɾtɡəʃˌoːs	0.38
Erdgeschoße	ˈeːɾtɡəʃˌoːsə	0.33
Erdgeschoßen	ˈeːɾtɡəʃˌoːsən	0.3
Erdgeschoßes	ˈeːɾtɡəʃˌoːsəs	0.3
Erdgeschoßwohnung	ˈeːɾtɡəʃoːsvˌoːnʊŋ	0.31
Erdgrab	ˈeːɾtɡrˌaːp	0.29
Erdinnere	ˈeːɾtˌɪnərə	0.29
Erdle	ˈeːɾtlə	0.6
Erdles	ˈeːɾtləs	0.33
Erdling	ˈeːɾtlɪŋ	0.33
Erdlinge	ˈeːɾtlɪŋə	0.29
Erdlings	ˈeːɾtlɪŋs	0.29
Erdloch	ˈeːɾtlˌɔx	0.33
Erdloche	ˈeːɾtlˌɔxə	0.29
Erdlochs	ˈeːɾtlˌɔxs	0.29
Erdmann	ˈeːɾtman	0.33
Erdmasse	ˈeːɾtmˌasə	0.29
Erdmaus	ˈeːɾtmˌaʊs	0.29
Erdmond	ˈeːɾtmˌoːnt	0.43
Erdmonde	ˈeːɾtmˌoːndə	0.38
Erdmondes	ˈeːɾtmˌoːndəs	0.33
Erdmonds	ˈeːɾtmˌoːnts	0.38
Erdmäuse	ˈeːɾtmˌɔɪzə	0.38
Erdmäusen	ˈeːɾtmˌɔɪzən	0.33
Erdnatter	ˈeːɾtnˌatɜ	0.29
Erdnuss	ˈeːɾtnˌʊs	0.33
Erdnussbutterkekse	ˈeːɾtnʊsbʊtɜkˌeːksə	0.27
Erdnussbuttersandwich	ˈeːɾtnʊsbʊtɜsˌɛntvɪtʃ	0.39
Erdnussbuttersandwiche	ˈeːɾtnʊsbʊtɜsˌɛntvɪtʃə	0.37
Erdnussbuttersandwichen	ˈeːɾtnʊsbʊtɜsˌɛntvɪtʃən	0.35
Erdnussbuttersandwiches	ˈeːɾtnʊsbʊtɜsˌɛntvɪtʃəs	0.35
Erdnussbuttersandwichs	ˈeːɾtnʊsbʊtɜsˌɛntvɪtʃs	0.37
Erdnussflip	ˈeːɾtnʊsflˌɪp	0.3
Erdnussflips	ˈeːɾtnʊsflˌɪps	0.27
Erdnusskern	ˈeːɾtnʊskˌɛɾn	0.3
Erdnusskerne	ˈeːɾtnʊskˌɛɾnə	0.27
Erdnusskerns	ˈeːɾtnʊskˌɛɾns	0.27
Erdnussmus	ˈeːɾtnʊsmˌuːs	0.33
Erdnussmuse	ˈeːɾtnʊsmˌuːzə	0.4
Erdnussmusen	ˈeːɾtnʊsmˌuːzən	0.36
Erdnussmuses	ˈeːɾtnʊsmˌuːzəs	0.36
Erdnüsse	ˈeːɾtnˌʏsə	0.29
Erdofen	ˈeːɾtˌoːfən	0.29
Erdorbits	ˈeːɾtˌɔɾbɪts	0.33
Erdrakete	ˈeːɾtrakˌeːtə	0.33
Erdraketen	ˈeːɾtrakˌeːtən	0.3
Erdregion	ˈeːɾtreɡˌioːn	0.3
Erdrutsch	ˈeːɾtrˌʊtʃ	0.29
Erdschatten	ˈeːɾtʃˌatən	0.38
Erdschattens	ˈeːɾtʃˌatəns	0.33
Erdscheibe	ˈeːɾtʃˌaɪbə	0.38
Erdschicht	ˈeːɾtʃˌɪçt	0.38
Erdschichten	ˈeːɾtʃˌɪçtən	0.3
Erdscholle	ˈeːɾtʃˌɔlə	0.43
Erdschollen	ˈeːɾtʃˌɔlən	0.38
Erdschüppling	ˈeːɾtʃˌʏplɪŋ	0.33
Erdschüpplinge	ˈeːɾtʃˌʏplɪŋə	0.3
Erdschüpplingen	ˈeːɾtʃˌʏplɪŋən	0.27
Erdschüpplings	ˈeːɾtʃˌʏplɪŋs	0.3
Erdstall	ˈeːɾtʃtˌal	0.29
Erdstoß	ˈeːɾtʃtˌoːs	0.29
Erdteil	ˈeːɾttˌaɪl	0.29
Erdumläufe	ˈeːɾtʊmlˌɔɪfə	0.3
Erdumläufen	ˈeːɾtʊmlˌɔɪfən	0.27
Erdwall	ˈeːɾtvˌal	0.33
Erdwalle	ˈeːɾtvˌalə	0.29
Erdwalls	ˈeːɾtvˌals	0.29
Erdwolf	ˈeːɾtvˌɔlf	0.29
Erdwälle	ˈeːɾtvˌɛlə	0.29
Erdöfen	ˈeːɾtˌøːfən	0.29
Erdöl	ˈeːɾtˌøːl	0.4
Erdölbedarf	ˈeːɾtøːlbədˌaɾf	0.36
Erdölbedarfe	ˈeːɾtøːlbədˌaɾfə	0.33
Erdölbedarfen	ˈeːɾtøːlbədˌaɾfən	0.31
Erdölbedarfes	ˈeːɾtøːlbədˌaɾfəs	0.31
Erdölbedarfs	ˈeːɾtøːlbədˌaɾfs	0.33
Erdölbohrung	ˈeːɾtøːlbˌoːrʊŋ	0.3
Erdöle	ˈeːɾtˌøːlə	0.33
Erdölen	ˈeːɾtˌøːlən	0.29
Erdöles	ˈeːɾtˌøːləs	0.29
Erdölfeld	ˈeːɾtøːlfˌɛlt	0.33
Erdölfelde	ˈeːɾtøːlfˌɛldə	0.3
Erdölfelder	ˈeːɾtøːlfˌɛldɜ	0.3
Erdölfeldern	ˈeːɾtøːlfˌɛldɜn	0.27
Erdölfeldes	ˈeːɾtøːlfˌɛldəs	0.27
Erdölfelds	ˈeːɾtøːlfˌɛlts	0.3
Erdölfirma	ˈeːɾtøːlfˌɪɾma	0.3
Erdölfirmen	ˈeːɾtøːlfˌɪɾmən	0.27
Erdölkonzern	ˈeːɾtøːlkɔntsˌɛɾn	0.31
Erdölkonzerne	ˈeːɾtøːlkɔntsˌɛɾnə	0.29
Erdölkonzernen	ˈeːɾtøːlkɔntsˌɛɾnən	0.27
Erdölkonzernes	ˈeːɾtøːlkɔntsˌɛɾnəs	0.27
Erdölkonzerns	ˈeːɾtøːlkɔntsˌɛɾns	0.29
Erdölkrise	ˈeːɾtøːlkrˌiːzə	0.5
Erdölkrisen	ˈeːɾtøːlkrˌiːzən	0.45
Erdöllampe	ˈeːɾtøːllˌampə	0.4
Erdöllampen	ˈeːɾtøːllˌampən	0.36
Erdölleitung	ˈeːɾtøːllˌaɪtʊŋ	0.27
Erdöllieferant	ˈeːɾtøːllˌiːfərant	0.42
Erdöllieferanten	ˈeːɾtøːllˌiːfərantən	0.36
Erdölpreis	ˈeːɾtøːlprˌaɪs	0.3
Erdölpreise	ˈeːɾtøːlprˌaɪzə	0.27
Erdölraffinerie	ˈeːɾtøːlrafinərˌiː	0.31
Erdölraffinerien	ˈeːɾtøːlrafinərˌiːən	0.27
Erdöls	ˈeːɾtˌøːls	0.33
Erdölverbrauch	ˈeːɾtøːlfɛɾbrˌaʊx	0.31
Erdölverbrauche	ˈeːɾtøːlfɛɾbrˌaʊxə	0.29
Erdölverbrauches	ˈeːɾtøːlfɛɾbrˌaʊxəs	0.27
Erdölverbrauchs	ˈeːɾtøːlfɛɾbrˌaʊxs	0.29
Erdölverbräuche	ˈeːɾtøːlfɛɾbrˌɔɪçə	0.33
Erdölverbräuchen	ˈeːɾtøːlfɛɾbrˌɔɪçən	0.31
Erdölverkauf	ˈeːɾtøːlfɛɾkˌaʊf	0.33
Erdölverkaufe	ˈeːɾtøːlfɛɾkˌaʊfə	0.31
Erdölverkaufes	ˈeːɾtøːlfɛɾkˌaʊfəs	0.29
Erdölverkaufs	ˈeːɾtøːlfɛɾkˌaʊfs	0.31
Erdölverkäufe	ˈeːɾtøːlfɛɾkˌɔɪfə	0.38
Erdölverkäufen	ˈeːɾtøːlfɛɾkˌɔɪfən	0.36
Erdölvorrat	ˈeːɾtøːlfˌoːɾraːt	0.27
Erdölwagen	ˈeːɾtøːlvˌaːɡən	0.3
Erdölwagens	ˈeːɾtøːlvˌaːɡəns	0.27
Erdölwägen	ˈeːɾtøːlvˌɛːɡən	0.3
Erebos	ˈeːrebɔs	0.33
Erebos’	ˈeːrebɔs	0.33
Erektionsproblem	erɛktsˈioːnsproblˌeːm	0.29
Eremit	eremˈiːt	0.33
Erfolgschance	ɛɾfˈɔlksʃˌɑ̃ːs	0.45
Erfolgserlebnis	ɛɾfˈɔlksɛɾlˌeːpnɪs	0.33
Erfolgserlebnisse	ɛɾfˈɔlksɛɾlˌeːpnɪsə	0.31
Erfolgserlebnissen	ɛɾfˈɔlksɛɾlˌeːpnɪsən	0.29
Erfolgserlebnisses	ɛɾfˈɔlksɛɾlˌeːpnɪsəs	0.29
Erichs	ˈeːrɪçs	0.5
Eridus	ˈeːridus	0.33
Erinye	erˈɪniə	0.33
Erinyen	erˈɪniən	0.29
Eris	ˈeːrɪs	0.5
Eristik	erˈɪstɪk	0.29
Eris’	ˈeːrɪs	0.5
Eritrea	eritrˈeːa	0.29
Eritreer	eritrˈeːɜ	0.29
Erligheim	ˈeːɾlɪçhˌaɪm	0.3
Erligheims	ˈeːɾlɪçhˌaɪms	0.27
Ernteergebnis	ˈɛɾntəɛɾɡˌeːpnɪs	0.31
Ernteergebnisse	ˈɛɾntəɛɾɡˌeːpnɪsə	0.29
Ernteergebnissen	ˈɛɾntəɛɾɡˌeːpnɪsən	0.27
Ernteergebnisses	ˈɛɾntəɛɾɡˌeːpnɪsəs	0.27
Eros	ˈeːrɔs	0.5
Erosion	erozˈioːn	0.29
Erotik	erˈoːtɪk	0.33
Erotiker	erˈoːtɪkɜ	0.29
Erratum	ɛrˈaːtʊm	0.29
Erstanläufe	ˈeːɾstanlˌɔɪfə	0.27
Erstem	ˈeːɾstəm	0.5
Erstem Mai	ˌeːɾstəm mˈaɪ	0.33
Ersti	ˈeːɾstiː	0.4
Erstis	ˈeːɾstiːs	0.33
Erthle	ˈeːɾtlə	0.4
Eruptivgestein	erʊptˈiːfɡəʃtˌaɪn	0.29
Eruptivgesteine	erʊptˈiːfɡəʃtˌaɪnə	0.27
Eruptivgesteins	erʊptˈiːfɡəʃtˌaɪns	0.27
Erwachsenenhotel	ɛɾvˈaksənənhotˌɛl	0.27
Erwachsenenwelt	ɛɾvˈaksənənvˌɛlt	0.29
Erythem	erytˈeːm	0.33
Erythropoietin	erˌʏtropɔietˈiːn	0.31
Erze	ˈeːɾtsə	0.4
Eröffnungsparty	ɛɾˈœfnʊŋspˌaːɾti	0.38
Escapes	ɪskˈeɪps	0.57
Escapetaste	ɪskˈeɪptˌastə	0.36
Escapetasten	ɪskˈeɪptˌastən	0.33
Eschatologie	ɛsçatoloɡˈiː	0.27
Eskişehir	ɛskˈiʃɛhˈiɾ	0.33
Eskişehirs	ɛskˈiʃɛhˈiɾs	0.3
Espadrille	ɛspadrˈiːj	0.33
Espadrilles	ɛspadrˈiːj	0.4
Esprit	ɛsprˈiː	0.5
Esprits	ɛsprˈiːs	0.29
Essai	ˈɛse	0.5
Essais	ˈɛses	0.4
Essayist	ˌɛseˈɪst	0.29
Essayistik	ɛseˈɪstɪk	0.33
Essgeräuschen	ˈɛsɡərˌɔɪʃən	0.42
Essigbäume	ˈɛsɪçbˌɔɪmə	0.3
Essigbäumen	ˈɛsɪçbˌɔɪmən	0.27
Essigester	ˈɛsɪçˌɛstɜ	0.33
Essigesters	ˈɛsɪçˌɛstɜs	0.3
Essiggeruch	ˈɛsɪçɡərˌʊx	0.33
Essiggeruches	ˈɛsɪçɡərˌʊxəs	0.27
Essiggeruchs	ˈɛsɪçɡərˌʊxs	0.3
Essiggerüche	ˈɛsɪçɡərˌʏçə	0.27
Essiggeschmack	ˈɛsɪçɡəʃmˌak	0.27
Essigsäure	ˈɛsɪçzˌɔɪrə	0.3
Essigsäureester	ˈɛsɪçzɔɪrəˌɛstɜ	0.36
Essigsäureestern	ˈɛsɪçzɔɪrəˌɛstɜn	0.33
Essigsäureesters	ˈɛsɪçzɔɪrəˌɛstɜs	0.33
Estrichs	ˈɛstrɪçs	0.38
Eswatinis	eswatˈiːnis	0.33
Etablissement	ˌetablɪsmˈɑ̃ː	0.33
Etablissements	ˌetablɪsmˈɑ̃ːs	0.31
Etagenbette	etˈaːʒənbˌɛtə	0.3
Etagenservice	etˈaːʒənsˌœːɾvɪs	0.33
Etagenservices	etˈaːʒənsˌœːɾvɪsəs	0.43
Etagere	etaʒˈeːrə	0.29
Etalon	etalˈɔ̃ː	0.33
Etalons	etalˈɔ̃ːs	0.29
Eternit	etɛɾnˈiːt	0.29
Ethernet	ˈiːθɜnɛt	0.5
Ethernets	ˈiːθɜnɛts	0.43
Ethnien	ɛtnˈiːən	0.43
Ethnostaat	ˈɛtnoʃtˌaːt	0.38
Ethnostaaten	ˈɛtnoʃtˌaːtən	0.3
Ethnostaates	ˈɛtnoʃtˌaːtəs	0.3
Ethnostaats	ˈɛtnoʃtˌaːts	0.33
Eths	ɛðs	0.67
Etiolement	etioləmˈɑ̃ː	0.55
Etiolements	etioləmˈɑ̃ːs	0.5
Etruriens	etrˈuːriəns	0.3
Etui	ɛtvˈiː	0.5
Etuikleid	ɛtvˈiːklˌaɪt	0.33
Etuikleide	ɛtvˈiːklˌaɪdə	0.3
Etuikleider	ɛtvˈiːklˌaɪdɜ	0.3
Etuikleidern	ɛtvˈiːklˌaɪdɜn	0.27
Etuikleides	ɛtvˈiːklˌaɪdəs	0.27
Etuikleids	ɛtvˈiːklˌaɪts	0.3
Etuis	ɛtvˈiːs	0.6
EuPs	eːuːpeːs	0.5
Eubakterie	ɔɪbakterˈiː	0.36
Eubiotik	ɔɪbˈioːtɪk	0.44
Eudiometer	ɔɪdiomˈeːtɜ	0.3
Eudiometern	ɔɪdiomˈeːtɜn	0.27
Eudiometers	ɔɪdiomˈeːtɜs	0.27
Eufonien	ɔɪfonˈiːən	0.33
Eugen	ˈɔɪɡeːn	0.4
Eugens	ˈɔɪɡeːns	0.33
Euklids	ɔɪklˈiːts	0.29
Euphonien	ɔɪfˈoːniən	0.33
Euploidien	ɔɪploidˈiːən	0.27
Eurasiens	ɔɪrˈaːziəns	0.3
Eurobalise	ˈɔɪrobalˌiːzə	0.3
Eurobalisen	ˈɔɪrobalˌiːzən	0.27
Eurocent	ˈɔɪrotsˌɛnt	0.33
Eurocents	ˈɔɪrotsˌɛnts	0.3
Eurodance	jˈuːrodˌɑːns	0.6
Eurokrise	ˈɔɪrokrˌiːzə	0.44
Eurokrisen	ˈɔɪrokrˌiːzən	0.4
Europacup	ɔɪrˈoːpakˌap	0.64
Europacups	ɔɪrˈoːpakˌaps	0.58
Europem	ɔɪropˈeːm	0.29
Euterpe	ɔɪtˈɛɾpə	0.29
Eutin	ɔɪtˈiːn	0.4
Eutins	ɔɪtˈiːns	0.33
Eutopie	ɔɪtopˈiː	0.33
Evangelien	evaŋɡˈeːliən	0.4
Evangelienbuch	evaŋɡˈeːliənbˌuːx	0.31
Evangelienbuche	evaŋɡˈeːliənbˌuːxə	0.29
Evangelienbuches	evaŋɡˈeːliənbˌuːxəs	0.27
Evangelienbuchs	evaŋɡˈeːliənbˌuːxs	0.29
Evaskostüm	ˈeːfaskostˌyːm	0.3
Evaskostüms	ˈeːfaskostˌyːms	0.27
Evchens	ˈeːfçəns	0.29
Everglades	ˈɛvəɡleɪdz	0.67
Evergreen	ˈɛvɜɡriːn	0.29
Evergreens	ˈɛvɜɡriːns	0.38
Everybody’s Darling	ˌevɹibadiːs dˈaːɾlɪŋ	0.31
Everybody’s Darlings	ˌevɹibadiːs dˈaːɾlɪŋs	0.29
Ewenkin	evˈɛŋkɪn	0.29
Ex-CIA-Agent	ɛkssiːaɪˈɛɪaɡˌɛnt	0.36
Ex-CIA-Agenten	ɛkssiːaɪˈɛɪaɡˌɛntən	0.31
Ex-Junkies	ˈɛksdʒˌaŋkis	0.4
Exabyte	ˈɛksabˌaɪt	0.38
Exabytes	ˈɛksabˌaɪts	0.33
Exbibyte	ˈɛksbibˌaɪt	0.33
Exbibytes	ˈɛksbibˌaɪts	0.3
Exilliteratur	ɛksˈiːllɪtəratˌuːɾ	0.31
Exilliteraturen	ɛksˈiːllɪtəratˌuːrən	0.27
Exkuse	ɛkskˈyːz	0.43
Expatriate	ɛkspˈɛtriət	0.42
Expatriates	ɛkspˈɛtriəts	0.38
Exploitationfilm	ɛksplɔɪtˈɛɪʃənfˌɪlm	0.39
Exploitationfilme	ɛksplɔɪtˈɛɪʃənfˌɪlmə	0.37
Exploitationfilmen	ɛksplɔɪtˈɛɪʃənfˌɪlmən	0.35
Exploitationfilms	ɛksplɔɪtˈɛɪʃənfˌɪlms	0.37
Explosionsgeräuschen	ɛksplozˈioːnsɡərˌɔɪʃən	0.32
Explosionsunglück	ɛksplozˈioːnsʊnɡlˌʏk	0.29
Explosionsunglücke	ɛksplozˈioːnsʊnɡlˌʏkə	0.28
Explosionsunglücken	ɛksplozˈioːnsʊnɡlˌʏkən	0.26
Explosionsunglückes	ɛksplozˈioːnsʊnɡlˌʏkəs	0.26
Explosionsunglücks	ɛksplozˈioːnsʊnɡlˌʏks	0.28
Exportware	ɛkspˈɔɾtvˌaːrə	0.36
Eye-Liner	ˈaɪlaɪnɜ	0.43
Eye-Linern	ˈaɪlaɪnɜn	0.38
Eye-Liners	ˈaɪlaɪnɜs	0.38
Eyeliner	ˈaɪlˌaɪnɜ	0.43
Eyelinern	ˈaɪlˌaɪnɜn	0.38
Eyeliners	ˈaɪlˌaɪnɜs	0.38
FAQs	ɛfaːkuːs	0.33
FBI-Agent	ɛfbiːˈaɪaɡˌɛnt	0.27
FBI-Agentin	ɛfbiːˈaɪaɡˌɛntɪn	0.31
FBI-Agentinnen	ɛfbiːˈaɪaɡˌɛntɪnən	0.27
FBI-Chef	ɛfbiːˈaɪʃˌɛf	0.33
FBI-Chefs	ɛfbiːaɪʃˌɛfs	0.3
FBI-Fall	ɛfbiːˈaɪfˌal	0.33
FBI-Falls	ɛfbiːaɪfˌals	0.3
FBI-Fälle	ɛfbiːˈaɪfˌɛlə	0.3
FBI-Fällen	ɛfbiːˈaɪfˌɛlən	0.27
FBI-Labor	ɛfbiːˈaɪlabˌoːɾ	0.27
FBI-Leute	ɛfbiːˈaɪlˌɔɪtə	0.36
FBI-Leuten	ɛfbiːˈaɪlˌɔɪtən	0.33
FBI-Liste	ɛfbiːˈaɪlˌɪstə	0.27
FBI-Mann	ɛfbiːˈaɪmˌan	0.33
FBI-Mannes	ɛfbiːˈaɪmˌanəs	0.27
FBI-Manns	ɛfbiːaɪmˌans	0.3
FBI-Marke	ɛfbiːˈaɪmˌaɾkə	0.27
FBI-Männer	ɛfbiːˈaɪmˌɛnɜ	0.3
FBI-Männern	ɛfbiːˈaɪmˌɛnɜn	0.27
FBI-Profiler	ɛfbiːˈaɪprɔfˌaɪlɜ	0.43
FBI-Profilern	ɛfbiːˈaɪprɔfˌaɪlɜn	0.4
FBI-Profilers	ɛfbiːˈaɪprɔfˌaɪlɜs	0.4
FBI-Wagen	ɛfbiːˈaɪvˌaːɡən	0.27
Fabienne	fabiˈɛn	0.33
Fabiennes	fabiˈɛns	0.29
Fabliau	fabliˈoː	0.29
Fabliaux	fabliˈoː	0.44
Face Shield	fˈɛɪsʃˌiːlt	0.38
Face Shields	fˈɛɪsʃˌiːlts	0.33
Facebook	fˈɛɪsbʊk	0.57
Facebook-Seite	fˈɛɪsbʊkzˌaɪtə	0.33
Facebook-Seiten	fˈɛɪsbʊkzˌaɪtən	0.31
Facebooks	fˈɛɪsbʊks	0.5
Facebookseite	fˈɛɪsbʊkzˌaɪtə	0.33
Facebookseiten	fˈɛɪsbʊkzˌaɪtən	0.31
Facelift	fˈeːslɪft	0.38
Facelifting	fˈeislɪftɪŋ	0.3
Faceliftings	fˈeislɪftɪŋs	0.27
Facelifts	fˈeːslɪfts	0.33
Facepalm	fˈɛɪspaːm	0.5
Facepalms	fˈɛɪspaːms	0.44
Fachingenieur	fˈaxɪnʒenˌiøːɾ	0.27
Fachjargon	fˈaxʒaɾɡˌɔŋ	0.33
Fachjargons	fˈaxʒaɾɡˌɔŋs	0.3
Facilitymanagement	fəsˈɪlɪtimˌɛnɪtʃmənt	0.56
Facilitymanagements	fəsˈɪlɪtimˌɛnɪtʃmənts	0.53
Fahrbahnverengung	fˈaːɾbaːnfɛɾˌɛŋʊŋ	0.29
Fahrgelderstattung	fˈaːɾɡɛltɛɾʃtˌatʊŋ	0.27
Fahrgeräuschen	fˈaːɾɡərˌɔɪʃən	0.38
Fahrradsteuer	fˈaːɾraːtʃtˌɔɪɜ	0.27
Faiblage	fɛblˈaːʒə	0.56
Faiblagen	fɛblˈaːʒən	0.33
Faible	fˈɛːbəl	0.67
Faibles	fˈɛːbəls	0.57
Fairfax	fˈɛːɾfɛks	0.38
Fairfax’	fˈɛːɾfɛks	0.38
Fairness	fˈɛːɾnɛs	0.5
Fairway	fˈɛːɾveː	0.57
Fairwaybunker	fˈɛːɾveːbˌʊŋkɜ	0.33
Fairwaybunkern	fˈɛːɾveːbˌʊŋkɜn	0.38
Fairwaybunkers	fˈɛːɾveːbˌʊŋkɜs	0.38
Fairways	fˈɛːɾveːs	0.5
Fait accompli	fˌɛːtakɔ̃plˈiː	0.27
Faits accomplis	fˌɛːzakɔ̃plˈiː	0.54
Fake News	fˈɛɪknjˌuːs	0.5
Fakes	fɛɪks	0.6
Falkennest	fˈalkənnˌɛst	0.3
Falkennests	fˈalkənnˌɛsts	0.27
Fallout	fɔːlˈaʊt	0.5
Fallouts	fɔːlˈaʊts	0.43
Fallstudie	fˈalʃtˌuːdiə	0.3
Fallstudien	fˈalʃtˌuːdiən	0.27
Familienangehörige	famˈiːliənˌanɡəhøːrɪɡə	0.33
Familienangehörigem	famˈiːliənˌanɡəhøːrɪɡəm	0.32
Familienangehörigen	famˈiːliənˌanɡəhøːrɪɡən	0.32
Familienangehöriger	famˈiːliənˌanɡəhøːrɪɡɜ	0.33
Familienbibliothek	famˈiːliənbibliotˌeːk	0.26
Familiengefüge	famˈiːliənɡəfˌyːɡə	0.36
Familiengefügen	famˈiːliənɡəfˌyːɡən	0.33
Familiengefüges	famˈiːliənɡəfˌyːɡəs	0.33
Familiengeheimnis	famˈiːliənɡəhˌaɪmnɪs	0.35
Familiengeheimnisse	famˈiːliənɡəhˌaɪmnɪsə	0.33
Familiengeheimnissen	famˈiːliənɡəhˌaɪmnɪsən	0.32
Familiengeheimnisses	famˈiːliənɡəhˌaɪmnɪsəs	0.32
Familiengeschichte	famˈiːliənɡəʃˌɪçtə	0.31
Familiengeschichten	famˈiːliənɡəʃˌɪçtən	0.29
Familienglück	famˈiːliənɡlˌʏk	0.33
Familienglücke	famˈiːliənɡlˌʏkə	0.31
Familienglückes	famˈiːliənɡlˌʏkəs	0.29
Familienglücks	famˈiːliənɡlˌʏks	0.31
Familiengut	famˈiːliənɡˌuːt	0.36
Familiengute	famˈiːliənɡˌuːtə	0.33
Familiengutes	famˈiːliənɡˌuːtəs	0.31
Familienguts	famˈiːliənɡˌuːts	0.33
Familiengüter	famˈiːliənɡˌyːtɜ	0.33
Familiengütern	famˈiːliənɡˌyːtɜn	0.31
Familienrestaurant	famˈiːliənrɛstorˌɑ̃ː	0.32
Familienrestaurants	famˈiːliənrɛstorˌɑ̃ːs	0.3
Famosschrift	famˈoːsʃrˌɪft	0.27
Fan-Fiction	fˈɛnfˈɪkʃən	0.45
Fan-Fictions	fˈɛnfˈɪkʃəns	0.42
Fanboy	fˈɛnbˌɔɪ	0.33
Fanboys	fˈɛnbˌɔɪs	0.29
Fanclub	fˈɛnklˌʊp	0.29
Fanfiction	fˈɛnfˈɪkʃən	0.45
Fanfictions	fˈɛnfˈɪkʃəns	0.42
Fangemeinde	fˈɛnɡəmˌaɪndə	0.36
Fangemeinden	fˈɛnɡəmˌaɪndən	0.33
Fangsaison	fˈaŋzɛzˌɔ̃ː	0.44
Fanklub	fˈɛnklˌʊp	0.43
Fanklubs	fˈɛnklˌʊps	0.38
Fanon	fanˈɔ̃ː	0.4
Fanons	fanˈɔ̃ːs	0.33
Fantasy	fˈɛntəzi	0.29
Fantasyfilm	fˈɛntəzifˌɪlm	0.27
Fanzine	fˈɛnziːn	0.5
Fanzines	fˈɛnziːns	0.44
Farngestrüpp	fˈaɾnɡəʃtrˌʏp	0.36
Farngestrüppe	fˈaɾnɡəʃtrˌʏpə	0.33
Farngestrüppen	fˈaɾnɡəʃtrˌʏpən	0.31
Farngestrüppes	fˈaɾnɡəʃtrˌʏpəs	0.31
Farngestrüpps	fˈaɾnɡəʃtrˌʏps	0.33
Farngewächs	fˈaɾnɡəvˌɛks	0.3
Farngewächse	fˈaɾnɡəvˌɛksə	0.27
Fashion Victim	fˈɛʃənvˌɪktɪm	0.46
Fashionvictim	fˈɛʃənvˌɪktɪm	0.5
Fashionvictims	fˈɛʃənvˌɪktɪms	0.47
Fasson	fasˈɔ̃ː	0.4
Fassons	fasˈɔ̃ːs	0.33
Fauteuil	fotˈœɪ	0.75
Fauteuils	fotˈœɪs	0.67
Fauvist	fovˈɪst	0.29
Fauxbourdon	fobʊɾdˈɔ̃ː	0.64
Fauxbourdons	fobʊɾdˈɔ̃ːs	0.58
Fauxpas	fopˈa	0.62
Favicon	fˈɛvɪkɔn	0.43
Favicons	fˈɛvɪkɔns	0.38
Fayence	fajˈɑ̃ːs	0.71
Fayencen	fajˈɑ̃ːsən	0.5
Façon	fasˈɔ̃ː	0.4
Façons	fasˈɔ̃ːs	0.33
Feature	fˈiːtʃɜ	0.57
Features	fˈiːtʃɜs	0.5
Federvieh	fˈeːdɜfˌiː	0.29
Feed	fiːt	0.33
Feed-back	fˈiːtbɛk	0.33
Feed-backs	fˈiːtbɛks	0.29
Feedback	fˈiːtbɛk	0.5
Feedbacks	fˈiːtbɛks	0.43
Feerichs	fˈeːərɪçs	0.29
Feinbackware	fˈaɪnbakvˌaːrə	0.45
Felching	fˈɛltʃɪŋ	0.29
Feldbluse	fˈɛltblˌuːzə	0.33
Feldblusen	fˈɛltblˌuːzən	0.3
Feldgendarm	fˈɛltʒɑ̃dˌaɾm	0.36
Feldgendarmen	fˈɛltʒɑ̃dˌaɾmən	0.31
Feldgendarmerie	fˈɛltʒandaɾmərˌiː	0.29
Feldstudie	fˈɛltʃtˌuːdiə	0.27
Feldwinkelspinne	fˈɛltvɪŋkəlʃpˌɪnə	0.27
Fellerichs	fˈɛlərɪçs	0.38
Femme	fam	0.5
Femme fatale	fˌamfatˈal	0.3
Femmes	fams	0.4
Femmes fatales	fˌamfatˈal	0.42
Fences	fˈɛnsəs	0.33
Fendant	fɑ̃dˈɑ̃ː	0.57
Fendants	fɑ̃dˈɑ̃ː	0.62
Feng Shui	foŋ ʃueɪ	0.57
Feng-Shui	foŋ ʃueɪ	0.57
Fengshui	foŋ ʃueɪ	0.71
Feriengast	fˈeːriənɡˌast	0.4
Feriengaste	fˈeːriənɡˌastə	0.36
Feriengastes	fˈeːriənɡˌastəs	0.33
Feriengasts	fˈeːriənɡˌasts	0.36
Feriengebiet	fˈeːriənɡəbˌiːt	0.45
Feriengebiete	fˈeːriənɡəbˌiːtə	0.42
Feriengebieten	fˈeːriənɡəbˌiːtən	0.38
Feriengebietes	fˈeːriənɡəbˌiːtəs	0.38
Feriengebiets	fˈeːriənɡəbˌiːts	0.42
Feriengäste	fˈeːriənɡˌɛstə	0.36
Feriengästen	fˈeːriənɡˌɛstən	0.33
Ferienjob	fˈeːriəndʒˌɔp	0.5
Ferienjobs	fˈeːriəndʒˌɔps	0.45
Feston	fɛstˈɔ̃ː	0.33
Festons	fɛstˈɔ̃ːs	0.29
Festungsbauingenieur	fˈɛstʊŋsbaʊɪnʒenˌiøːɾ	0.28
Festungsbauingenieure	fˈɛstʊŋsbaʊɪnʒenˌiøːrə	0.26
Festungsbauingenieurs	fˈɛstʊŋsbaʊɪnʒenˌiøːɾs	0.26
Feuer-Lilie	fˈɔɪɜlˌiːliə	0.3
Feuer-Lilien	fˈɔɪɜlˌiːliən	0.27
Feuilleton	føjətˈɔ̃ː	0.67
Feuilletonchef	føjətˈɔ̃ːʃˌɛf	0.42
Feuilletonchefs	føjətˈɔ̃ːʃˌɛfs	0.38
Feuilletonismen	føjətonˈɪsmən	0.29
Feuilletonismus	føjətonˈɪsmʊs	0.29
Feuilletonist	føjətonˈɪst	0.33
Feuilletonisten	føjətonˈɪstən	0.29
Feuilletonistin	føjətonˈɪstɪn	0.29
Feuilletons	fœjətˈɔ̃ːs	0.7
Feurichs	fˈɔɪrɪçs	0.38
Fianchetti	fiaŋkˈɛti	0.33
Fianchetto	fiaŋkˈɛto	0.33
Fianchettos	fiaŋkˈɛtos	0.3
Fibrin	fibrˈiːn	0.33
Fibrins	fibrˈiːns	0.29
Fici	fˈiːtsi	0.4
Fidschi	fˈɪdʒi	0.4
Fidschis	fˈɪdʒis	0.5
Fife	faɪf	0.75
Fifes	faɪfs	0.6
Filet	filˈeː	0.4
Filets	filˈeːs	0.33
Filmbranche	fˈɪlmbrˌɑ̃ːʃə	0.27
Filmgenre	fˈɪlmʒˌɑ̃ːrə	0.33
Filmgenres	fˈɪlmʒˌɑ̃ːrəs	0.3
Filmset	fˈɪlmsˌɛt	0.29
Filmstudio	fˈɪlmʃtˌuːdio	0.27
Filmversion	fˈɪlmvɛɾzˌioːn	0.27
Financier	finɑ̃sˈieː	0.4
Financiers	finɑ̃sˈieːs	0.36
Fineliner	fˈaɪnlˌaɪnɜ	0.56
Finelinern	fˈaɪnlˌaɪnɜn	0.5
Fineliners	fˈaɪnlˌaɪnɜs	0.5
Fines Herbes	fˌiːn zˈɛɾp	0.55
Fintech	fˈɪntˌɛk	0.29
Fiona	fiˈoːna	0.33
Fionas	fiˈoːnas	0.29
Firewall	fˈaɪɜvˌɔːl	0.29
Firewalls	fˈaɪɜvˌɔːls	0.38
Firmenjet	fˈɪɾməndʒˌɛt	0.4
Firmenjets	fˈɪɾməndʒˌɛts	0.36
Firmware	fˈœɾmvˌɛːɾ	0.57
Firnewein	fˈɪɾnəvˌaɪn	0.56
Firneweine	fˈɪɾnəvˌaɪnə	0.6
Firneweinen	fˈɪɾnəvˌaɪnən	0.45
Firneweines	fˈɪɾnəvˌaɪnəs	0.64
Firneweins	fˈɪɾnəvˌaɪns	0.6
Firngeschmack	fˈɪɾnɡəʃmˌak	0.3
Firngeschmacks	fˈɪɾnɡəʃmˌaks	0.27
First Down	fˈœːɾst dˌaʊn	0.33
First Downs	fˈœːɾst dˌaʊns	0.3
First Ladies	fˌœːɾst lˈɛɪdiːs	0.27
First Ladys	fˌœːɾst lˈɛɪdiːs	0.27
Fischereisaison	fɪʃərˈaɪzɛzˌɔ̃ː	0.38
Fischereisaisonen	fɪʃərˈaɪzɛzˌɔ̃ːən	0.33
Fischereisaisons	fɪʃərˈaɪzɛzˌɔ̃ːs	0.36
Fischrestaurant	fˈɪʃrɛstorˌɑ̃ː	0.31
Fischrestaurants	fˈɪʃrɛstorˌɑ̃ːs	0.29
Fischsauce	fˈɪʃzˌoːsə	0.38
Fischsaucen	fˈɪʃzˌoːsən	0.33
Fischungeheuer	fˈɪʃʊnɡəhˌɔɪɜ	0.45
Fischungeheuern	fˈɪʃʊnɡəhˌɔɪɜn	0.42
Fischungeheuers	fˈɪʃʊnɡəhˌɔɪɜs	0.42
Fittichs	fˈɪtɪçs	0.29
Flachse	flˈaksə	0.33
Flachsen	flˈaksən	0.29
Flachses	flˈaksəs	0.29
Flacon	flakˈɔ̃ː	0.33
Flacons	flakˈɔ̃ːs	0.29
Flakon	flakˈɔ̃ː	0.33
Flakons	flakˈɔ̃ːs	0.29
Flameaus	flamˈoːs	0.38
Flames	flɛɪms	0.5
Flanellpyjama	flanˈɛldʒˌaːma	0.33
Flanellpyjamas	flanˈɛldʒˌaːmas	0.31
Flanking	flˈɛŋkɪŋ	0.29
Flare	flɛːɾ	0.4
Flares	flɛːɾs	0.33
Flash Fiction	flˌɛʃfˈɪkʃən	0.42
Flashback	flˈɛʃbɛk	0.29
Flashmob	flˈɛʃmˌɔp	0.29
Flatrate	flˈɛtreːt	0.38
Flatrates	flˈɛtreːts	0.33
Fleece	fliːs	0.6
Fleecejacke	flˈiːsjˌakə	0.33
Fleecejacken	flˈiːsjˌakən	0.3
Fleeceshirt	flˈiːsʃˌœːɾt	0.5
Fleeceshirts	flˈiːsʃˌœːɾts	0.45
Fleischware	flˈaɪʃvˌaːrə	0.56
Flexionsabbau	flɛksˈioːnsˌapbaʊ	0.29
Flexionsabbaus	flɛksˈioːnsˌapbaʊs	0.27
Flexionsendung	flɛksˈioːnsˌɛndʊŋ	0.27
Fließems	flˈiːzəms	0.29
Flohstichs	flˈoːʃtˌɪçs	0.33
Floret	florˈeː	0.33
Florets	florˈeːs	0.29
Flow	flɔʊ	0.5
Flows	flɔʊs	0.4
Flugabwehrrakete	flˈuːkapveːɾrakˌeːtə	0.27
Flugbuch	flˈuːkbˌuːx	0.29
Flughafeneingang	flˈuːkhaːfənˌaɪnɡaŋ	0.27
Flughafenrestaurant	flˈuːkhaːfənrɛstorˌɑ̃ː	0.32
Flughafenrestaurants	flˈuːkhaːfənrɛstorˌɑ̃ːs	0.3
Flugingenieur	flˈuːkɪnʒenˌiøːɾ	0.33
Flugingenieure	flˈuːkɪnʒenˌiøːrə	0.31
Flugingenieuren	flˈuːkɪnʒenˌiøːrən	0.29
Flugingenieurs	flˈuːkɪnʒenˌiøːɾs	0.31
Fluglinie	flˈuːklˌiːniə	0.3
Fluglinien	flˈuːklˌiːniən	0.27
Fluglotse	flˈuːklˌoːtsə	0.33
Fluglotsen	flˈuːklˌoːtsən	0.3
Fluglotsenstreik	flˈuːkloːtsənʃtrˌaɪk	0.31
Fluglotsenstreike	flˈuːkloːtsənʃtrˌaɪkə	0.29
Fluglotsenstreiken	flˈuːkloːtsənʃtrˌaɪkən	0.28
Fluglotsenstreikes	flˈuːkloːtsənʃtrˌaɪkəs	0.28
Fluglotsenstreiks	flˈuːkloːtsənʃtrˌaɪks	0.29
Fluglotsin	flˈuːklˌoːtsɪn	0.3
Flugpionier	flˈuːkpionˌiːɾ	0.27
Flugzeugunglück	flˈuːktsɔɪkˌʊnɡlʏk	0.33
Flugzeugunglücke	flˈuːktsɔɪkˌʊnɡlʏkə	0.31
Flugzeugunglücken	flˈuːktsɔɪkˌʊnɡlʏkən	0.29
Flugzeugunglückes	flˈuːktsɔɪkˌʊnɡlʏkəs	0.29
Flugzeugunglücks	flˈuːktsɔɪkˌʊnɡlʏks	0.31
Fluorchlorkohlenwasserstoff	flˌuoːɾklˌoːɾkˌoːlənvˈasɜʃtˌɔf	0.26
Fluorgehalt	flˈuːoːɾɡəhˌalt	0.27
Flurbuch	flˈuːɾbuːx	0.29
Fluse	flˈuːzə	0.4
Flusen	flˈuːzən	0.33
Flyer	flˈaɪɜ	0.4
Flyern	flˈaɪɜn	0.33
Flyers	flˈaɪɜs	0.33
Flädlis	flˈɛːtlis	0.29
Flüssigerdgas	flˈʏsɪçˌeːɾtɡaːs	0.31
Flüssigerdgase	flˈʏsɪçˌeːɾtɡaːzə	0.29
Flüssigerdgasen	flˈʏsɪçˌeːɾtɡaːzən	0.27
Flüssigerdgases	flˈʏsɪçˌeːɾtɡaːzəs	0.27
Focacce	fokˈatʃə	0.29
Focaccia	fokˈatʃa	0.29
Focus-Visual	fˈəʊkəs vˌizuɛl	0.33
Focus-Visuals	fˈəʊkəs vˌizuɛls	0.31
Fogoschfilet	fˈɔɡɔʃfilˌeː	0.3
Fogoschfilets	fˈɔɡɔʃfilˌeːs	0.27
Folie	fˈoːliə	0.33
Folien	folˈiːən	0.29
Folio	fˈoːlio	0.33
Folios	fˈoːlios	0.29
Fondant	fɔ̃dˈɑ̃ː	0.43
Fondants	fɔ̃dˈɑ̃ːs	0.38
Fondsgesellschaft	fˈɔ̃ːɡəzˌɛlʃaft	0.29
Fondues	fɔ̃dˈyːs	0.43
Fontainebleau	fɔ̃tɛnblˈo	0.36
Fontainebleaus	fɔ̃tɛnblˈos	0.5
Food	fuːt	0.33
Food Court	fˈuːtkɔːɾt	0.29
Foodsharer	fˈuːtʃˌɛːrɜ	0.5
Foodsharerin	fˈuːtʃˌɛːrərɪn	0.4
Foodsharerinnen	fˈuːtʃˌɛːrərɪnən	0.38
Foodsharern	fˈuːtʃˌɛːrɜn	0.44
Foodsharers	fˈuːtʃˌɛːrɜs	0.44
Foodsharing	fˈuːtʃˌɛːrɪŋ	0.44
Foodsharings	fˈuːtʃˌɛːrɪŋs	0.4
Foodtruck	fˈuːttrˌak	0.43
Foodtrucks	fˈuːttrˌaks	0.38
Football	fˈʊtbˌoːl	0.33
Football-Fan	fˈʊtbɔːlfˌɛːn	0.33
Football-Fans	fˈʊtbɔːlfˌɛːns	0.3
Footballs	fˈʊtbˌoːls	0.29
Footballteam	fˈʊtbɔːltˌiːm	0.4
Footballteams	fˈʊtbɔːltˌiːms	0.36
Foreigner Talk	fˈɔrɪnɜ tˈɔːk	0.27
Forellenfilets	forˈɛlənfilˌeːs	0.31
Forschungsbudget	fˈɔɾʃʊŋsbydʒˌeː	0.31
Forschungsbudgets	fˈɔɾʃʊŋsbydʒˌeːs	0.29
Fort Lauderdale	fˌɔɹt lˈɔːdəɹdeɪl	0.62
Fort Lauderdales	fˌɔɹt lˈɔːdəɹdeɪls	0.57
Forth	fˈɔːθ	0.5
Forths	fɔːðz	0.6
Forts	foːɾs	0.4
Fortune	fɔɾtˈyːn	0.29
Foshan	fuɔʃan	0.5
Foshans	fˈuɔʃans	0.43
Fotoshooting	fˈotoʃˌuːtɪŋ	0.3
Fotoshootings	fˈotoʃˌuːtɪŋs	0.27
Foulelfmeter	fˈaʊlɛlfmˌeːtɜ	0.27
Foules	faʊləs	0.33
Foundation	faʊndˈɛɪʃən	0.7
Foundations	faʊndˈɛɪʃəns	0.64
Fourgon	fʊɾɡˈɔ̃ː	0.5
Fourgons	fʊɾɡˈɔ̃ːs	0.43
Foyer	foajˈeː	0.4
Foyers	foajˈeːs	0.33
Frachtluftverkehre	frˈaxtfluːkfɛɾkˌeːrə	0.31
Frachtluftverkehren	frˈaxtfluːkfɛɾkˌeːrən	0.29
Frachtluftverkehres	frˈaxtfluːkfɛɾkˌeːrəs	0.29
Frachtluftverkehrs	frˈaxtfluːkfɛɾkˌeːɾs	0.31
Frames	frɛɪms	0.5
Framing	frˈɛɪmɪŋ	0.29
Franc	frɑ̃ː	0.4
Franche-Comté	frɑ̃ʃkõtˈe	0.5
Franchisen	frɑ̃ʃˈiːzən	0.5
Franchises	frˈɛnʃaɪsəs	0.3
Franciumisotop	frˈantsiʊmizotˌoːp	0.27
Francs	frɑ̃ːs	0.33
Frankfurt a. M.	frˈaŋkfʊɾt am mˈaɪn	0.27
Frankfurt/M.	frˈaŋkfʊɾtmˈaɪn	0.31
Freakshow	frˈiːkʃˌɔʊ	0.67
Freakshows	frˈiːkʃˌɔʊs	0.6
Free Rider	frˈiːrˌaɪdɜ	0.38
Free Ridern	frˈiːrˌaɪdɜn	0.33
Free Riders	frˈiːrˌaɪdɜs	0.33
Free TV	frˈiːtiːvˌiː	0.62
Free TVs	frˈiːtiːvˌiːs	0.6
Free-TV	frˈiːtivˌiː	0.62
Free-TV-Premiere	frˈiːtiviːprəmˌieːrə	0.47
Free-TV-Premieren	frˈiːtiviːprəmˌieːrən	0.44
Free-TVs	friːtivˌiːs	0.6
Freerider	frˈiːrˌaɪdɜ	0.44
Freeriderin	frˈiːrˌaɪdərɪn	0.45
Freeriderinnen	frˈiːrˌaɪdərɪnən	0.38
Freeridern	frˈiːrˌaɪdɜn	0.44
Freeriders	frˈiːrˌaɪdɜs	0.5
Freeways	fɹˈiːwˌɛɪs	0.29
Freicorps	frˈaɪkˌoːɾ	0.33
Freikorps	frˈaɪkˌoːɾ	0.33
Freikorpsleute	frˈaɪkoːɾlˌɔɪtə	0.29
Freikorpsleuten	frˈaɪkoːɾlˌɔɪtən	0.27
Freiluftsaison	frˈaɪlʊftzɛzˌɔ̃ː	0.29
Freiluftsaisons	frˈaɪlʊftzɛzˌɔ̃ːs	0.27
Fremdbesitz	frˈɛmtbəzˌits	0.27
Fresnellinse	frɛnˈɛllˌɪnzə	0.27
Friandise	friɑ̃dˈiːzə	0.33
Friandisen	friɑ̃dˈiːzən	0.3
Friandises	friɑ̃dˈiːzəs	0.3
Fridges	fɹˈɪdʒɪz	0.57
Fridman	frˈiːtmˌan	0.29
Friedensangebot	frˈiːdənsˌanɡəboːt	0.29
Friedensangebote	frˈiːdənsˌanɡəboːtə	0.27
Friedensangebots	frˈiːdənsˌanɡəboːts	0.27
Friedensware	frˈiːdənsvˌaːrə	0.36
Friendly Fire	frˈɛndli fˈaɪɜ	0.38
Friendly Fires	frˈɛndlɪ fˈaɪəs	0.36
Friesennerz	frˈiːzənnˌɛɾts	0.27
Frikandeaus	frikandˈoː	0.36
Frischware	frˈɪʃvˌaːrə	0.5
Frisörsalon	frizˈøːɾzalˌɔŋ	0.27
Frodl	frˈoːdəl	0.33
Frodls	frˈoːdəls	0.29
Fromage de Brie	frɔmˈaːʒ də brˈiː	0.33
Fromages de Brie	frɔmˈaːʒ də brˈiː	0.38
Frontspoiler	frˈɔntʃpˌɔɪlɜ	0.27
Fröbelstern	frˈøːbəlʃtˌɛɾn	0.27
Frühherbste	frˈyːhˌɛɾpstə	0.3
Frühherbsten	frˈyːhˌɛɾpstən	0.27
Frühherbstes	frˈyːhˌɛɾpstəs	0.27
Frühpension	frˈyːpɑ̃zˌioːn	0.3
Frühstadien	frˈyːʃtˌaːdiən	0.27
Frühstückssandwich	frˈyːʃtʏkssˌɛntvɪtʃ	0.31
Frühstückssandwiche	frˈyːʃtʏkssˌɛntvɪtʃə	0.29
Frühstückssandwichen	frˈyːʃtʏkssˌɛntvɪtʃən	0.28
Frühstückssandwiches	frˈyːʃtʏkssˌɛntvɪtʃəs	0.28
Frühstückssandwichs	frˈyːʃtʏkssˌɛntvɪtʃs	0.29
Fuchsie	fˈʊksiə	0.33
Fudschaira	fudʒˈaɪra	0.38
Fudschairas	fudʒˈaɪras	0.33
Fudschijama	fˌudʒijˈaːma	0.33
Fudschijamas	fˌudʒijˈaːmas	0.3
Fuji	fˈudʒi	0.4
Fujis	fˈudʒis	0.5
Full Houses	fʊl hˈaʊzɪs	0.33
Fulltime-Job	fˈʊltaɪmdʒˌɔp	0.36
Fulltime-Jobs	fˈʊltaɪmdʒˌɔps	0.42
Fulltimejob	fˈʊltaɪmdʒˌɔp	0.45
Fulltimejobs	fˈʊltaɪmdʒˌɔps	0.42
Fundraising	fˈantrˌeːzɪŋ	0.4
Fundraisings	fˈantrˌeːzɪŋs	0.36
Funeralien	funərˈaːliən	0.27
Funfact	fˈanfˌɛkt	0.29
Furie	fˈuːriə	0.33
Furry	fˈɜɹi	0.5
Furrys	fˈɜɹis	0.6
Furzgeräuschen	fˈʊɾtsɡərˌɔɪʃən	0.33
Fusenichs	fˈuːzənɪçs	0.33
Fushun	fuʃuən	0.67
Fushuns	fˈuʃuəns	0.57
Futhark	fˈuːθaɾk	0.33
Futharke	fˈuːθaɾkə	0.29
Futharks	fˈuːθaɾks	0.29
Futur I	futuːɾ ˈaɪns	0.44
Futur II	futuːɾ tsvˈaɪ	0.33
Futures	fjˈuːtʃɜs	0.43
Futurs I	futˈuːɾs aɪns	0.4
Futurs II	futˈuːɾs tsvaɪ	0.31
Fuzhou	fudʒou	0.67
Fuzhous	fˈudʒous	0.57
Fuzzylogik	fˈazilˌoːɡɪk	0.4
Fußballergebnis	fˈuːsbalɛɾɡˌeːpnɪs	0.29
Fußballergebnisse	fˈuːsbalɛɾɡˌeːpnɪsə	0.27
Fußballjargon	fˈuːsbalʒaɾɡˌɔŋ	0.33
Fußballjargons	fˈuːsbalʒaɾɡˌɔŋs	0.31
Fußballliga	fˈuːsballˌiːɡa	0.3
Fußballligen	fˈuːsballˌiːɡən	0.27
Fußballstadien	fˈuːsbalʃtˌaːdiən	0.29
Fußballstadion	fˈuːsbalʃtˌaːdiɔn	0.31
Fußballstadions	fˈuːsbalʃtˌaːdiɔns	0.29
Fußballteam	fˈuːsbaltˌiːm	0.3
Fußballteams	fˈuːsbaltˌiːms	0.27
Fußpils	fˈuːspˌɪls	0.29
Fußspur	fˈuːsʃpˌuːɾ	0.29
Fußsteg	fˈuːsʃtˌeːk	0.29
Fynbos	fˈɛɪnbɔs	0.43
Fäkaliengestank	fɛkˈaːliənɡəʃtˌaŋk	0.33
Fäkaliengestanks	fɛkˈaːliənɡəʃtˌaŋks	0.31
Fördestadt	fˈøːɾdəʃtˌat	0.33
Fördeufer	fˈøːɾdəˌuːfɜ	0.38
Fördeufern	fˈøːɾdəˌuːfɜn	0.33
Fördeufers	fˈøːɾdəˌuːfɜs	0.33
Fülldosage	fˈʏldozˌaːʒə	0.27
Fünfsternehotel	fʏnfʃtˈɛɾnəhotˌɛl	0.33
Fünfsternehotels	fʏnfʃtˈɛɾnəhotˌɛls	0.31
G-String	dʒˈiːstrɪŋ	0.5
G-Strings	dʒiːstrɪŋs	0.44
GEGs	ɡeːeːɡˈeːs	0.5
GPS-Gerät	dʒiːpiːˈɛsɡərˌɛːt	0.36
GPS-Geräte	dʒiːpiːˈɛsɡərˌɛːtə	0.33
GPS-Geräten	dʒiːpiːˈɛsɡərˌɛːtən	0.31
GPS-Gerätes	dʒiːpiːˈɛsɡərˌɛːtəs	0.31
GPS-Geräts	dʒiːpiːˈɛsɡərˌɛːts	0.33
GPS-Koordinate	dʒiːpiːˈɛskoɔɾdinˌaːtə	0.29
GPS-Koordinaten	dʒiːpiːˈɛskoɔɾdinˌaːtən	0.28
GPS-Signal	dʒiːpiːˈɛszɪɡnˌaːl	0.31
GPS-Signale	dʒiːpiːˈɛszɪɡnˌaːlə	0.29
GPS-Signalen	dʒiːpiːˈɛszɪɡnˌaːlən	0.27
GPS-Signals	dʒiːpiːˈɛszɪɡnˌaːls	0.29
GPUs	ɡeːpeːˈuːs	0.33
Gadget	ɡˈɛdʒət	0.33
Gadgets	ɡˈɛdʒəts	0.29
Gagausiens	ɡaɡaˈuːziəns	0.27
Galenit	ɡalənˈiːt	0.29
Galicien	ɡalˈiːtsiən	0.33
Galiciens	ɡalˈiːtsiəns	0.3
Galilei	ɡalilˈeːi	0.29
Galley	ɡˈɛlɪ	0.4
Galleys	ɡˈɛlɪs	0.33
Gallien	ɡˈaliən	0.29
Galway	ɡˈɔlweɪ	0.5
Galways	ɡˈɔlweɪs	0.43
Gamaret	ɡˌamarˈeː	0.29
Gamarets	ɡˌamarˈeː	0.38
Gamays	ɡamˈɛ	0.5
Gameboy	ɡˈeːmbɔɪ	0.43
Gameboys	ɡˈeːmbɔɪs	0.38
Gamedrive	ɡˈɛɪmdrˌaɪf	0.33
Gamedrives	ɡˈɛɪmdrˌaɪfs	0.4
Gamepad	ɡˈɛɪmpˌɛt	0.57
Gamepads	ɡˈɛɪmpˌɛts	0.5
Gameplay	ɡˈɛɪmplɛɪ	0.38
Gameplays	ɡˈɛɪmplɛɪs	0.44
Gamer	ɡˈɛɪmɜ	0.4
Gamergate	ɡˈɛɪmɜɡˌɛɪt	0.56
Gamergates	ɡˈɛɪmɜɡˌɛɪts	0.5
Gamerin	ɡˈɛɪmərɪn	0.29
Gamerinnen	ɡˈɛɪmərɪnən	0.33
Gamern	ɡˈɛɪmɜn	0.33
Gamers	ɡˈɛɪmɜs	0.33
Gamification	ɡɛɪmifikˈɛɪʃən	0.54
Gamifications	ɡɛɪmifikˈɛɪʃəns	0.5
Gaming	ɡˈɛɪmɪŋ	0.33
Gamings	ɡˈɛɪmɪŋs	0.29
Ganache	ɡanˈaʃ	0.33
Gandhi	ɡˈandi	0.33
Gandhis	ɡˈandis	0.43
Ganesha	ɡanˈeʃa	0.43
Ganeshas	ɡanˈeʃas	0.38
Ganglion	ɡˈaŋliɔn	0.29
Gangtattoo	ɡˈɛŋtɛtˌuː	0.29
Gangtattoos	ɡˈɛŋtɛtˌuːs	0.38
Gangway	ɡˈɛŋwɛɪ	0.33
Gangways	ɡˈɛŋwɛɪz	0.57
Ganja	ɡˈandʒa	0.33
Ganjas	ɡˈandʒa	0.5
Garagendächer	ɡarˈaʒəndˌaxɜ	0.42
Garagendächern	ɡarˈaʒəndˌaxɜn	0.38
Garagenverkäufe	ɡarˈaːʒənfɛɾkˌɔɪfə	0.27
Gardekorps	ɡˈaɾdəkˌoːɾ	0.4
Gardemanger	ɡaɾdəmɑ̃ʒˈeː	0.4
Gardemangers	ɡaɾdəmɑ̃ʒˈeːs	0.36
Garden Grove	ɡˈaːdən ɡrˌɔʊv	0.36
Garden Groves	ɡˈaːdən ɡrˌɔʊvs	0.33
Garnelencurrys	ɡaɾnˈeːlənkˌœris	0.31
Garçon	ɡaɾsˈɔ̃ː	0.33
Garçons	ɡaɾsˈɔ̃ːs	0.29
Gascogne	ɡaskˈɔnj	0.38
Gasdeal	ɡˈaːsdˌiːl	0.29
Gasherbrum I	ɡaʃɜbrum ˈaɪns	0.58
Gasherbrum II	ɡaʃɜbrum tsvˈaɪ	0.42
Gashi	ɡˈaʃi	0.4
Gashis	ɡˈaʃis	0.5
Gaspipeline	ɡˈaːspˌaɪplaɪn	0.55
Gaspipelines	ɡˈaːspˌaɪplaɪns	0.5
Gasschläuche	ɡˈaːsʃlˌɔɪçə	0.27
Gastroschisen	ɡastrosçˈiːzən	0.46
Gastroschisis	ɡastrosçˈiːzɪs	0.31
Gated Community	ɡˌɛɪtət kəmjˈuːnəti	0.27
Gated Communitys	ɡˌɛɪtət kəmjˈuːnətis	0.44
Gatekeeper	ɡˈɛɪtkˌiːpɜ	0.5
Gatekeepern	ɡˈɛɪtkˌiːpɜn	0.44
Gatekeepers	ɡˈɛɪtkˌiːpɜs	0.44
Gates	ɡɛɪts	0.6
Gatterichs	ɡˈatərɪçs	0.38
Gaucho	ɡˈaʊtʃo	0.33
Gauchos	ɡˈaʊtʃos	0.29
Gauguin	ɡoɡˈɛ̃	0.71
Gauguins	ɡoɡˈɛ̃s	0.62
Gaullist	ɡolˈɪst	0.29
Gaza	ɡˈaːza	0.4
Gazas	ɡˈaːzas	0.33
Gaze	ɡˈaːzə	0.4
Gazen	ɡˈaːzən	0.33
Gazpacho	ɡaspˈatʃo	0.38
Gazpachos	ɡaspˈatʃos	0.33
Geberstaat	ɡˈeːbɜʃtˌaːt	0.33
Geberstaate	ɡˈeːbɜʃtˌaːtə	0.3
Geberstaaten	ɡˈeːbɜʃtˌaːtən	0.27
Geberstaates	ɡˈeːbɜʃtˌaːtəs	0.27
Geberstaats	ɡˈeːbɜʃtˌaːts	0.3
Gebrauchtware	ɡəbrˈaʊxtvˌaːrə	0.83
Geburi	ɡebˈʊrɪ	0.5
Geburis	ɡebˈʊrɪs	0.29
Geburtstagsparty	ɡəbˈuːɾtstaːkspˌaːɾti	0.44
Gebäudebestand	ɡəbˈɔɪdəbəʃtˌant	0.29
Gebäudebestande	ɡəbˈɔɪdəbəʃtˌandə	0.27
Gebäudebestands	ɡəbˈɔɪdəbəʃtˌants	0.27
Geek	ɡiːk	0.5
Geeks	ɡiːks	0.4
Geelong	dʒiːlˈɔŋ	0.5
Geelongs	dʒiːlˈɔŋs	0.43
Geersens	ɡˈeːɾzəns	0.38
Geest	ɡeːst	0.4
Geesten	ɡˈeːstən	0.29
Geesthacht	ɡeːsthˈaxt	0.38
Geesthachts	ɡeːsthˈaxts	0.33
Geestkern	ɡˈeːstkˌɛɾn	0.38
Geestkerne	ɡˈeːstkˌɛɾnə	0.33
Geestkernen	ɡˈeːstkˌɛɾnən	0.3
Geestkernes	ɡˈeːstkˌɛɾnəs	0.3
Geestkerns	ɡˈeːstkˌɛɾns	0.33
Gefrees	ɡəfrˈeːs	0.86
Gefrees’	ɡəfrˈeːs	0.86
Gefängnisoverall	ɡəfˈɛŋnɪsˌoːvərɔːl	0.29
Gefängnisoveralls	ɡəfˈɛŋnɪsˌoːvərɔːls	0.27
Gege	ɡˈeːɡə	0.5
Gegenwartsproblem	ɡˈeːɡŋ̩vaɾtsproblˌeːm	0.29
Gehabstand	ɡˈeːˌapʃtant	0.3
Gehabstands	ɡˈeːˌapʃtants	0.27
Gehbehinderte	ɡˈeːbəhˌɪndɜtə	0.36
Gehbehindertem	ɡˈeːbəhˌɪndɜtəm	0.33
Gehbehinderten	ɡˈeːbəhˌɪndɜtən	0.33
Gehbehinderter	ɡˈeːbəhˌɪndɜtɜ	0.36
Gehbehinderung	ɡˈeːbəhˌɪndərʊŋ	0.36
Gehbehinderungen	ɡˈeːbəhˌɪndərʊŋən	0.31
Gehbeschwerde	ɡˈeːbəʃvˌeːɾdə	0.27
Gehbewegung	ɡˈeːbəvˌeːɡʊŋ	0.3
Gehege	ɡəhˈeːɡə	0.33
Gehegen	ɡəhˈeːɡən	0.29
Geheges	ɡəhˈeːɡəs	0.29
Gehenkte	ɡəhˈɛŋktə	0.5
Gehenktem	ɡəhˈɛŋktəm	0.44
Gehenkten	ɡəhˈɛŋktən	0.44
Gehenkter	ɡəhˈɛŋktɜ	0.5
Gehenna	ɡehˈɛna	0.33
Geherin	ɡˈeːərɪn	0.29
Gehfußball	ɡˈeːfuːsbˌal	0.33
Gehfußballe	ɡˈeːfuːsbˌalə	0.3
Gehfußballes	ɡˈeːfuːsbˌaləs	0.27
Gehfußballs	ɡˈeːfuːsbˌals	0.3
Gehrdens	ɡˈeːɾdəns	0.38
Gehricke	ɡˈeːrikə	0.43
Gehrickes	ɡˈeːrikəs	0.38
Gehrock	ɡˈeːrˌɔk	0.33
Gehrocks	ɡˈeːrɔks	0.29
Gehrung	ɡˈeːrʊŋ	0.33
Gehrungsschere	ɡˈeːrʊŋsʃˌeːrə	0.36
Gehrungsscheren	ɡˈeːrʊŋsʃˌeːrən	0.33
Gehrungsschneidelade	ɡˈeːrʊŋsʃnaɪdəlˌaːdə	0.28
Gehrungsschneideladen	ɡˈeːrʊŋsʃnaɪdəlˌaːdən	0.26
Gehrungssäge	ɡˈeːrʊŋszˌɛːɡə	0.3
Gehrungssägen	ɡˈeːrʊŋszˌɛːɡən	0.27
Gehröcke	ɡˈeːrˌœkə	0.29
Gehsteig	ɡˈeːʃtˌaɪk	0.38
Gehsteige	ɡˈeːʃtˌaɪɡə	0.33
Gehsteigen	ɡˈeːʃtˌaɪɡən	0.3
Gehsteiges	ɡˈeːʃtˌaɪɡəs	0.3
Gehsteigs	ɡˈeːʃtˌaɪks	0.33
Gehstock	ɡˈeːʃtˌɔk	0.43
Gehstocke	ɡˈeːʃtˌɔkə	0.38
Gehstockes	ɡˈeːʃtˌɔkəs	0.33
Gehstocks	ɡˈeːʃtˌɔks	0.38
Gehstraßen	ɡˈeːʃtraːsən	0.3
Gehstunde	ɡˈeːʃtˌʊndə	0.33
Gehstunden	ɡˈeːʃtˌʊndən	0.3
Gehweg	ɡˈeːvˌeːk	0.33
Gehwege	ɡˈeːvˌeːɡə	0.29
Gehwegs	ɡˈeːvˌeːks	0.29
Geischa	ɡˈeːʃa	0.4
Geischas	ɡˈeːʃas	0.33
Geiserichs	ɡˈaɪzərɪçs	0.33
Geisha	ɡˈeːʃa	0.67
Geishas	ɡˈeːʃas	0.57
Geistesanstrengung	ɡˈaɪstəsˌanʃtrɛŋʊŋ	0.35
Geistesanstrengungen	ɡˈaɪstəsˌanʃtrɛŋʊŋən	0.32
Gelatinekapsel	ʒelatˈiːnəkˌapsəl	0.29
Gelatinekapseln	ʒelatˈiːnəkˌapsəln	0.27
Geldangelegenheit	ɡˈɛltanɡəlˌeːɡənhaɪt	0.29
Geldangelegenheiten	ɡˈɛltanɡəlˌeːɡənhaɪtən	0.26
Geldbehälter	ɡˈɛltbəhˌɛltɜ	0.27
Geldbestand	ɡˈɛltbəʃtˌant	0.27
Geldbranche	ɡˈɛltbrˌɑ̃ːʃə	0.36
Geldbörsl	ɡˈɛltbˌœɾzəl	0.3
Geldbörsln	ɡˈɛltbˌœɾzəln	0.27
Geldbörsls	ɡˈɛltbˌœɾzəls	0.27
Geldeingang	ɡˈɛltaɪnɡˌaŋ	0.3
Geldeingange	ɡˈɛltaɪnɡˌaŋə	0.27
Geldeingangs	ɡˈɛltaɪnɡˌaŋs	0.27
Geldeingänge	ɡˈɛltaɪnɡˌɛŋə	0.27
Gelderwerb	ɡˈɛltɛɾvˌɛɾp	0.3
Gelderwerbe	ɡˈɛltɛɾvˌɛɾbə	0.27
Gelderwerbs	ɡˈɛltɛɾvˌɛɾps	0.27
Geldmarktfonds	ɡˈɛltmaɾktfˌɔ̃ː	0.29
Geldverdienen	ɡˈɛltfɛɾdˌiːnən	0.29
Geldversteck	ɡˈɛltfɛɾʃtˌɛk	0.27
Geldwäschevorwurf	ɡˈɛltvɛʃəfˌoːɾvʊɾf	0.27
Gele	ɡˈeːlə	0.5
Gelee	ʒelˈeː	0.5
Gelees	ʒelˈeːs	0.4
Gelée royale	ʒelˈeː roajˈal	0.4
Gelübde	ɡəlˈʏptə	0.29
Gemeindediener	ɡəmˈaɪndədˌiːnɜ	0.29
Gemüsecurrys	ɡəmˈyːzəkˌœris	0.27
Gen Z	dʒɛn zˈiː	1.0
Gendarm	ʒɑ̃dˈaɾm	0.43
Gendarmen	ʒɑ̃dˈaɾmən	0.33
Gendarmerie	ʒandaɾmərˈiː	0.3
Gendarmin	ʒɑ̃dˈaɾmɪn	0.44
Gendarminnen	ʒɑ̃dˈaɾmɪnən	0.27
Gender	dʒˈɛndɜ	0.33
Gender-Gap	dʒˈɛndɜɡˌɛp	0.33
Gender-Gaps	dʒˈɛndɜɡˌɛps	0.3
Gender-Mainstreaming	dʒˈɛndɜmˌɛɪnstɹiːmɪŋ	0.35
Gender-Mainstreamings	dʒˈɛndɜmˌɛɪnstɹiːmɪŋs	0.33
Gendergap	dʒˈɛndɜɡˌɛp	0.33
Gendergaps	dʒˈɛndɜɡˌɛps	0.3
Gendering	dʒˈɛndərɪŋ	0.38
Genderings	dʒˈɛndərɪŋs	0.33
Genderismen	dʒɛndərˈɪsmən	0.27
Genderismus	dʒɛndərˈɪsmʊs	0.27
Gendermainstreaming	dʒˈɛndɜmˌɛɪnstɹiːmɪŋ	0.35
Gendermainstreamings	dʒˈɛndɜmˌɛɪnstɹiːmɪŋs	0.33
Gendern	dʒˈɛndɜn	0.29
Genders	dʒˈɛndɜs	0.29
Gendersprechs	dʒˈɛndɜʃprˌɛçs	0.31
Genderstern	dʒˈɛndɜʃtˌɛɾn	0.36
Gendersternchen	dʒˈɛndɜʃtˌɛɾnçən	0.27
Gendersterne	dʒˈɛndɜʃtˌɛɾnə	0.33
Gendersternen	dʒˈɛndɜʃtˌɛɾnən	0.31
Gendersternes	dʒˈɛndɜʃtˌɛɾnəs	0.31
Gendersterns	dʒˈɛndɜʃtˌɛɾns	0.33
Generalgouvernement	ɡenərˈaːlɡuvɛɾnəmˌɑ̃ː	0.31
Generalgouvernements	ɡenərˈaːlɡuvɛɾnəmˌɑ̃ːs	0.29
Generalstabsausschuss	ɡenərˈaːlʃtaːpsˌaʊsʃʊs	0.28
Generat	ɡenərˈaːt	0.29
Generation	ɡenəratsˈioːn	0.27
Generatorbetrieb	ɡenərˈaːtoːɾbətrˌiːp	0.27
Generatorraum	ɡenərˈaːtoːɾrˌaʊm	0.33
Generatorraumes	ɡenərˈaːtoːɾrˌaʊməs	0.29
Generatorraums	ɡenərˈaːtoːɾrˌaʊms	0.31
Generatorräume	ɡenərˈaːtoːɾrˌɔɪmə	0.38
Generatorräumen	ɡenərˈaːtoːɾrˌɔɪmən	0.36
Generälin	ɡenərˈɛːlɪn	0.33
Genetik	ɡenˈeːtɪk	0.29
Genevienne	ʒənɛvjˈɛn	0.62
Geneviennes	ʒənɛvjˈɛns	0.56
Genie	ʒenˈiː	0.5
Genien	ɡˈeːniən	0.33
Genierer	ʒenˈiːrɜ	0.33
Genierern	ʒenˈiːrɜn	0.29
Genierers	ʒenˈiːrɜs	0.29
Genies	ʒenˈiːs	0.4
Geniestreich	ʒenˈiːʃtrˌaɪç	0.27
Genitalien	ɡenitˈaːliən	0.36
Genitivform	ɡˈeːnitiːffˌɔɾm	0.27
Genitivi obiectivi	ɡenitˌiːvi ɔpjɛktˈiːvi	0.29
Genitivi subiectivi	ɡenitˌiːvi zʊpjɛktˈiːvi	0.28
Genitivus obiectivus	ɡenitˌiːvʊs ɔpjɛktˈiːvʊs	0.26
Genius Loci	ɡˈeːniʊs lˈoːtsi	0.27
Gennesaret	ɡɛnˈeːtsarɛt	0.3
Gennesarets	ɡɛnˈeːtsarɛts	0.27
Genpool	ɡˈeːnpˌuːl	0.43
Genpoole	ɡˈeːnpˌuːlə	0.57
Genpoolen	ɡˈeːnpˌuːlən	0.33
Genpools	ɡˈeːnpˌuːls	0.5
Genre	ʒˈɑ̃ːrə	0.6
Genrebild	ʒˈɑ̃ːrəbˌɪlt	0.44
Genrebilde	ʒˈɑ̃ːrəbˌɪldə	0.4
Genrebilder	ʒˈɑ̃ːrəbˌɪldɜ	0.4
Genrebildern	ʒˈɑ̃ːrəbˌɪldɜn	0.36
Genrebildes	ʒˈɑ̃ːrəbˌɪldəs	0.36
Genrebilds	ʒˈɑ̃ːrəbˌɪlts	0.4
Genrefilm	ʒˈɑ̃ːrəfˌɪlm	0.44
Genrefilme	ʒˈɑ̃ːrəfˌɪlmə	0.4
Genrefilmen	ʒˈɑ̃ːrəfˌɪlmən	0.36
Genrefilmes	ʒˈɑ̃ːrəfˌɪlməs	0.36
Genrefilms	ʒˈɑ̃ːrəfˌɪlms	0.4
Genregemälde	ʒˈɑ̃ːrəɡəmˌɛːldə	0.42
Genregemälden	ʒˈɑ̃ːrəɡəmˌɛːldən	0.38
Genregemäldes	ʒˈɑ̃ːrəɡəmˌɛːldəs	0.38
Genremalerei	ʒˈɑ̃ːrəmˌaːlərˌaɪ	0.42
Genremalereien	ʒˈɑ̃ːrəmˌaːlərˌaɪən	0.36
Genres	ʒˈɑ̃ːrəs	0.5
Genschere	ɡˈeːnʃˌeːrə	0.29
Genstudie	ɡˈeːnʃtˌuːdiə	0.4
Genstudien	ɡˈeːnʃtˌuːdiən	0.36
Gentest	ɡˈeːntˌɛst	0.29
Gentleman	dʒˈɛntəlmɛn	0.5
Gentlemans	dʒˈɛntəlmɛns	0.45
Gentlemen	dʒɛntəlmɛn	0.5
Genuese	ɡenuˈeːzə	0.43
Genueser	ɡenuˈeːzɜ	0.43
Geocacher	ɡˈeːokˌɛʃɜ	0.29
Geochemikern	ɡˈeːoçˌeːmɪkɜn	0.27
Geochemikers	ɡˈeːoçˌeːmɪkɜs	0.27
Geoffrey	dʒˈɛfrɪ	0.57
Georges	dʒˈɔɾtʃs	0.57
Georgetown	dʒˈɔːdʒtaʊn	0.7
Georgetowns	dʒˈɔːdʒtaʊns	0.64
Georgette	ʒɔɾʒˈɛt	0.5
Georgettes	ʒɔɾʒˈɛts	0.44
Georgia	dʒˈɔɾdʒə	0.71
Georgias	dʒˈɔɾdʒəs	0.62
Geppert	ɡˈɛpɜt	0.33
Gepperth	ɡˈɛpɜt	0.33
Gepperths	ɡˈɛpɜts	0.29
Gepperts	ɡˈɛpɜts	0.29
Geraer	ɡˈeːraɜ	0.4
Geraerin	ɡˈeːraərɪn	0.29
Geraern	ɡˈeːraɜn	0.33
Geraers	ɡˈeːraɜs	0.33
Geranien	ɡerˈaːniən	0.38
Geraniol	ɡeranˈioːl	0.38
Geraniols	ɡeranˈioːls	0.33
Gerant	ʒerˈant	0.33
Gere	ɡˈeːrə	0.5
Gerfalken	ɡˈeːɾfˌalkŋ̩	0.33
Gerichtsshow	ɡˈərˈɪçtsʃˌɔʊ	0.3
Gerichtsshows	ɡˈərˈɪçtsʃˌɔʊs	0.27
Gericke	ɡˈeːrikə	0.33
Gerickes	ɡˈeːrikəs	0.29
Gericlown	ɡˈeriklaʊn	0.44
Gericlowns	ɡˈeriklaʊns	0.4
Gerlichs	ɡˈeːɾlɪçs	0.38
German	ɡɛɾmˈaːn	0.5
Germans	ɡɛɾmˈaːns	0.57
Geruchsergebnis	ɡərˈʊxsɛɾɡˌeːpnɪs	0.31
Geruchsergebnisse	ɡərˈʊxsɛɾɡˌeːpnɪsə	0.29
Geruchsergebnissen	ɡərˈʊxsɛɾɡˌeːpnɪsən	0.27
Geruchsergebnisses	ɡərˈʊxsɛɾɡˌeːpnɪsəs	0.27
Geruchserlebnis	ɡərˈʊxsɛɾlˌeːpnɪs	0.31
Geruchserlebnisse	ɡərˈʊxsɛɾlˌeːpnɪsə	0.29
Geruchserlebnissen	ɡərˈʊxsɛɾlˌeːpnɪsən	0.27
Geruchserlebnisses	ɡərˈʊxsɛɾlˌeːpnɪsəs	0.27
Gerundien	ɡerˈʊndiən	0.33
Geräuschen	ɡərˈɔɪʃən	0.44
Gesche	ɡˈeːʃə	0.5
Geschers	ɡˈɛʃɜs	0.33
Geseke	ɡˈeːzəkə	0.33
Gesekes	ɡˈeːzəkəs	0.29
Gesichtserkennungssoftware	ɡəzˈɪçtsɛɾkɛnʊŋssˌɔftvɛːɾ	0.57
Gesslers	ɡˈɛslɜs	0.29
Gessners	ɡˈɛsnɜs	0.29
Gessopainting	dʒˈɛsopˌɛɪntɪŋ	0.33
Gessopaintings	dʒˈɛsopˌɛɪntɪŋs	0.31
Gestagen	ɡɛstaɡˈeːn	0.38
Gestagene	ɡɛstaɡˈeːnə	0.33
Gestagenen	ɡɛstaɡˈeːnən	0.3
Gestagens	ɡɛstaɡˈeːns	0.33
Gestapo	ɡestˈaːpo	0.29
Gestation	ɡɛstatsˈioːn	0.3
Gestik	ɡˈeːstɪk	0.33
Gestikulation	ɡɛstɪkulatsˈioːn	0.29
Gestus	ɡˈɛstʊs	0.33
Get-together	ɡˈɛttuɡˈɛðɜ	0.44
Get-togethers	ɡˈɛttuɡˈɛðɜs	0.4
Getsemanis	ɡetsˈeːmanis	0.3
Geuse	ɡˈɔɪzə	0.6
Geusen	ɡˈɔɪzən	0.5
Geusin	ɡˈɔɪzɪn	0.5
Gewebsentnahme	ɡəvˈeːpsɛntnˌaːmə	0.31
Gewebsentnahmen	ɡəvˈeːpsɛntnˌaːmən	0.29
Geyer	ɡˈaɪɜ	0.6
Geyers	ɡˈaɪɜs	0.5
Geyger	ɡˈaɪɡɜ	0.4
Geygers	ɡˈaɪɡɜs	0.33
Geyling	ɡˈaɪlɪŋ	0.33
Geylings	ɡˈaɪlɪŋs	0.29
Geyser	ɡˈaɪzɜ	0.4
Geysern	ɡˈaɪzɜn	0.33
Geysers	ɡˈaɪzɜs	0.33
Geysir	ɡˈaɪziːɾ	0.33
Geysire	ɡˈaɪziːrə	0.29
Geysirs	ɡˈaɪziːɾs	0.29
Geßlers	ɡˈɛslɜs	0.29
Gfrast	kfrast	0.29
Gföhl	kføːl	0.4
Gföhls	kføːls	0.33
Ghanese	ɡanˈeːzə	0.33
Ghazni	ɡˈazni	0.33
Ghaznis	ɡˈaznis	0.43
Ghee	ɡiː	0.5
Ghostwriter	ɡˈoʊstrˌaɪtɜ	0.5
Ghostwriterin	ɡˈoʊstrˌaɪtərɪn	0.42
Ghostwriterinnen	ɡˈoʊstrˌaɪtərɪnən	0.43
Ghostwritern	ɡˈoʊstrˌaɪtɜn	0.45
Ghostwriters	ɡˈoʊstrˌaɪtɜs	0.45
Gibibyte	ɡˈiːbibˌaɪt	0.38
Gibibytes	ɡˈiːbibˌaɪts	0.33
Gibsonwüste	ɡˈibsənvˌyːstə	0.27
Gifthäubling	ɡˈɪfthˌɔɪplɪŋ	0.27
Gigabyte	ɡˈiːɡabˌaɪt	0.38
Gigabytes	ɡˈiːɡabˌaɪts	0.33
Gigue	ʒˈiːk	0.33
Giguen	ʒˈiːɡən	0.33
Gildehäuser	ɡˈɪldəhˌɔɪzɜ	0.3
Gildehäusern	ɡˈɪldəhˌɔɪzɜn	0.27
Gilet	ʒilˈeː	0.6
Gilets	ʒilˈeːs	0.5
Ginger	dʒˈɪndʒɜ	0.71
Ginger Ale	dʒˈɪndʒɜˌɛɪl	0.8
Ginger Ales	dʒˈɪndʒɜˌɛɪls	0.73
Ginger Beer	dʒˈɪndʒɜbˌiːɾ	0.6
Ginger Beers	dʒˈɪndʒɜbˌiːɾs	0.64
Gingern	dʒˈɪndʒɜn	0.62
Gingers	dʒˈɪndʒɜs	0.62
Ginkgoaceae	ɡɪŋkoˈaːtseɛ	0.3
Giphart	ɡˈɪphˌaɾt	0.43
Gipharts	ɡˈɪphˌaɾts	0.38
Gipsengel	ɡˈɪpsˌɛŋəl	0.33
Gipsengeln	ɡˈɪpsˌɛŋəln	0.3
Gipsengels	ɡˈɪpsˌɛŋəls	0.3
Gizeh	ɡˈiːze	0.4
Gizehs	ɡˈiːzes	0.33
Glacis	ɡlasˈiː	0.5
Glamour	ɡlˈɛmɜ	0.33
Glamours	ɡlˈɛmɜs	0.29
Glasgow	ɡlˈɑːsɡɔʊ	0.29
Glasscherbenviertel	ɡlˈaːsʃɛɾbənfˌɪɾtəl	0.31
Glasscherbenvierteln	ɡlˈaːsʃɛɾbənfˌɪɾtəln	0.29
Glasscherbenviertels	ɡlˈaːsʃɛɾbənfˌɪɾtəls	0.29
Glasware	ɡlˈaːsvˌaːrə	0.38
Glaubensschwester	ɡlˈaʊbənsʃvˌɛstɜ	0.27
Glendale	ɡlˈɛndɛɪl	0.38
Glendales	ɡlˈɛndɛɪls	0.33
Gliom	ɡliˈoːm	0.33
Gliome	ɡliˈoːmə	0.29
Glioms	ɡliˈoːms	0.29
Global Player	ɡlˈoːbəl plˈeːɜ	0.27
Global Players	ɡlˈoːbəl plˈeːɜs	0.33
Globalplayer	ɡlˈoːbəl plˈeːɜ	0.27
Globalplayers	ɡlˈoʊbəl plˈeɪəs	0.31
Glorie	ɡlˈoːriə	0.29
Gloucester	ɡlˈɔst	0.5
Gloucesters	ɡlˈɔsts	0.44
Glycerin	ɡlytserˈiːn	0.44
Glycerins	ɡlytserˈiːns	0.4
Glycin	ɡlytsˈiːn	0.43
Glycins	ɡlytsˈiːns	0.38
Glücksräuschen	ɡlˈʏksrˌɔɪʃən	0.31
Gniechs	ɡniːçs	0.5
Gnocchi	njˈɔki	0.62
Gnomon	ɡnˈoːmɔn	0.29
Gnus	ɡnuːs	0.4
Go-live	ɡɔʊlˈaɪf	0.71
Go-lives	ɡɔʊlaɪfs	0.62
Goanese	ɡoanˈeːzə	0.29
Goatman	ɡˈɔʊtmˌɛn	0.43
Gobelin	ɡobəlˈɛ̃ː	0.29
Gochsen	ɡˈɔksən	0.33
Gochsens	ɡˈɔksəns	0.29
Godemiché	ɡoːtmiʃˈeː	0.56
Godl	ɡˈoːdəl	0.4
Godln	ɡˈoːdəln	0.33
Godmiché	ɡoːtmiʃˈeː	0.62
Goethestraßen	ɡˈøːtəʃtrˌaːsən	0.27
Goethit	ɡøtˈiːt	0.4
Goidelisch	ɡɔɪdˈeːlɪʃ	0.38
Goidelische	ɡɔɪdˈeːlɪʃə	0.33
Goidelischen	ɡɔɪdˈeːlɪʃən	0.3
Goidelischs	ɡɔɪdˈeːlɪʃs	0.33
Going-public	ɡɔʊɪŋpˈablɪk	0.36
Going-publics	ɡɔʊɪŋpˈablɪks	0.33
Goiserer	ɡˈɔɪzərɜ	0.33
Goiserern	ɡˈɔɪzərɜn	0.38
Goiserers	ɡˈɔɪzərɜs	0.29
Goldbergbau	ɡˈɔltbɛɾkbˌaʊ	0.27
Goldbestand	ɡˈɔltbəʃtˌant	0.27
Goldblechs	ɡˈɔltblˌɛçs	0.3
Golden Delicious	ɡˈoʊldən dəlˈɪʃəs	0.5
Golden Goals	ɡˈoːldən ɡˈoːlz	0.27
Golden Retrievers	ɡˈɔʊldən ritrˈiːvs	0.29
Goldgehalt	ɡˈɔltɡəhˌalt	0.3
Goldgehalte	ɡˈɔltɡəhˌaltə	0.27
Goldgehalts	ɡˈɔltɡəhˌalts	0.27
Goldmedaille	ɡˈɔltmedˌaljə	0.27
Goldräuschen	ɡˈɔltrˌɔɪʃən	0.42
Goldvreneli	ɡˈɔltːfrˌeːnəlɪ	0.45
Goldware	ɡˈɔltvˌaːrə	0.75
Golfe du Lion	ɡɔlf dy ljɔ̃	0.5
Gonorrhoe	ɡonɔrˈøː	0.38
Goodys	ɡˈʊdis	0.4
Googles	ɡˈuːɡəls	0.5
Googol	ɡˈuːɡɔl	0.4
Googols	ɡˈuːɡɔls	0.33
Gothaer	ɡˈoːtaɜ	0.4
Gothaerin	ɡˈoːtaərɪn	0.29
Gothaern	ɡˈoːtaɜn	0.33
Gothaers	ɡˈoːtaɜs	0.33
Gottesdiener	ɡˈɔtəsdˌiːnɜ	0.36
Gouda	ɡˈaʊda	0.4
Goudas	ɡˈaʊdas	0.33
Gourmand	ɡʊɾmˈɑ̃ː	0.43
Gourmands	ɡʊɾmˈɑ̃ːs	0.38
Gourmet	ɡʊɾmˈeː	0.5
Gourmets	ɡʊɾmˈeːs	0.43
Gout	ɡuː	0.33
Gouvernement	ɡuvɛɾnəmˈɑ̃ː	0.5
Gouvernements	ɡuvɛɾnəmˈɑ̃ːs	0.45
Gozo	ɡˈoːzoː	0.4
Gozos	ɡˈoːzoːs	0.33
Gracche	ɡrˈaxə	0.43
Gracchen	ɡrˈaxən	0.38
Grammys	ɡrˈɛmis	0.33
Grand Canyon	ɡɹˌɛːntkˈɛnjən	0.45
Grand Canyons	ɡɹˌɛːntkˈɛnjəns	0.42
Grand Jury	ɡɹɛntdʒˈʊɹi	0.6
Grand Jurys	ɡɹɛntdʒˈʊɹis	0.64
Grand Prix	ɡrˈɑ̃ː prˈiː	0.5
Grand Trunk Road	ɡɹɛnttɹˈaŋkɹɔʊt	0.5
Grande Dame	ɡrɑ̃ːddˈam	0.3
Grande Nation	ɡrɑ̃dnasjˈɔ̃ː	0.38
Grandes Dames	ɡrɑ̃ːddˈam	0.42
Grandhotel	ɡrˈɑ̃ːhotˌɛl	0.3
Grandhotels	ɡrˈɑ̃ːhotˌɛls	0.27
Grands	ɡrɑ̃ːs	0.33
Grands Prix	ɡrˈɑ̃ː prˈiː	0.55
Grandseigneur	ɡrˌɑ̃sɛnjˈøːɾ	0.58
Grandseigneure	ɡrˌɑ̃sɛnjˈøːrə	0.54
Grandseigneuren	ɡrˌɑ̃sɛnjˈøːrən	0.5
Grandseigneurs	ɡrˌɑ̃sɛnjˈøːɾs	0.54
Granithäuser	ɡranˈiːthˌɔɪzɜ	0.27
Grape Fruit	ɡrˈɛɪpfrˌuːt	0.55
Grape Fruits	ɡrˈɛɪpfrˌuːts	0.5
Grapefruit	ɡrˈɛɪpfrˌuːt	0.4
Grapefruits	ɡrˈɛɪpfrˌuːts	0.36
Grapefruitsaft	ɡrˈɛɪpfrˌuːtzˌaft	0.29
Grapefruitsafte	ɡrˈɛɪpfrˌuːtzˌaftə	0.27
Grapefruitsafts	ɡrˈɛɪpfrˌuːtzˌafts	0.27
Grapefruitsäfte	ɡrˈɛɪpfrˌuːtzˌɛftə	0.27
Graphic Novel	ɡrˈɛfɪk nˈɔvəl	0.27
Grassilage	ɡrˈaːszɪlˌaːʒə	0.3
Grassilagen	ɡrˈaːszɪlˌaːʒən	0.27
Gratin	ɡratˈɛ̃ː	0.33
Gratins	ɡratˈɛ̃ːs	0.29
Gravettiens	ɡravɛtˈiɛ̃ːs	0.36
Green Beret	ɡɹˌiːnbəɹˈɛɪ	0.44
Green Berets	ɡɹˌiːnbəɹˈɛɪz	0.5
Green-Fee	ɡrˈiːnfiː	0.33
Green-Fees	ɡrˈiːnfiːs	0.29
Greenback	ɡrˈiːnbɛk	0.29
Greencard	ɡrˈiːnkaːɾt	0.5
Greencards	ɡrˈiːnkaːɾts	0.56
Greenfees	ɡrˈiːnfiːs	0.29
Greenkeeper	ɡrˈiːnkˌiːpɜ	0.38
Greenkeeperin	ɡrˈiːnkˌiːpərɪn	0.36
Greenkeeperinnen	ɡrˈiːnkˌiːpərɪnən	0.31
Greenkeepern	ɡrˈiːnkˌiːpɜn	0.33
Greenkeepers	ɡrˈiːnkˌiːpɜs	0.44
Greenpeaces	ɡrˈiːnpiːss	0.33
Greens	ɡriːns	0.4
Greenwashings	ɡrˈiːnvˌɔʃɪŋs	0.3
Greenwich	ɡrˈɪnɪdʒ	0.57
Greenwicher Zeit	ɡrˈɪnɪdʒɜ tsaɪt	0.43
Greenwichs	ɡrˈɪnɪdʒs	0.62
Gremialien	ɡrəmˈiaːliən	0.27
Grenache	ɡrənˈaʃ	0.43
Grenaches	ɡrənˈaʃ	0.5
Grenadin	ɡrənadˈɛ̃ː	0.38
Grenadins	ɡrənadˈɛ̃ːs	0.33
Grenoble	ɡrənˈoːbəl	0.5
Grenobles	ɡrənˈoːbəls	0.44
Grenzshop	ɡrˈɛntsʃˌɔp	0.33
Grenzshops	ɡrˈɛntsʃˌɔps	0.3
Grewenichs	ɡrˈeːvənɪçs	0.3
Greyhound	ɡrˈeɪhaʊnd	0.44
Greyhounds	ɡrˈeɪhaʊnds	0.4
Griffon	ɡrɪfˈɔ̃ː	0.33
Griffons	ɡrɪfˈɔ̃ːs	0.29
Grillade	ɡrijˈaːdə	0.29
Grillbuffet	ɡrˈɪlbʏfˌeː	0.33
Grillbuffets	ɡrˈɪlbʏfˌeːs	0.3
Grillrestaurant	ɡrˈɪlrɛstorˌɑ̃ː	0.29
Grillrestaurants	ɡrˈɪlrɛstorˌɑ̃ːs	0.27
Grillsauce	ɡrˈɪlzˌoːsə	0.33
Grillsaucen	ɡrˈɪlzˌoːsən	0.3
Grimshaw	ɡrˈɪmʃɔː	0.5
Grimshaws	ɡrˈɪmʃɔːs	0.44
Griot	ɡriˈoː	0.5
Griots	ɡriˈoːs	0.43
Grippeerreger	ɡrˈɪpəɛɾrˌeːɡɜ	0.27
Grison	ɡrizˈɔ̃ː	0.33
Groat	ɡrəʊt	0.4
Groats	ɡrəʊts	0.33
Grobblechs	ɡrˈoːpblˌɛçs	0.4
Groikerl	ɡrˈɔɪkɜl	0.29
Groitzsch	ɡrɔɪtʃ	0.29
Grooves	ɡruːvs	0.33
Grossesses nerveuses	ɡrɔsˌɛs nɛɾvˈøːs	0.29
Grosz	ɡrɔʃ	0.5
Grosze	ɡrˈɔʃə	0.43
Groszen	ɡrˈɔʃən	0.38
Ground Zero	ɡrˈaʊnd zˈiəroʊ	0.64
Ground Zeros	ɡrˈaʊnd zˈiəroʊs	0.58
Groupware	ɡrˈuːpwɛːɾ	0.43
Groupwares	ɡrˈuːpwɛːɾs	0.33
Growl	ɡraʊl	0.4
Growls	ɡraʊls	0.33
Großräschen	ɡrˌoːsrˈɛʃən	0.27
Grundlinie	ɡrˈʊntlˌiːniə	0.27
Grundschulniveaus	ɡrˈʊntʃuːlnivˌoːs	0.27
Grundthese	ɡrˈʊnttˌeːzə	0.33
Grunewald	ɡrˈuːnəvˌalt	0.67
Grunewaldes	ɡrˈuːnəvˌaldəs	0.55
Grunewalds	ɡrˈuːnəvˌalts	0.7
Grunge	ɡranʃ	0.6
Grungeband	ɡrˈantʃbˌɛnt	0.5
Grungebands	ɡrˈantʃbˌɛnts	0.45
Gruppenchat	ɡrˈʊpəntʃˌɛt	0.3
Gruppenchats	ɡrˈʊpəntʃˌɛts	0.27
Gruse	ɡrˈuːzə	0.4
Grusen	ɡrˈuːzən	0.33
Gruses	ɡrˈuːzəs	0.33
Gruyère	ɡryjˈɛːɾ	0.67
Gruyèrekäse	ɡryjˈɛːɾkˌɛːzə	0.27
Gruyères	ɡryjˈɛːɾs	0.57
Grège	ɡrɛːʃ	0.6
Grünkohlsaison	ɡrˈyːnkoːlzɛzɔ̃ː	0.31
Grünstichs	ɡrˈyːnʃtˌɪçs	0.3
Gschaftl	kʃˈaftəl	0.43
Gschaftlhuber	kʃˈaftəlhˌuːbɜ	0.27
Gschaftlhuberei	kʃˌaftəlhuːbərˈaɪ	0.29
Gschaftln	kʃˈaftəln	0.38
Gschaftls	kʃˈaftəls	0.38
Gschamsterern	kʃˈamstərɜn	0.27
Gschisti-gschasti	kʃˌɪstikʃˈasti	0.29
Gschloder	kʃlˈoːdɜ	0.29
Gschnas	kʃnaːs	0.33
Gschnase	kʃnˈaːzə	0.29
Gschrapp	kʃrap	0.33
Gschwerl	kʃvɛɾl	0.43
Gschwerls	kʃvɛɾls	0.38
Gsiberger	ksˈiːbˌɛɾɡɜ	0.33
Gsibergern	ksˈiːbˌɛɾɡɜn	0.44
Gsibergers	ksˈiːbˌɛɾɡɜs	0.44
Gspurning	kʃpˈuːɾnɪŋ	0.33
Gspurnings	kʃpˈuːɾnɪŋs	0.3
Gspusi	kʃpˈuːzi	0.29
Gspusis	kʃpˈuːzis	0.38
Gstaad	kʃtaːt	0.33
Gstaader	kʃtˈaːdɜ	0.29
Gstaads	kʃtaːts	0.29
Gsturi	kʃtˈuːri	0.29
Gsälz	ksɛlts	0.43
Guadeloupe	ɡwadlˈup	0.33
Guanche	ɡˈuantʃə	0.29
Guangxi	ɡuaŋi	0.29
Guangxis	ɡˈuaŋis	0.38
Guayaquilsittich	ɡuajakˈilsˌɪtɪç	0.27
Guayaquilsittichs	ɡuajakˈilsˌɪtɪçs	0.4
Gucci	ɡˈʊtʃi	0.4
Guccis	ɡˈʊtʃis	0.5
Gudscharatis	ɡˌʊdʒarˈaːtis	0.3
Guerilla	ɡerˈɪlja	0.29
Guerillaarmee	ɡerˈɪljaaɾmˌeː	0.27
Guerillaeinheit	ɡerˈɪljaˌaɪnhaɪt	0.29
Guernsey	ɡˈəːnzɪ	0.5
Guerrero	ɡerˈeːro	0.29
Guerriglieri	ɡuɛrɪljˈeːri	0.4
Guerrigliero	ɡˌuɛrɪljˈeːro	0.4
Guide	ɡiːt	0.75
Guignol	ɡinjˈɔl	0.71
Guignols	ɡinjˈɔls	0.62
Guilbert	ɡilbˈɛːɾ	0.57
Guilberts	ɡilbˈɛːɾs	0.5
Guildhall	ɡˈɪldhɔːl	0.38
Guildhalls	ɡˈɪldhɔːls	0.33
Guillemet	ɡijəmˈeː	0.75
Guillemets	ɡijəmˈeːs	0.67
Guilloche	ɡijˈɔʃ	0.71
Guillochen	ɡijˈɔʃn	0.62
Guillocheur	ɡijɔʃˈøːɾ	0.5
Guillocheure	ɡijɔʃˈøːrə	0.44
Guillocheuren	ɡijɔʃˈøːrən	0.4
Guillocheurin	ɡijɔʃˈøːrɪn	0.45
Guillocheurinnen	ɡijɔʃˈøːrɪnən	0.38
Guillocheurs	ɡijɔʃˈøːɾs	0.44
Guillotine	ɡijotˈiːnə	0.33
Guillotinen	ɡijotˈiːnən	0.3
Guinee	ɡinˈeːə	0.4
Guipurespitze	ɡipˈyːɾʃpˌɪtsə	0.31
Guipurespitzen	ɡipˈyːɾʃpˌɪtsən	0.29
Gujarati	ɡˌʊdʒarˈaːti	0.33
Gujaratis	ɡˌʊdʒarˈaːtis	0.4
Gujjar	ɡˈʊdʒaːɾ	0.33
Gujjars	ɡˈʊdʒaːɾs	0.29
Gulfstream	ɡˈalfstɹiːm	0.4
Gulfstream-Jet	ɡˈalfstɹiːmdʒˌɛt	0.29
Gulfstream-Jets	ɡˈalfstɹiːmdʒˌɛts	0.27
Gulfstreams	ɡˈalfstɹiːms	0.36
Gummigestank	ɡˈʊmiɡəʃtˌaŋk	0.27
Guth	ɡuːt	0.33
Gutscheincode	ɡˈutʃaɪnkˌoːt	0.27
Gutteil	ɡˈuːttˌaɪl	0.29
Guyot	ɡyijˈoː	0.6
Guyots	ɡyijˈoːs	0.5
Gyeongju	kjˈɔŋdʒu	0.71
Gynogenese	ɡynoɡenˈeːzə	0.3
Gänseei	ɡˈɛnzəˌaɪ	0.43
Gänseeier	ɡˈɛnzəˌaɪɜ	0.38
Gänseeiern	ɡˈɛnzəˌaɪɜn	0.33
Gänseeies	ɡˈɛnzəˌaɪəs	0.44
Gänserichs	ɡˈɛnzərɪçs	0.33
Gästehandtuch	ɡˈɛstəhˌanttuːx	0.42
Gästehandtuchs	ɡˈɛstəhˌanttuːxs	0.38
Gästehandtücher	ɡˈɛstəhˌanttyːçɜ	0.29
Gästehandtüchern	ɡˈɛstəhˌanttyːçɜn	0.27
Gästehaus	ɡˈɛstəhˌaʊs	0.33
Gästehause	ɡˈɛstəhˌaʊzə	0.3
Gästehauses	ɡˈɛstəhˌaʊzəs	0.27
Gästehäuser	ɡˈɛstəhˌɔɪzɜ	0.4
Gästehäusern	ɡˈɛstəhˌɔɪzɜn	0.36
Göphardt	ɡˈøːphˌaɾt	0.43
Göphardts	ɡˈøːphˌaɾts	0.38
Göschen	ɡˈœʃən	0.43
Göschenen	ɡˈœʃənən	0.33
Göschenens	ɡˈœʃənəns	0.3
Götzendiener	ɡˈœtsəndˌiːnɜ	0.33
Güllegestank	ɡˈʏləɡəʃtˌaŋk	0.27
Gürtellinie	ɡˈʏɾtəllˌiːniə	0.27
HIV-Test	haːiːfˈaʊtˌɛst	0.3
HIVs	hˌaːiːfˈaʊs	0.43
Haarwuchs	hˈaːɾvˌuːks	0.29
Haarwuchse	hˈaːɾvˌuːksə	0.38
Haarwuchses	hˈaːɾvˌuːksəs	0.33
Habanerfayence	habˈaːnɜfajˌɑ̃ːs	0.38
Habanerfayencen	habˈaːnɜfajˌɑ̃ːsən	0.29
Habsucht	hˈaːpzˌʊxt	0.29
Hacendado	asendˈaːdo	0.33
Hacendados	asendˈaːdos	0.3
Hachse	hˈaksə	0.4
Hachsen	hˈaksən	0.33
Hacienda	asˈiɛnda	0.29
Hackathon	hˈɛkatɔn	0.29
Hackback	hˈɛkbˌɛk	0.33
Hackbacks	hˈɛkbˌɛks	0.29
Hackney	hˈɛkni	0.5
Hackneys	hˈɛknis	0.43
Hadjdj	hatʃ	0.67
Hadschi	hˈaːdʒi	0.4
Hadschis	hˈaːdʒis	0.5
Hagiografien	haɡioɡrafˈiːən	0.29
Haikou	xaikou	0.5
Haikous	xˈaikous	0.43
Hair-Stylist	hˈɛːɾstaɪlˌɪst	0.27
Hairstylist	hˈɛːɾstaɪlˌɪst	0.36
Hairstylisten	hˈɛːɾstaɪlˌɪstən	0.31
Hairstylistin	hˈɛːɾstaɪlˌɪstɪn	0.31
Hairstylistinnen	hˈɛːɾstaɪlˌɪstɪnən	0.27
Hajek	hˈaɪɛk	0.4
Hajeks	hˈaɪɛks	0.33
Hakenstecken	hˈaːkŋ̩ʃtˌɛkŋ̩	0.45
Hakensteckens	hˈaːkŋ̩ʃtˌɛkŋ̩s	0.42
Halbasiate	hˈalpazˌiaːtə	0.27
Halbchaise	hˈalpʃˌɛːzə	0.4
Halbchaisen	hˈalpʃˌɛːzən	0.36
Halbgeviertstrichs	hˈalpɡəfiːɾtʃtrˌɪçs	0.29
Halbidiot	hˈalpidˌioːt	0.3
Halbjahresabonnement	hˈalpjaːrəsabɔnəmˌɑ̃ː	0.39
Halbjahresabonnements	hˈalpjaːrəsabɔnəmˌɑ̃ːs	0.37
Halbmillionenstadt	hˈalpmɪlioːnənʃtˌat	0.29
Halbpension	hˈalppaŋzˌioːn	0.27
Halbrelief	hˈalprelˌiɛf	0.3
Halbreliefe	hˈalprelˌiɛfə	0.27
Halbreliefs	hˈalprelˌiɛfs	0.27
Halbvolley	hˈalpvˌɔlɛɪ	0.33
Halbvolleys	hˈalpvˌɔlɛɪs	0.3
Halbzeitshow	hˈalptsaɪtʃˌɔʊ	0.31
Halbzeitshows	hˈalptsaɪtʃˌɔʊs	0.29
Halfvolley	hˈaːfvˌɔlɛɪ	0.33
Halfvolleys	hˈaːfvˌɔlɛɪs	0.3
Halifax	hˈɛlɪfɛks	0.38
Halifax’	hˈɛlɪfɛks	0.38
Halle (S.)	hˈalə	0.33
Halle/S.	hˈalə	0.33
Hallensaison	hˈalənzɛzˌɔ̃ː	0.36
Hallensaisons	hˈalənzɛzˌɔ̃ːs	0.33
Halloween	hɛlovˈiːn	0.38
Halloweenfest	hɛlovˈiːnfˌɛst	0.27
Halloweenfete	hɛlovˈiːnfˌeːtə	0.27
Halloweenkostüm	hɛlowˈiːnkɔstˌyːm	0.31
Halloweenparty	hɛlovˈiːnpˌaːɾti	0.33
Halloweens	hɛlovˈiːns	0.33
Halsschmerz	hˈalsʃmˌɛɾts	0.3
Hameaus	hamˈoːs	0.43
Hammondorgel	hˈɛməntˌɔɾɡəl	0.27
Hamsterware	hˈamstɜvˌaːrə	0.4
Handelsware	hˈandəlsvˌaːrə	0.36
Handjob	hˈɛntdʒˌɔp	0.5
Handjobs	hˈɛntdʒˌɔps	0.44
Handl	hˈandəl	0.33
Handling	hˈɛndlɪŋ	0.29
Handls	handəls	0.29
Handout	hˈɛntˌaʊt	0.57
Handouts	hˈɛntˌaʊts	0.5
Handygeschäft	hˈɛndiɡəʃˌɛft	0.27
Handykamera	hˈɛndikˌaməra	0.27
Handykameras	hˈɛndikˌaməraːs	0.38
Handyot	hɛndiˈoːt	0.29
Handys	hˈɛndis	0.33
Handytelefonat	hˈɛnditeləfonˌaːt	0.29
Handytelefonate	hˈɛnditeləfonˌaːtə	0.27
Handytelefonats	hˈɛnditeləfonˌaːts	0.27
Handyverbot	hˈɛndifɛɾbˌoːt	0.27
Hangeul	hˈanɡʏl	0.5
Hangeuls	hˈanɡʏls	0.43
Hangul	hˈaŋɡʊl	0.33
Hanguls	hˈaŋɡʊls	0.29
Hanoi	hanˈɔɪ	0.4
Happening	hˈɛpənɪŋ	0.29
Happy Hour	hˈɛpi ˈaʊɜ	0.43
Happy Hours	hˈɛpi ˈaʊɜs	0.38
Happyend	hˈɛpiˈɛnt	0.29
Hardliner	hˈaːɾtlˌaɪnɜ	0.33
Hardlinerin	hˈaːɾtlˌaɪnərɪn	0.27
Hardlinerinnen	hˈaːɾtlˌaɪnərɪnən	0.31
Hardlinern	hˈaːɾtlˌaɪnɜn	0.3
Hardliners	hˈaːɾtlˌaɪnɜs	0.3
Hardware	hˈaːɾtvɛːɾ	0.71
Hardwares	hˈaːɾtvɛːɾs	0.33
Harley	hˈaːli	0.5
Harleys	hˈaːlis	0.43
Harpyie	haɾpˈyːjə	0.29
Hartz IV	haɾts fˈiːɾ	0.38
Hartz-IV-Bezieher	haɾtsfˈiːɾbətsˌiːɜ	0.26
Harvard	hˈɑːvəd	0.57
Harvard-Professor	hˈɑːvədprofˌɛsoːɾ	0.27
Harvard-Student	hˈɑːvədʃtudˌɛnt	0.29
Harvard-Studien	hˈɑːvədʃtˌuːdiən	0.4
Harvard-Studium	hˈɑːvədʃtˌuːdiʊm	0.29
Harvard-Studiums	hˈɑːvədʃtˌuːdiʊms	0.27
Harvards	hˈɑːvəds	0.5
Hashtag	hˈɛʃtɛk	0.33
Hashtags	hˈɛʃtɛɡs	0.43
Hater	hˈɛɪtɜ	0.4
Hatern	hˈɛɪtɜn	0.33
Haters	hˈɛɪtɜs	0.33
Hatice	hatˈidʒe	0.43
Hatices	hatˈidʒes	0.38
Hauptfoyer	hˈaʊptfoajˌeː	0.4
Hauptjob	hˈaʊptdʒˌɔp	0.33
Hauptjobs	hˈaʊptdʒˌɔps	0.3
Hauptreihenstern	hˈaʊptraɪənʃtˌɛɾn	0.27
Hauptterminals	hˈaʊpttˌøːɾminəls	0.5
Hausens	hˈaʊzəns	0.29
Hausers	hˈaʊzɜs	0.29
Haushaltsware	hˈaʊshaltsvˌaːrə	0.62
Hausse	hoːs	0.6
Haussen	hoːsən	0.33
Haute Couture	ˌoːt kutˈyːɾ	0.55
Haute Cuisine	ˌoːt kyizˈiːn	0.5
Haute-Normandie	otnɔɾmɑ̃dˈi	0.38
Hautevolee	oːtvolˈeː	0.44
Hautgout	oɡˈuː	0.71
Hautgouts	oɡˈuːs	0.62
Hawk-Eye	hˈɔːkˌaɪ	0.43
Hawk-Eyes	hɔːkˌaɪs	0.38
Hazara	hazˈaːra	0.29
Hazarajat	hazˈaːradʒaːt	0.4
Hazarajats	hazˈaːradʒaːts	0.36
Hbf.	hˈauptbaːnhˌoːf	0.64
Headbangen	hˈɛtbˌɛŋən	0.44
Headbangens	hˈɛtbˌɛŋəns	0.4
Header	hˈɛdɜ	0.4
Headers	hˈɛdɜs	0.33
Headhunter	hˈɛthˌantɜ	0.33
Headhunterin	hˈɛthˌantərɪn	0.27
Headhunterinnen	hˈɛthˌantərɪnən	0.29
Headhuntern	hˈɛthˌantɜn	0.3
Headhunters	hˈɛthˌantɜs	0.3
Headliner	hˈɛtlˌaɪnɜ	0.62
Headlinern	hˈɛtlˌaɪnɜn	0.56
Headliners	hˈɛtlˌaɪnɜs	0.56
Headset	hˈɛdsˌɛt	0.57
Headsets	hˈɛdsˌɛts	0.5
Hearing	hˈiːrɪŋ	0.33
Hearings	hˈiːrɪŋs	0.29
Heathrow	hˈiːθɹɔʊ	0.86
Heathrows	hˈiːθɹɔʊs	0.75
Heavy Metal	hˌɛvi mˈɛtəl	0.4
Heavy Metals	hˌɛvi mˈɛtəls	0.36
Heavy-Metal-Band	hɛvimˈɛtəlbˌɛnt	0.36
Heavy-Metal-Bands	hɛvimˈɛtəlbˌɛnts	0.33
Heavy-Metal-Festival	hɛvimˈɛtəlfˌɛstivəl	0.28
Heavy-Metal-Festivals	hɛvimˈɛtəlfˌɛstivəls	0.26
Hebron	hˈeːbrɔn	0.33
Hebroner	hˈeːbrɔnɜ	0.29
Hebrons	hˈeːbrɔns	0.29
Heckspoiler	hˈɛkʃpˌɔɪlɜ	0.33
Heckspoilern	hˈɛkʃpˌɔɪlɜn	0.3
Heckspoilers	hˈɛkʃpˌɔɪlɜs	0.3
Hederichs	hˈeːdərˌɪçs	0.38
Hedgefonds	hˈɛtʃfˌɔ̃ː	0.6
Hedschra	hˈɛdʒra	0.33
Hedwig	hˈeːtvɪç	0.29
Hefei	xœfˈɛɪ	0.6
Hefeis	xœfˈɛɪs	0.5
Heftstichs	hˈɛftʃtˌɪçs	0.3
Hehlerware	hˈeːlɜvˌaːrə	0.62
Heideherrn	hˈaɪdəhˌɛɾn	0.33
Heideröschen	hˈaɪdərˌøːsçən	0.45
Heideröschens	hˈaɪdərˌøːsçəns	0.42
Heilongjiang	xeilʊŋdziaŋ	0.55
Heilongjiangs	xeilʊŋdziaŋs	0.5
Heiratschance	hˈaɪraːtsʃˌɑ̃ːs	0.55
Heiratschancen	hˈaɪraːtsʃˌɑ̃ːsn	0.33
Helion	hˈeːliɔn	0.33
Helions	hˈeːliɔns	0.29
Helios	hˈeliɔs	0.43
Helios’	hˈeliɔs	0.43
Helsingborg	hɛlsiŋbˈɔɾj	0.3
Helsingborgs	hɛlsiŋbˈɔɾjs	0.27
Helsinkis	hˈɛlziŋkˌis	0.33
Heman	hˈiːmˌɛn	0.4
Hemans	hˈiːmˌɛns	0.33
Hemen	hˈiːmˌɛn	0.4
Hemithoraces	hemitorˈaːtseːs	0.33
Hengyang	xəŋiaŋ	0.5
Hengyangs	xˈəŋiaŋs	0.43
Henkelware	hˈɛŋkəlvˌaːrə	0.4
Herdasche	hˈeːɾtˌaʃə	0.29
Herdbuch	hˈeːɾtbˌuːx	0.43
Herdbuche	hˈeːɾtbˌuːxə	0.38
Herdbuches	hˈeːɾtbˌuːxəs	0.33
Herdbuchs	hˈeːɾtbˌuːxs	0.38
Herdebuch	hˈeːɾdəbˌuːx	0.38
Herdebuche	hˈeːɾdəbˌuːxə	0.33
Herdebuches	hˈeːɾdəbˌuːxəs	0.3
Herdebuchs	hˈeːɾdəbˌuːxs	0.33
Herdring	hˈeːɾtrˌɪŋ	0.29
Hermeneutik	hˌɛɾmenˈɔɪtɪk	0.27
Hermosillo	ɛɾmosˈiːjo	0.44
Hermosillos	ɛɾmosˈiːjos	0.4
Heroindealer	heroˈiːndˌiːlɜ	0.27
Heroingeschäft	heroˈiːnɡəʃˌɛft	0.33
Heroingeschäfte	heroˈiːnɡəʃˌɛftə	0.31
Heroingeschäften	heroˈiːnɡəʃˌɛftən	0.29
Heroingeschäftes	heroˈiːnɡəʃˌɛftəs	0.29
Heroingeschäfts	heroˈiːnɡəʃˌɛfts	0.31
Heroinräuschen	heroˈiːnrˌɔɪʃən	0.36
Herse	ɛɾs	0.6
Hersen	ˈɛɾsən	0.33
Herwegh	hˈɛɾveːk	0.29
Herzgeräuschen	hˈɛɾtsɡərˌɔɪʃən	0.33
Herzstichs	hˈɛɾtsʃtˌɪçs	0.27
Heulsuse	hˈɔɪlzuːzə	0.38
Heulsusen	hˈɔɪlzuːzən	0.33
Heuvorrat	hˈɔɪfoːɾrˌaːt	0.44
Heuvorrates	hˈɔɪfoːɾrˌaːtəs	0.36
Heuvorrats	hˈɔɪfoːɾrˌaːts	0.4
Heuvorräte	hˈɔɪfoːɾrˌɛːtə	0.4
Heuvorräten	hˈɔɪfoːɾrˌɛːtən	0.36
Hexakisoktaeder	hˌɛksakɪsɔktaˈeːdɜ	0.27
Hexerichs	hˈɛksərɪçs	0.33
Heß’	hɛs	0.33
Hibachi	hibˈatʃi	0.29
Hibachis	hibˈatʃis	0.38
Hibernien	hibˈɛɾniən	0.33
Hiberniens	hibˈɛɾniəns	0.3
Hidschra	hˈɪdʒra	0.33
Hierarchien	hieraɾçˈiːən	0.27
High Five	haɪ faɪf	0.43
High Fives	haɪ faɪfs	0.38
High School	hˈaɪskuːl	0.43
High Schools	hˈaɪskuːls	0.38
High five	haɪ faɪv	0.43
High fives	haɪ faɪvs	0.38
Highscore	hˈaɪskˌoːɾ	0.29
Highscores	hˈaɪskˌoːɾs	0.38
Highway	hˈaɪvˌeː	0.33
Highways	hˈaɪveːs	0.43
Hijacker	hˈaɪdʒˌɛkɜ	0.62
Hijackerin	hˈaɪdʒˌɛkərɪn	0.5
Hijackerinnen	hˈaɪdʒˌɛkərɪnən	0.5
Hijackern	hˈaɪdʒˌɛkɜn	0.56
Hijackers	hˈaɪdʒˌɛkɜs	0.56
Hilfsfonds	hˈɪlfsfˌɔ̃ː	0.3
Hingabe	hˈɪnɡˌaːbə	0.29
Hingucker	hˈɪnɡˌʊkɜ	0.29
Hinkelshaut	hˈɪŋɡl̩shˌaʊd	0.45
Hintergrundgeräuschen	hˈɪntɜɡrʊntɡərˌɔɪʃən	0.3
Hintergrundrecherche	hˈɪntɜɡrʊntreʃˌɛɾʃə	0.33
Hintergrundrecherchen	hˈɪntɜɡrʊntreʃˌɛɾʃən	0.32
Hiobsbotschaften	hˈiːɔpsbˌoːtʃaftən	0.27
Hiobspost	hˈiːɔpspˌɔst	0.3
Hiobsträne	hˈiːɔpstrˌɛːnə	0.27
Hip-Hop-DJs	hˈɪphɔpdˌiːdʒɛɪs	0.46
Hiphop	hˈɪphɔp	0.67
Hiphop-DJ	hˈɪphɔpdˌiːdʒɛɪ	0.33
Hiphop-DJs	hˈɪphɔpdˌiːdʒɛɪs	0.69
Hiphops	hˈɪphɔps	0.57
Hirngespinst	hˈɪɾnɡəʃpˌɪnst	0.33
Hirngespinste	hˈɪɾnɡəʃpˌɪnstə	0.31
Hirngespinsten	hˈɪɾnɡəʃpˌɪnstən	0.29
Hirngespinstes	hˈɪɾnɡəʃpˌɪnstəs	0.29
Hirngespinsts	hˈɪɾnɡəʃpˌɪnsts	0.31
Hirngewebe	hˈɪɾnɡəvˌeːbə	0.3
Hirngeweben	hˈɪɾnɡəvˌeːbən	0.27
Hirngewebes	hˈɪɾnɡəvˌeːbəs	0.27
Hispanien	hɪspˈaːniən	0.3
Hispaniens	hɪspˈaːniəns	0.27
Hispaniola	hɪspanˈioːla	0.27
Hleza	lˈɛːza	0.86
Hoagascht	hˈõɾ̃ɡɜʃd	0.56
Hoagaschte	hˈõɾ̃ɡɜʃdɛ	0.6
Hoagaschten	hˈõɾ̃ɡɜʃdən	0.45
Hoagaschts	hˈõɾ̃ɡɜʃds	0.5
Hochplateaus	hˈoːxplatˌoːs	0.27
Hocketse	hˈɔkətsə	0.29
Hockey	hˈɔke	0.4
Hockeys	hˈɔkes	0.33
Hoffräulein	hˈoːffrˌɔɪlaɪn	0.27
Hofgebäude	hˈoːfɡəbˌɔɪdə	0.3
Hofgebäuden	hˈoːfɡəbˌɔɪdən	0.27
Hofgebäudes	hˈoːfɡəbˌɔɪdəs	0.27
Hofstaat	hˈoːfʃtˌaːt	0.29
Hold’em	həʊldˈɛm	0.43
Hole-in-one	hɔʊl ɪn wˈan	0.67
Hole-in-ones	hɔʊl ɪn wˈans	0.6
Holes	hɔʊls	0.6
Hollandaise	ɔlɑ̃dˈɛːs	0.6
Hollywood	hˈɔliwʊt	0.43
Hollywood-Film	hˈɔliwʊtfˌɪlm	0.27
Hollywood-Karriere	hˈɔliwʊtkarˌieːrə	0.33
Hollywood-Karrieren	hˈɔliwʊtkarˌieːrən	0.31
Hollywood-Starregisseur	hˈɔliwʊtʃtˌaːɾreʒɪsˌøːɾ	0.28
Hollywood-Starregisseure	hˈɔliwʊtʃtˌaːɾreʒɪsˌøːrə	0.26
Hollywood-Starregisseurs	hˈɔliwʊtʃtˌaːɾreʒɪsˌøːɾs	0.26
Hollywood-Studio	hˈɔliwʊtʃtˌuːdio	0.36
Hollywood-Studios	hˈɔliwʊtʃtˌuːdios	0.33
Hollywoodfilm	hˈɔliwʊtfˌɪlm	0.27
Hollywoodregisseur	hˈɔliwʊtreʒɪsˌøːɾ	0.36
Hollywoodregisseure	hˈɔliwʊtreʒɪsˌøːrə	0.33
Hollywoodregisseuren	hˈɔliwʊtreʒɪsˌøːrən	0.31
Hollywoodregisseurs	hˈɔliwʊtreʒɪsˌøːɾs	0.33
Hollywoods	hˈɔliwʊts	0.38
Hollywoodstar	hˈɔliwʊtstˌaːɾ	0.27
Holodomor	hɔlɔdɔmˈoːɾ	0.33
Holywood	hˈɔliwʊt	0.57
Holywoods	hˈɔliwʊts	0.5
Holzstichs	hˈɔltsʃtˌɪçs	0.27
Holzware	hˈɔltsvˌaːrə	0.56
Holzzäune	hˈɔltstsˌɔɪnə	0.27
Home Office	hˈɔʊm ɔfɪs	0.38
Home Offices	hˈɔʊm ɔfɪsɪs	0.4
Home-Banking	hˈɔʊmbɛŋkɪŋ	0.5
Home-Bankings	hˈɔʊmbɛŋkɪŋs	0.45
Home-Office	hˈɔʊmˌɔfɪs	0.38
Home-Offices	hˈɔʊmˌɔfɪsəs	0.5
Homebanking	hˈɔʊmbɛŋkɪŋ	0.5
Homebankings	hˈɔʊmbɛŋkɪŋs	0.45
Homeland	hˈɔʊmlˌɛnt	0.5
Homeland-Politik	hˈɔʊmlɛntpolitˌiːk	0.27
Homelands	hˈɔʊmlˌɛnts	0.44
Homeoffice	hˈɔʊmˌɔfɪs	0.67
Homeoffices	hˈɔʊmˌɔfɪsəs	0.5
Homepage	hˈɔʊmpɛɪtʃ	0.44
Homepages	hˈɔʊmpɛɪdʒɪs	0.73
Homerun	hˈɔʊmɹˌan	0.71
Homeruns	hˈɔʊmɹˌans	0.62
Homeschooling	hˈɔʊmskˌuːlɪŋ	0.5
Homeschoolings	hˈɔʊmskˌuːlɪŋs	0.45
Homestaging	hˈɔʊmstˌɛɪdʒɪŋ	0.58
Hommage	ɔmˈaːʃ	0.5
Hommagen	ɔmˈaːʒən	0.29
Homme à Femmes	ɔmafˈam	0.69
Hommes à Femmes	ɔmafˈam	0.71
Homo sapiens sapiens	hˈoːmo zˈaːpiɛns zˈaːpiɛns	0.3
Homoehe	hˈoːmoˌeːə	0.33
Homoehen	hˈoːmoˌeːən	0.29
Homoiothermie	hˌomɔɪotɛɾmˈiː	0.27
Honigbiene	hˈoːnɪçbˌiːnə	0.3
Honigbienen	hˈoːnɪçbˌiːnən	0.27
Honigdachs	hˈoːnɪçdˌaks	0.3
Honigdachse	hˈoːnɪçdˌaksə	0.36
Honigdachsen	hˈoːnɪçdˌaksən	0.33
Honigdachses	hˈoːnɪçdˌaksəs	0.33
Honiggeruch	hˈoːnɪçɡərˌʊx	0.3
Honiggeruche	hˈoːnɪçɡərˌʊxə	0.27
Honiggeruchs	hˈoːnɪçɡərˌʊxs	0.27
Honigmond	hˈoːnɪçmˌoːnt	0.3
Honigmonde	hˈoːnɪçmˌoːndə	0.27
Honigmonds	hˈoːnɪçmˌoːnts	0.27
Honigvögel	hˈoːnɪçfˌøːɡəl	0.27
Honshu	hˈɔnʃu	0.33
Honshus	hˈɔnʃus	0.43
Hooliganszene	hˈuːliɡˌɛnstsˌeːnə	0.31
Hopetown	hˈɔʊptaʊn	0.62
Hopetowns	hˈɔʊptaʊns	0.56
Hoplit	hoplˈiːt	0.33
Horchata	ɔɾtʃˈaːta	0.38
Horchatas	ɔɾtʃˈaːtas	0.33
Hornissenstichs	hɔɾnˈɪsənʃtˌɪçs	0.29
Hornpipe	hˈɔɾnpaɪp	0.38
Hornpipes	hˈɔɾnpaɪps	0.33
Horrorfreak	hˈɔroːɾfrˌiːk	0.3
Horrorfreaks	hˈɔroːɾfrˌiːks	0.27
Horrorszenario	hˈɔroːɾstsenˌaːrio	0.27
Horrorthriller	hˈɔroːɾθrˌɪlɜ	0.5
Horrorthrillern	hˈɔroːɾθrˌɪlɜn	0.45
Horrorthrillers	hˈɔroːɾθrˌɪlɜs	0.55
Horsd’œuvre	ɔɾdˈøːvrə	0.33
Horsd’œuvres	ɔɾdˈøːvrəs	0.3
Horsham	hˈɔːʃəm	0.57
Horshams	hˈɔːʃəms	0.5
Hospitalkapelle	hɔspitˈaːlkapˌɛlə	0.43
Hospitalkapellen	hɔspitˈaːlkapˌɛlən	0.4
Hostie	hˈɔstiə	0.29
Hosts	hoʊsts	0.33
Hot Dog	hˈɔtdɔk	0.33
Hot Dogs	hˈɔtdɔks	0.29
Hot Spot	hˈɔtspɔt	0.43
Hot Spots	hˈɔtspɔts	0.38
Hotelangestellte	hotˈɛlanɡəʃtˌɛltə	0.27
Hotelangestellter	hotˈɛlanɡəʃtˌɛltɜ	0.27
Hotelappartement	hotˈɛlapaɾtmˌɑ̃ː	0.33
Hotelappartements	hotˈɛlapaɾtmˌɑ̃ːs	0.31
Hotelbalkon	hotˈɛlbalkˌɔŋ	0.27
Hotelchefin	hotˈɛlʃˌɛfɪn	0.36
Hotelchefinnen	hotˈɛlʃˌɛfɪnən	0.31
Hoteleingang	hotˈɛlaɪnɡˌaŋ	0.27
Hotelfoyer	hotˈɛlfojˌeː	0.44
Hotelier	hotɛlˈieː	0.44
Hotelierin	hotɛlˈieːrɪn	0.27
Hoteliers	hotɛlˈieːs	0.4
Hotelière	hotɛlˈiɛːrə	0.4
Hotelièren	hotɛlˈiɛːrən	0.36
Hotellobbys	hotˈɛllˌɔbis	0.3
Hotelpools	hotˈɛlpˌuːls	0.3
Hotelrestaurant	hotˈɛlrɛstorˌɑ̃ː	0.33
Hotelrestaurants	hotˈɛlrɛstorˌɑ̃ːs	0.31
Hotels garnis	hotˌɛl ɡaɾnˈiː	0.33
Hotline	hˈɔtlˌaɪn	0.43
Hotlines	hˈɔtlˌaɪns	0.38
Hottehü	hˌɔtəhˈyː	0.33
Hottehüs	hˌɔtəhˈyːs	0.29
House-DJs	hˈaʊsdˌiːdʒɛɪs	0.45
Houston	hjˈuːstən	0.29
Hoyers	hˈɔɪɜs	0.4
Hoyerswerda	hɔɪɜsvˈɛɾda	0.3
Hoyerswerdas	hɔɪɜsvˈɛɾdas	0.27
Hrdlicka	hɾ̩dlˈɪtʃka	0.6
Hrdlickas	hɾ̩dlˈɪtʃkas	0.55
Hubraum	hˈuːprˌaʊm	0.29
Hubraumsteuer	hˈuːpraʊmʃtˌɔɪɜ	0.33
Hubraumsteuern	hˈuːpraʊmʃtˌɔɪɜn	0.31
Hubräume	hˈuːprˌɔɪmə	0.38
Hubräumen	hˈuːprˌɔɪmən	0.33
Hubschraubergeräuschen	hˈuːpʃraʊbɜɡərˌɔɪʃən	0.32
Hudson	hˈatsən	0.67
Hudson Bay	hˈatsən bˈeː	0.67
Hudson River	hˈatsən rˌɪvɜ	0.5
Hudson Rivers	hˈatsən rˌɪvɜs	0.45
Hudsons	hˈatsəns	0.57
Huey	hjˈuːi	0.75
Huflattichs	hˈuːflˌatɪçs	0.3
Hufspur	hˈuːfʃpˌuːɾ	0.29
Hugbald	hˈuːkbalt	0.29
Hugbert	hˈuːkbɛɾt	0.43
Hugberte	hˈuːkbɛɾtə	0.38
Hugberten	hˈuːkbɛɾtən	0.33
Hugberts	hˈuːkbɛɾts	0.38
Hull	hʌl	0.33
Hulme	hjuːm	0.6
Hulmes	hjuːms	0.5
Humangenetik	humˈaːnɡenˌeːtɪk	0.33
Humangenetiker	humˈaːnɡenˌeːtɪkɜ	0.31
Humangenetikerin	humˈaːnɡenˌeːtɪkərɪn	0.27
Humangenetikerinnen	humˈaːnɡenˌeːtɪkərɪnən	0.29
Humangenetikern	humˈaːnɡenˌeːtɪkɜn	0.29
Humangenetikers	humˈaːnɡenˌeːtɪkɜs	0.29
Humuserde	hˈuːmʊsˌeːɾdə	0.33
Humuserden	hˈuːmʊsˌeːɾdən	0.3
Hundebaby	hˈʊndəbˌeːbi	0.3
Hundebabys	hˈʊndəbˌeːbis	0.36
Hundegeheul	hˈʊndəɡəhˌɔɪl	0.36
Hundegeheule	hˈʊndəɡəhˌɔɪlə	0.33
Hundegeheules	hˈʊndəɡəhˌɔɪləs	0.31
Hundegeheuls	hˈʊndəɡəhˌɔɪls	0.33
Hundepsychiater	hˈʊndəpsyçˌiaːtɜ	0.27
Hundesteuer	hˈʊndəʃtˌɔɪɜ	0.3
Hundesteuern	hˈʊndəʃtˌɔɪɜn	0.27
Hurrikan	hˈʌrɪkən	0.43
Hurrikans	hˈarɪkəns	0.38
Hurrikansaison	hˈarikənzɛzˌɔ̃ː	0.46
Hurrikansaisonen	hˈarikənzɛzˌoːnən	0.27
Hurrikansaisons	hˈarikənzɛzˌɔ̃ːs	0.43
Hustekuchen	hˈuːstəkˌuːxən	0.3
Hustenbonbon	hˈuːstənbɔ̃bˌɔ̃ː	0.33
Hustenbonbons	hˈuːstnbɔ̃bˌɔ̃ːs	0.38
Hustensirup	hˈuːstənzˌiːrʊp	0.27
Huthis	hˈuːtis	0.4
Hyde Park	hˌaɪdpˈɑːk	0.5
Hyde Parks	hˌaɪdpˈɑːks	0.44
Hygienetipp	hyɡˈieːnətˌɪp	0.27
Hygienevorschrift	hyɡˈieːnəfˌoːɾʃrɪft	0.31
Hygienevorschriften	hyɡˈieːnəfˌoːɾʃrɪftən	0.28
Hypes	haɪps	0.6
Hypotenuse	hypotenˈuːzə	0.3
Hypotenusen	hypotenˈuːzən	0.27
Hypotrachelien	hˌypotraxˈeːliən	0.29
Hypotrachelion	hˌypotraxˈeːliɔn	0.31
Hypotrachelions	hˌypotraxˈeːliɔns	0.29
Hämatopoese	hɛmatopoˈeːzə	0.27
Hämatopoetin	hɛmatopoetˈiːn	0.33
Hängebusen	hˈɛŋəbˌuːzən	0.33
Hänschen	hˈɛnsçən	0.38
Hänschens	hˈɛnsçəns	0.33
Häupl	hˈɔɪpəl	0.33
Häupls	hɔɪpəls	0.29
Häusl	hˈɔɪzəl	0.5
Häuslbauer	hˈɔɪzəlbˌaʊɜ	0.3
Häuslbauern	hˈɔɪzəlbˌaʊɜn	0.27
Häuslbauers	hˈɔɪzəlbˌaʊɜs	0.27
Häusln	hˈɔɪzəln	0.43
Häusls	hˈɔɪzəls	0.43
Häussers	hˈɔɪzɜs	0.33
Höchstadt	hˈøːçʃtˌat	0.5
Höchstadts	hˈøːçʃtˌats	0.44
Höchstalemannisch	hˈøːçstaləmˌanɪʃ	0.29
Höchstalemannische	hˈøːçstaləmˌanɪʃə	0.27
Höchstalemannischs	hˈøːçstaləmˌanɪʃs	0.27
Höchstalter	hˈøːçstˌaltɜ	0.3
Höchstaltern	hˈøːçstˌaltɜn	0.27
Höchstalters	hˈøːçstˌaltɜs	0.27
Höchstberg	hˈøːçstbˌɛɾk	0.3
Höchstbergs	hˈøːçstbˌɛɾks	0.27
Höchstbetrag	hˈøːçstbətrˌaːk	0.33
Höchstbetrage	hˈøːçstbətrˌaːɡə	0.31
Höchstbetrages	hˈøːçstbətrˌaːɡəs	0.29
Höchstbetrags	hˈøːçstbətrˌaːks	0.31
Höchstbeträge	hˈøːçstbətrˌɛːɡə	0.31
Höchstbeträgen	hˈøːçstbətrˌɛːɡən	0.29
Höchstgericht	hˈøːçstɡərˌɪçt	0.33
Höchstgerichte	hˈøːçstɡərˌɪçtə	0.31
Höchstgerichten	hˈøːçstɡərˌɪçtən	0.29
Höchstgerichtes	hˈøːçstɡərˌɪçtəs	0.29
Höchstgerichts	hˈøːçstɡərˌɪçts	0.31
Höchstkurs	hˈøːçstkˌʊɾs	0.4
Höchstkurse	hˈøːçstkˌʊɾzə	0.27
Höchstpreis	hˈøːçstprˌaɪs	0.27
Höchststand	hˈøːçstʃtˌant	0.36
Höchststande	hˈøːçstʃtˌandə	0.33
Höchststandes	hˈøːçstʃtˌandəs	0.31
Höchststands	hˈøːçstʃtˌants	0.33
Höchststrafe	hˈøːçstʃtrˌaːfə	0.33
Höchststrafen	hˈøːçstʃtrˌaːfən	0.31
Höchststufe	hˈøːçstʃtˌuːfə	0.27
Höchsttemperatur	hˈøːçsttɛmpəratˌuːɾ	0.33
Höchsttemperaturen	hˈøːçsttɛmpəratˌuːrən	0.29
Höchstwert	hˈøːçstvˌeːɾt	0.3
Höchstwerte	hˈøːçstvˌeːɾtə	0.27
Höchstwerts	hˈøːçstvˌeːɾts	0.27
Hörbuch	hˈøːɾbˌuːx	0.33
Hörbuche	hˈøːɾbˌuːxə	0.29
Hörbuchs	hˈøːɾbˌuːxs	0.29
Hörrohr	hˈøːɾrˌoːɾ	0.33
Hörrohre	hˈøːɾrˌoːrə	0.29
Hörrohrs	hˈøːɾrˌoːɾs	0.29
Hörtest	hˈøːɾtˌɛst	0.29
Hörvermögen	hˈøːɾfɛɾmˌøːɡəŋ	0.27
ICEs	iːtseːˈeːs	0.67
IJsselmeer	ˈaɪsəlmˌeːɾ	0.58
IJsselmeeres	ˈaɪsəlmˌeːrəs	0.5
IJsselmeers	ˈaɪsəlmˌeːɾs	0.54
IMAP	ˈaɪmɛp	0.6
IP-Adresse	aɪpˈiːadrˌɛsə	0.3
IP-Adressen	aɪpˈiːadrˌɛsən	0.27
IP-Netz	aɪpˈiːnˌɛts	0.38
IP-Netze	aɪpˈiːnˌɛtsə	0.33
IP-Netzen	aɪpˈiːnˌɛtsən	0.3
IP-Netzes	aɪpˈiːnˌɛtsəs	0.3
IPTV	aɪpˈiːtiːvˌiː	0.62
IRA-Kämpfer	aɪaɹˈɛɪkˌɛmpfɜ	0.5
IRA-Kämpfern	aɪaɹˈɛɪkˌɛmpfɜn	0.46
IRA-Kämpfers	aɪaɹˈɛɪkˌɛmpfɜs	0.46
ISBN	iːɛsbeːˈɛn	0.57
ISBNs	iːɛsbeːˈɛns	0.5
ISDN	ˌiːɛsdeːˈɛn	0.57
ISI-Agent	aɪɛsˈaɪaɡˌɛnt	0.36
ISI-Agenten	aɪɛsˈaɪaɡˌɛntən	0.31
ISI-Chef	aɪɛsˈaɪʃˌɛf	0.67
ISI-Chefs	aɪɛsaɪʃˌɛfs	0.4
ISI-Offizier	aɪɛsˈaɪɔfitsˌiːɾ	0.31
ISI-Offiziere	aɪɛsˈaɪɔfitsˌiːrə	0.29
ISI-Offizieren	aɪɛsˈaɪɔfitsˌiːrən	0.27
ISI-Offizierin	aɪɛsˈaɪɔfitsˌiːrɪn	0.27
ISI-Offizierinnen	aɪɛsˈaɪɔfitsˌiːrɪnən	0.29
ISI-Offiziers	aɪɛsˈaɪɔfitsˌiːɾs	0.29
IT-Bereich	aɪtˈiːbərˌaɪç	0.3
IT-Bereiche	aɪtˈiːbərˌaɪçə	0.27
IT-Bereichs	aɪtˈiːbərˌaɪçs	0.27
IT-Branche	aɪtˈiːbrˌɑ̃ːʃə	0.6
IT-Branchen	aɪtˈiːbrˌɑ̃ːʃən	0.55
IT-Panne	aɪtˈiːpˌanə	0.38
IT-Pannen	aɪtˈiːpˌanən	0.33
IT-Profi	aɪtˈiːprˌoːfi	0.33
IT-Profis	aɪtˈiːprˌoːfis	0.4
IT-Service	aɪtˈiːsˌœːɾvɪs	0.4
IT-Services	aɪtˈiːsˌœːɾvɪsɪs	0.67
IT-Support	aɪtˈiːzʊpˌɔɾt	0.3
IT-Supporte	aɪtˈiːzʊpˌɔɾtə	0.27
IT-Supports	aɪtˈiːzʊpˌɔɾts	0.27
IT-System	aɪtˈiːzʏstˌeːm	0.3
IT-Systeme	aɪtˈiːzʏstˌeːmə	0.27
IT-Systems	aɪtˈiːzʏstˌeːms	0.27
IT-Typ	aɪtˈiːtˌyːp	0.43
IT-Typen	aɪtˈiːtˌyːpən	0.33
IT-Typs	aɪtˈiːtˌyːps	0.38
ITler	aɪtˈiːlɜ	0.67
ITlern	aɪtˈiːlɜn	0.57
ITlers	aɪtˈiːlɜs	0.57
IVBB	ˌiːfaʊbebˈeː	0.88
IWFs	iːveːˈɛfs	0.67
Iatrochemie	iatroçemˈiː	0.3
Ich-AG	ˈɪçaːɡˌeː	0.33
Ich-AGs	ˈɪçaːɡˌeːs	0.29
Ichs	ɪçs	0.5
Ichsucht	ˈɪçzˌʊxt	0.57
Icon	ˈaɪkən	0.6
Icons	ˈaɪkəns	0.5
Idaho	ˈaɪdəho	0.5
Idahos	ˈaɪdəhos	0.57
Ideallinie	ideˈaːllˌiːniə	0.3
Ideallinien	ideˈaːllˌiːniən	0.27
Ideengeschichte	idˈeːənɡəʃˌɪçtə	0.31
Idiom	idˈioːm	0.33
Idiome	idˈioːmə	0.29
Idioms	idˈioːms	0.29
Idiot	idˈioːt	0.33
Idiotentest	idˈioːtəntˌɛst	0.33
Idiotentests	idˈioːtəntˌɛsts	0.31
Idioticon	idˈioːtikɔn	0.3
Idioticons	idˈioːtikɔns	0.27
Idiotie	idiotˈiː	0.29
Idiotikon	idˈioːtikɔn	0.3
Idiotikons	idˈioːtikɔns	0.27
Iglus	ˈiːɡlus	0.4
Ilei	ˈiːlei	0.5
Ileus	ˈiːleʊs	0.4
Ilion	ˈiːliɔn	0.4
Ilions	ˈiːliɔns	0.33
Ilios	ˈiːliɔs	0.5
Ilios’	ˈiːliɔs	0.5
Illbient	ˈɪlbiənt	0.38
Illbients	ˈɪlbiənts	0.33
Illinois	ˈɪlinɔɪ	0.29
Image	ˈɪmɪtʃ	0.6
Imageboard	ˈɪmɪtʃbˌɔːɾt	0.44
Imageboards	ˈɪmɪtʃbˌɔːɾts	0.5
Imagefilm	ˈɪmɪtʃfˌɪlm	0.33
Imagefilme	ˈɪmɪtʃfˌɪlmə	0.3
Imagefilmen	ˈɪmɪtʃfˌɪlmən	0.27
Imagefilmes	ˈɪmɪtʃfˌɪlməs	0.27
Imagefilms	ˈɪmɪtʃfˌɪlms	0.3
Images	ˈɪmɪtʃəs	0.43
Imageschaden	ˈɪmɪtʃʃˌaːdən	0.3
Imageschadens	ˈɪmɪtʃʃˌaːdəns	0.27
Imageschäden	ˈɪmɪtʃʃˌɛːdən	0.3
Imageverbesserung	ˈɪmɪtʃfɛɾbˌɛsərʊŋ	0.29
Imagewechsel	ˈɪmɪtʃvˌɛksəl	0.27
Imagines	imˈaːɡineːs	0.38
Immissionsschutz	ɪmɪsˈioːnsʃˌʊts	0.29
Immissionsschutze	ɪmɪsˈioːnsʃˌʊtsə	0.27
Immobilienbranche	ɪmobˈiːliənbrˌɑ̃ːʃə	0.27
Immobilienfonds	ɪmobˈiːliənfˌɔ̃ː	0.31
Immobilienkrise	ɪmobˈiːliənkrˌiːzə	0.29
Immobilienkrisen	ɪmobˈiːliənkrˌiːzən	0.27
Immunescape	ɪmˈuːnɪskˌɛɪp	0.4
Immunescapes	ɪmˈuːnɪskˌɛɪps	0.36
Immungedächtnis	ɪmˈuːnɡədˌɛçtnɪs	0.29
Impeachment	ɪmpˈiːtʃmənt	0.4
Impeachments	ɪmpˈiːtʃmənts	0.36
Impfangebot	ˈɪmpfanɡəbˌoːt	0.27
Impfbranche	ˈɪmpfbrˌɑ̃ːʃə	0.27
Impfmanagement	ˈɪmpfmˌɛnɪtʃmənt	0.36
Impfmanagements	ˈɪmpfmˌɛnɪtʃmənts	0.33
Impfstoffstudie	ˈɪmpfʃtɔfʃtˌuːdiə	0.27
Importware	ɪmpˈɔɾtvˌaːrə	0.4
Incel	ˈɪnsɛl	0.4
Incels	ˈɪnsɛls	0.33
Incentive	ɪnsˈɛntɪf	0.56
Inch	ɪnʃ	0.5
Incheon	ˈɪntʃɔn	0.57
Incheons	ˈɪntʃɔns	0.5
Inches	ˈɪnʃəs	0.33
Incipits	ˈɪntsipɪts	0.33
Indexfonds	ˈɪndɛksfˌɔ̃ː	0.27
Indian Summer	ˈɪndɪən sˈamɜ	0.4
Indian Summers	ˈɪndɪən sˈamɜs	0.36
Indices	ˈɪnditseːs	0.38
Indien	ˈɪndiən	0.29
Indienne	ɪndiˈɛn	0.33
Indiennes	ɪndiˈɛns	0.29
Indio	ˈɪndio	0.33
Indios	ˈɪndios	0.29
Indochina	ˌɪndoçˈiːna	0.33
Indochinas	ˌɪndoçˈiːnas	0.3
Infomercial	ɪnfomˈəːʃəl	0.4
Infomercials	ɪnfomˈəːʃəls	0.36
Infusionsschläuche	ɪnfuzˈioːnsʃlˌɔɪçə	0.28
Infusionsschläuchen	ɪnfuzˈioːnsʃlˌɔɪçən	0.26
Ingenien	ɪnɡˈeːniən	0.5
Ingenieur	ɪnʒenˈiøːɾ	0.33
Ingenieurconsulting	ɪnʒenˈiøːɾkɔnsˌaltɪŋ	0.29
Ingenieurconsultings	ɪnʒenˈiøːɾkɔnsˌaltɪŋs	0.28
Ingenieure	ɪnʒenˈiøːrə	0.3
Ingenieuren	ɪnʒenˈiøːrən	0.27
Ingenieurgesellschaften	ɪnʒenˈiøːɾɡəzˌɛlʃaftən	0.26
Ingenieurin	ɪnʒenˈiøːrɪn	0.36
Ingenieurinnen	ɪnʒenˈiøːrɪnən	0.43
Ingenieurs	ɪnʒenˈiøːɾs	0.3
Ingenieursdiplom	ɪnʒenˈiøːɾsdiplˌoːm	0.27
Ingenieurstudium	ɪnʒenˈiøːɾʃtˌuːdiʊm	0.27
Ingeniosität	ɪnɡeniozitˈɛːt	0.33
Ingenuität	ˌɪnɡenuitˈɛːt	0.3
Ingram	ˈɪŋɡɹəm	0.33
Ingrams	ˈɪŋɡɹəms	0.29
Ingrediens	ɪnɡrˈeːdiɛns	0.36
Ingredienzien	ˌɪnɡredˈiɛntsiən	0.29
Ingusche	ɪŋɡˈuːʃə	0.33
Inguschen	ɪŋɡˈuːʃən	0.29
Inguschetien	ɪŋɡuʃˈeːtsiən	0.27
Inguschetiens	ɪŋɡuʃˈeːtsiəns	0.33
Inguschin	ɪŋɡˈuːʃɪn	0.29
Inguschisch	ɪŋɡˈuːʃɪʃ	0.29
Initiativbewerbung	initsiatˈiːfbəvˌɛɾbʊŋ	0.28
Inkaherrscher	ˈɪŋkahˌɛɾʃɜ	0.33
Inkaherrschern	ˈɪŋkahˌɛɾʃɜn	0.3
Inkaherrschers	ˈɪŋkahˌɛɾʃɜs	0.3
Inkluse	ɪŋklˈuːzə	0.43
Inklusen	ɪŋklˈuːzən	0.38
Inline-Skate	ˈɪnlaɪnskˌɛɪt	0.55
Inline-Skates	ˈɪnlaɪnskˌɛɪts	0.5
Inlineskate	ˈɪnlaɪnskˌɛɪt	0.55
Inlineskates	ˈɪnlaɪnskˌɛɪts	0.5
Innennest	ˈɪnənnˌɛst	0.38
Innennests	ˈɪnənnˌɛsts	0.33
Innenski	ˈɪnənʃˌiː	0.43
Innenskis	ˈɪnənʃˌiːs	0.38
Innerasiens	ˈɪnɜˌaːziəns	0.27
Insektenstichs	ɪnzˈɛktənʃtˌɪçs	0.29
Insider	ˈɪnsˌaɪdɜ	0.43
Insidergeschäft	ˈɪnsaɪdɜɡəʃˌɛft	0.31
Insidergeschäfte	ˈɪnsaɪdɜɡəʃˌɛftə	0.29
Insidergeschäften	ˈɪnsaɪdɜɡəʃˌɛftən	0.27
Insidergeschäftes	ˈɪnsaɪdɜɡəʃˌɛftəs	0.27
Insidergeschäfts	ˈɪnsaɪdɜɡəʃˌɛfts	0.29
Insiderin	ˈɪnsˌaɪdərɪn	0.33
Insiderinformation	ˈɪnsaɪdɜɪnfɔɾmatsˌioːn	0.26
Insiderinnen	ˈɪnsˌaɪdərɪnən	0.36
Insidern	ˈɪnsaɪdɜn	0.38
Insiders	ˈɪnsaɪdɜs	0.38
Insidertipp	ˈɪnsˌaɪdɜtˌɪp	0.4
Insiderwitz	ˈɪnsaɪdɜvˌɪts	0.27
Instawalk	ˈɪnstəwˌɔːk	0.44
Instawalks	ˈɪnstəwˌɔːks	0.4
Intaglio	ɪntˈaljo	0.33
Intaglios	ɪntˈaljos	0.3
Intelligenzija	ɪntɛliɡˈɛntsia	0.29
Interception	ɪntɜsˈɛptʃən	0.33
Interceptions	ɪntɜsˈɛptʃəns	0.31
Intercitys	ɪntɜsˈɪtis	0.33
Interieur	ɛ̃terˈiøːɾ	0.5
Interieure	ɛ̃terˈiøːrə	0.44
Interieuren	ɛ̃terˈiøːrən	0.4
Interieurs	ɛ̃terˈiøːɾs	0.44
Interlingue	ɪntɜlˈɪŋɡuə	0.3
Internetjunkie	ˈɪntɜnɛtdʒˌaŋki	0.31
Internetjunkies	ˈɪntɜnɛtdʒˌaŋkis	0.29
Internetrecherche	ˈɪntɜnɛtreʃˌɛɾʃə	0.33
Internetrecherchen	ˈɪntɜnɛtreʃˌɛɾʃən	0.31
Interversion	ɪntɜvɛɾzˈioːn	0.27
Interview	ˈɪntɜvjuː	0.29
Inversion	ɪnvɛɾzˈioːn	0.33
Inversionen	ɪnvɛɾzˈioːnən	0.27
Inverssuche	ɪnvˈɛɾszˌuːxə	0.3
Invertzucker	ɪnvˈɛɾttsˌʊkɜ	0.27
Investmentfonds	ɪnvˈɛstməntfˌɔ̃ː	0.27
Iodatom	ˈioːtatˌoːm	0.38
Iodatome	ˈioːtatˌoːmə	0.33
Iodatomen	ˈioːtatˌoːmən	0.3
Iodatoms	ˈioːtatˌoːms	0.33
Iode	ˈioːdə	0.4
Iodes	ˈioːdəs	0.33
Iods	ioːts	0.4
Ionen	iˈoːnən	0.33
Ionenfalle	ˈioːnənfˌalə	0.3
Ionenfallen	ˈioːnənfˌalən	0.27
Ionenstrahl	ˈioːnənʃtrˌaːl	0.36
Ionenstrahle	ˈioːnənʃtrˌaːlə	0.33
Ionenstrahlen	ˈioːnənʃtrˌaːlən	0.31
Ionenstrahles	ˈioːnənʃtrˌaːləs	0.31
Ionenstrahls	ˈioːnənʃtrˌaːls	0.33
Ionentriebwerk	ˈioːnəntrˌiːpvɛɾk	0.29
Ionentriebwerke	ˈioːnəntrˌiːpvɛɾkə	0.27
Ionentriebwerks	ˈioːnəntrˌiːpvɛɾks	0.27
Ionien	ˈioːniən	0.5
Ioniens	ˈioːniəns	0.44
Ionier	ˈioːniɜ	0.33
Ionierinnen	ˈioːniərɪnən	0.27
Ioniern	ˈioːniɜn	0.29
Ioniers	ˈioːniɜs	0.29
Ionisationsenergie	ionizatsˈioːnsenɛɾɡˌiː	0.33
Ionisationsenergien	ionizatsˈioːnsenɛɾɡˌiːən	0.3
Ionisationssensor	ionizatsˈioːnszˌɛnzoːɾ	0.28
Ionisationssensors	ionizatsˈioːnszˌɛnzoːɾs	0.26
Ionisch	ˈioːnɪʃ	0.33
Ionische	ˈioːnɪʃə	0.29
Ionischs	ˈioːnɪʃs	0.29
Ionosphäre	ionosfˈɛːrə	0.3
Ionosphären	ionosfˈɛːrən	0.27
Ions	ioːns	0.4
Iota	jˈoːta	0.4
Iotas	jˈoːtas	0.33
Iowa	ˈaɪova	0.4
Iowas	ˈaɪovas	0.33
Iphofen	ɪphˈoːfən	0.43
Iphofens	ɪphˈoːfəns	0.38
Irdenware	ˈɪɾdənvˌaːrə	0.44
Irenen	ɪrˈeːnən	0.33
Irens	ɪrˈeːns	0.4
Irish Coffee	ˈaɪrɪʃ kˈɔfi	0.33
Irish Coffees	ˈaɪrɪʃ kˈɔfis	0.3
Irish Guards	ˈaɪɹɪʃ ɡˈaːɾts	0.4
Irish Pub	ˌaɪɹɪʃ pˈap	0.5
Irish Pubs	ˌaɪɹɪʃ pˈaps	0.44
Irish Stew	ˈaɪrɪʃ stjˈuː	0.56
Irish Stews	ˈaɪrɪʃ stjˈuːz	0.6
Irokese	irokˈeːzə	0.29
Ironman	ˈaɪɾnmˌɛn	0.57
Ironmans	ˈaɪɾnmˌɛns	0.5
Ironmen	ˈaɪɾnmˌən	0.43
Irrstern	ˈɪɾʃtˌɛɾn	0.29
Ischurie	ɪsçurˈiː	0.43
Ischurien	ɪsçurˈiːən	0.33
Ischämie	ɪsçɛmˈiː	0.43
Ischämien	ɪsçɛmˈiːən	0.33
Isegrim	ˈiːzəɡrɪm	0.29
Isle of Man	ˌaɪl əv mˈɛn	0.44
Ismail	ˈɪsmaiːls	0.29
Isochasme	izoçˈasmə	0.33
Isochasmen	izoçˈasmən	0.3
Isocitronensäure	izotsitrˈoːnənzˌɔɪrə	0.29
Isoleucin	izolɔɪtsˈiːn	0.4
Isoleucins	izolɔɪtsˈiːns	0.36
Isosthenien	izostenˈiːən	0.27
Isothere	izotˈeːrə	0.29
Israel	ˈiːsraeːl	0.33
Israelflagge	ˈiːsraeːlflˌaɡə	0.27
Israelkritik	ˈiːsraeːlkrɪtˌiːk	0.33
Israelpolitik	ˈiːsraeːlpolitˌɪk	0.31
Israels	ˈiːsraeːls	0.29
Istergebnis	ˈɪstɛɾɡˌeːpnɪs	0.27
Istzustand	ˈɪsttsuʃtˌant	0.27
It-Girl	ˈɪtɡˌœːɾl	0.33
It-Girls	ɪtɡˌœːɾls	0.29
Itagüís	itaɡwˈiːs	0.29
Italiener	italˈieːnɜ	0.33
Italienurlaub	itˈaːliənˌuːɾlaʊp	0.29
Italienurlaube	itˈaːliənˌuːɾlaʊbə	0.27
Italienurlauber	itˈaːliənˌuːɾlaʊbɜ	0.27
Italienurlaubs	itˈaːliənˌuːɾlaʊps	0.27
Iths	iːts	0.33
Ithyphallici	ityfˈalitsi	0.3
Itzehoe	ɪtsəhˈoː	0.5
Itzehoer	ɪtsəhˈoːɜ	0.43
Itzehoerin	ɪtsəhˈoːərɪn	0.33
Itzehoerinnen	ɪtsəhˈoːərɪnən	0.27
Itzehoern	ɪtsəhˈoːɜn	0.38
Itzehoers	ɪtsəhˈoːɜs	0.38
Itzehoes	ɪtsəhˈoːs	0.43
Itzigs	ˈɪtsɪks	0.29
Ivrit	ivrˈiːt	0.4
Ivrith	ivrˈiːt	0.4
Ivriths	ivrˈiːts	0.33
Iwanowo	ɪvˈanɔvɔ	0.43
Iwanowos	ɪvˈanɔvɔs	0.38
Iwrit	ivrˈiːt	0.4
Iwrith	ivrˈiːt	0.4
Iwriths	ivrˈiːts	0.33
JScript	dʒeiskript	0.5
JScripts	dʒeiskripts	0.45
Jabot	ʒabˈoː	0.4
Jabots	ʒabˈoːs	0.33
Jabs	dʒɛps	0.6
Jacketkrone	dʒˈɛkətkrˌoːnə	0.36
Jacketkronen	dʒˈɛkətkrˌoːnən	0.33
Jackfrucht	dʒˈɛkfrˌʊxt	0.33
Jackfruchtbäume	dʒˈɛkfrʊxtbˌɔɪmə	0.29
Jackfruchtbäumen	dʒˈɛkfrʊxtbˌɔɪmən	0.27
Jackfrüchte	dʒˈɛkfrˌʏçtə	0.27
Jackpot	dʒˈɛkpɔt	0.57
Jackpots	dʒˈɛkpɔts	0.5
Jackson	dʒˈɛksən	0.71
Jackson Heights	dʒɛksənhˈaɪts	0.42
Jackson Heights’	dʒɛksənhˈaɪts	0.42
Jacksons	dʒˈɛksəns	0.62
Jacky	dʒˈɛkiː	0.6
Jackys	dʒˈɛkiːs	0.67
Jacobabad	dʒˈɛɪkɔpabˌaːt	0.55
Jacobabads	dʒˈɛɪkɔpabˌaːts	0.5
Jaconet	ʒˈakɔnɛt	0.43
Jaconets	ʒˈakɔnɛts	0.38
Jaconnet	ʒˈakɔnɛt	0.29
Jacquard	ʒakˈaːɾ	0.5
Jacquardgewebe	ʒakˈaːɾɡəvˌeːbə	0.36
Jacquardgeweben	ʒakˈaːɾɡəvˌeːbən	0.33
Jacquardgewebes	ʒakˈaːɾɡəvˌeːbəs	0.33
Jacquardpullover	ʒakˈaːɾpʊlˌoːvɜ	0.29
Jacquardpullovern	ʒakˈaːɾpʊlˌoːvɜn	0.27
Jacquardpullovers	ʒakˈaːɾpʊlˌoːvɜs	0.27
Jacquards	ʒakˈaːɾs	0.44
Jacqueline	ʒaklˈiːn	0.5
Jacquelines	ʒaklˈiːns	0.45
Jacquerie	ʒakərˈiː	0.5
Jadebusen	jˈaːdəbˌuːzən	0.33
Jadeit	jadeˈiːt	0.33
Jadeite	jadeˈiːtə	0.29
Jadeits	jadeˈiːts	0.29
Jagdgehilfe	jˈaːktɡəhˌɪlfə	0.27
Jagdsaison	jˈaːktzɛzˌɔ̃ː	0.5
Jagdsaisons	jˈaːktzɛzˌɔ̃ːs	0.45
Jahresabonnement	jˈaːrəsabɔnəmˌɑ̃ː	0.43
Jahresabonnements	jˈaːrəsabɔnəmˌɑ̃ːs	0.4
Jahresangabe	jˈaːrəsˌanɡaːbə	0.36
Jahresangaben	jˈaːrəsˌanɡaːbən	0.33
Jahresdurchschnitt	jˈaːrəsdˌʊɾçʃnɪt	0.27
Jahresendrallye	jaːrəsˈɛntrˌɛli	0.38
Jahresendrallyes	jaːrəsˈɛntrˌɛlis	0.36
Jahresgehalt	jˈaːrəsɡəhˌalt	0.27
Jahreshöchst	jˈaːrəshˌøːçst	0.36
Jahreshöchststand	jˈaːrəshˌøːçstʃtant	0.31
Jahreshöchststandes	jˈaːrəshˌøːçstʃtandəs	0.28
Jahreshöchststands	jˈaːrəshˌøːçstʃtants	0.29
Jaina	dʒˈaɪna	0.33
Jainas	dʒˈaɪnas	0.29
Jakonett	ʒˈakɔnɛt	0.29
Jalalabad	dʒœlɑlɑbˈɑd	0.4
Jalalabads	dʒœlɑlɑbˈɑds	0.36
Jalebi	dʒalˈeːbi	0.29
Jalebis	dʒalˈeːbis	0.38
Jalisco	xalˈisko	0.29
Jam-Session	dʒˈɛmsˌɛʃən	0.78
Jam-Sessions	dʒˈɛmsˌɛʃəns	0.7
James-Bond-Film	dʒɛɪmsbˈɔntfˌɪlm	0.36
James-Bond-Filme	dʒɛɪmsbˈɔntfˌɪlmə	0.33
James-Bond-Filmen	dʒɛɪmsbˈɔntfˌɪlmən	0.31
James-Bond-Filmes	dʒɛɪmsbˈɔntfˌɪlməs	0.31
James-Bond-Films	dʒɛɪmsbɔntfˌɪlms	0.33
James-Bond-mäßig	dʒɛɪmsbˈɔntmˌɛːsɪç	0.31
James-Bond-mäßige	dʒɛɪmsbˈɔntmˌɛːsɪɡə	0.31
James-Bond-mäßigem	dʒɛɪmsbˈɔntmˌɛːsɪɡəm	0.29
James-Bond-mäßigen	dʒɛɪmsbˈɔntmˌɛːsɪɡən	0.29
James-Bond-mäßiger	dʒɛɪmsbˈɔntmˌɛːsɪɡɜ	0.31
James-Bond-mäßiges	dʒɛɪmsbˈɔntmˌɛːsɪɡəs	0.29
Jamestown	dʒˈɛɪmstˌaʊn	0.7
Jamestowns	dʒˈɛɪmstˌaʊns	0.64
Jams	dʒɛms	0.6
Jamsession	dʒˈɛmsˌɛʃən	0.78
Jamsessions	dʒˈɛmsˌɛʃəns	0.7
Jandrisits	jandrˈɪʃɪtʃ	0.4
Jandrisits’	jandrˈɪʃɪtʃs	0.36
Jane Doe	dʒɛɪndˈɔʊ	0.88
Jane Does	dʒɛɪndˈɔʊs	0.78
Janine	ʒanˈiːn	0.33
Janines	ʒanˈiːns	0.43
Jargon	ʒaɾɡˈɔŋ	0.5
Jargons	ʒaɾɡˈɔŋs	0.43
Jausem	jˈaʊsɛm	0.33
JavaScript	dʒˈɑːvə skɹɪpt	0.36
JavaScripts	dʒˈɑːvə skɹɪpts	0.33
Jazz	dʒɛːs	0.75
Jazz-Combo	dʒˈɛːskˌɔmbo	0.33
Jazz-Combos	dʒˈɛːskˌɔmbos	0.3
Jazz-Legende	dʒˈɛːsleɡˌɛndə	0.36
Jazz-Legenden	dʒˈɛːsleɡˌɛndən	0.33
Jazzakkord	dʒˈɛːsakˌɔɾt	0.33
Jazzakkorde	dʒˈɛːsakˌɔɾdə	0.3
Jazzakkorden	dʒˈɛːsakˌɔɾdən	0.27
Jazzakkordes	dʒˈɛːsakˌɔɾdəs	0.27
Jazzakkords	dʒˈɛːsakˌɔɾts	0.3
Jazzband	dʒˈɛsbˌɛnt	0.5
Jazzbands	dʒˈɛsbˌɛnts	0.44
Jazzbude	dʒˈɛːsbˌuːdə	0.38
Jazzbuden	dʒˈɛːsbˌuːdən	0.33
Jazzclub	dʒˈɛːsklˌʊp	0.5
Jazzclubs	dʒˈɛːsklˌʊps	0.44
Jazzcombo	dʒˈɛːskˌɔmbo	0.33
Jazzcombos	dʒˈɛːskˌɔmbos	0.3
Jazzdance	dʒˈɛsdˌɑːns	0.38
Jazzer	dʒˈɛːsɜ	0.6
Jazzerin	dʒˈɛːsərɪn	0.43
Jazzerinnen	dʒˈɛːsərɪnən	0.4
Jazzern	dʒˈɛːsɜn	0.5
Jazzers	dʒˈɛːsɜs	0.5
Jazzfestival	dʒˈɛːsfˌɛstivəl	0.33
Jazzfestivals	dʒˈɛːsfˌɛstivəls	0.31
Jazzflöte	dʒˈɛsflˌøːtə	0.33
Jazzflöten	dʒˈɛsflˌøːtən	0.3
Jazzgymnastik	dʒˈɛsɡʏmnˌastɪk	0.31
Jazzhistorikerin	dʒˈɛːshɪstˌoːrɪkərɪn	0.27
Jazzhistorikerinnen	dʒˈɛːshɪstˌoːrɪkərɪnən	0.28
Jazzhistorikern	dʒˈɛːshɪstˌoːrɪkɜn	0.29
Jazzhistorikers	dʒˈɛːshɪstˌoːrɪkɜs	0.29
Jazzkapelle	dʒˈɛskapˌɛlə	0.3
Jazzkapellen	dʒˈɛskapˌɛlən	0.27
Jazzkeller	dʒˈɛːskˌɛlɜ	0.38
Jazzkellern	dʒˈɛːskˌɛlɜn	0.33
Jazzkellers	dʒˈɛːskˌɛlɜs	0.33
Jazzklub	dʒˈɛːsklˌʊp	0.5
Jazzkneipe	dʒˈɛːsknˌaɪpə	0.3
Jazzkneipen	dʒˈɛːsknˌaɪpən	0.27
Jazzlehrer	dʒˈɛːslˌeːrɜ	0.38
Jazzlehrern	dʒˈɛːslˌeːrɜn	0.33
Jazzlehrers	dʒˈɛːslˌeːrɜs	0.33
Jazzlokal	dʒˈɛːslokˌaːl	0.33
Jazzlokale	dʒˈɛːslokˌaːlə	0.3
Jazzlokalen	dʒˈɛːslokˌaːlən	0.27
Jazzlokals	dʒˈɛːslokˌaːls	0.3
Jazzmelodie	dʒˈɛːsmelodˌiː	0.4
Jazzmelodien	dʒˈɛːsmelodˌiːən	0.46
Jazzmusik	dʒˈɛːsmuzˌiːk	0.33
Jazzmusiker	dʒˈɛsmˌuːzɪkɜ	0.4
Jazzmusikerin	dʒˈɛsmˌuːzɪkərɪn	0.33
Jazzmusikerinnen	dʒˈɛsmˌuːzɪkərɪnən	0.33
Jazzmusikern	dʒˈɛsmˌuːzɪkɜn	0.36
Jazzmusikers	dʒˈɛsmˌuːzɪkɜs	0.36
Jazzpianist	dʒˈɛːspianˌɪst	0.27
Jazzplakat	dʒˈɛːsplakˌaːt	0.3
Jazzplakate	dʒˈɛːsplakˌaːtə	0.27
Jazzplakats	dʒˈɛːsplakˌaːts	0.27
Jazzplatte	dʒˈɛːsplˌatə	0.33
Jazzplatten	dʒˈɛːsplˌatən	0.3
Jazzprogramm	dʒˈɛːsproɡrˌam	0.36
Jazzprogramme	dʒˈɛːsproɡrˌamə	0.33
Jazzprogrammen	dʒˈɛːsproɡrˌamən	0.31
Jazzprogrammes	dʒˈɛːsproɡrˌaməs	0.31
Jazzprogramms	dʒˈɛːsproɡrˌams	0.33
Jazzquartett	dʒˈɛːskvaɾtˌɛt	0.27
Jazzquintett	dʒˈɛːskvɪntˌɛt	0.27
Jazzrhythmen	dʒˈɛːsrˌʏtmən	0.36
Jazzrhythmus	dʒˈɛːsrˌʏtmʊs	0.36
Jazzschlagzeuger	dʒˈɛːsʃlˌaːktsɔɪɡɜ	0.29
Jazzschlagzeugern	dʒˈɛːsʃlˌaːktsɔɪɡɜn	0.27
Jazzschlagzeugers	dʒˈɛːsʃlˌaːktsɔɪɡɜs	0.27
Jazzschuppen	dʒˈɛːsʃˌʊpən	0.33
Jazzschuppens	dʒˈɛːsʃˌʊpəns	0.3
Jazzsender	dʒˈɛːszˌɛndɜ	0.44
Jazzsendern	dʒˈɛːszˌɛndɜn	0.3
Jazzsenders	dʒˈɛːszˌɛndɜs	0.4
Jazzszene	dʒˈɛsstsˌeːnə	0.4
Jazzszenen	dʒˈɛsstsˌeːnən	0.36
Jazzsänger	dʒˈɛːszˌɛŋɜ	0.38
Jazzsängern	dʒˈɛːszˌɛŋɜn	0.33
Jazzsängers	dʒˈɛːszˌɛŋɜs	0.33
Jazztrompete	dʒˈɛstrɔmpˌeːtə	0.33
Jazztrompeten	dʒˈɛstrɔmpˌeːtən	0.31
Jazztrompeter	dʒˈɛstrɔmpˌeːtɜ	0.33
Jazzversion	dʒˈɛːsvɛɾzˌioːn	0.55
Jazzversionen	dʒˈɛːsvɛɾzˌioːnən	0.46
Jazzwelt	dʒˈɛːsvˌɛlt	0.5
Jazzzeitung	dʒˈɛːstsˌaɪtʊŋ	0.36
Jazzzeitungen	dʒˈɛːstsˌaɪtʊŋən	0.31
Jeanette	ʒanˈɛt	0.43
Jeanettes	ʒanˈɛts	0.38
Jeannette	ʒanˈɛt	0.43
Jeannettes	ʒanˈɛts	0.38
Jeanshemd	dʒˈiːnshˌɛmt	0.33
Jeanshemden	dʒˈiːnshˌɛmdən	0.27
Jeanshemdes	dʒˈiːnshˌɛmdəs	0.27
Jeanshemds	dʒˈiːnshˌɛmts	0.3
Jeanshose	dʒˈiːnshˌoːzə	0.33
Jeanshosen	dʒˈiːnshˌoːzən	0.3
Jeansjacke	dʒˈiːnsjˌakə	0.33
Jeansjacken	dʒˈiːnsjˌakən	0.3
Jedlesee	jˌeːdləzˈeː	0.29
Jeep	dʒiːp	0.75
Jeepfahrer	dʒˈiːpfˌaːrɜ	0.38
Jeepfahrerin	dʒˈiːpfˌaːrərɪn	0.3
Jeepfahrerinnen	dʒˈiːpfˌaːrərɪnən	0.33
Jeepfahrern	dʒˈiːpfˌaːrɜn	0.33
Jeepfahrers	dʒˈiːpfˌaːrɜs	0.33
Jeepney	dʒˈiːpni	0.83
Jeepneys	dʒˈiːpnis	0.71
Jeeps	dʒiːps	0.6
Jenewein	jˈeːnəvˌaɪn	0.88
Jeneweins	jˈeːnəvˌaɪns	0.89
Jenissei	jɛnɪsˈeːi	0.43
Jenisseis	jɛnɪsˈeːis	0.38
Jennifer	dʒˈɛnɪfə	0.57
Jennifers	dʒˈɛnɪfəs	0.5
Jerewan	jɛrɛvˈan	0.29
Jerez	çˈeːrɛs	0.67
Jerez de la Frontera	xerˈɛð ðe la frɔntˈera	0.28
Jerez de la Fronteras	xerˈɛð ðe la frɔntˈeras	0.26
Jerezwein	çˈeːrɛsvˌaɪn	0.3
Jerezweine	çˈeːrɛsvˌaɪnə	0.27
Jerezweins	çˈeːrɛsvˌaɪns	0.27
Jersey	dʒˈøːɾzi	0.83
Jerseys	dʒˈøːɾzis	0.71
Jetboot	dʒˈɛtbˌoːt	0.29
Jethro	dʒˈɛθɹɔʊ	1.0
Jethros	dʒˈɛθɹɔʊs	0.88
Jetlag	dʒˈɛtlɛk	0.43
Jetlags	dʒˈɛtlɛks	0.38
Jeton	ʒətˈɔ̃ː	0.8
Jetons	ʒətˈɔ̃ːs	0.67
Jetset	dʒˈɛtzɛt	0.43
Jetsets	dʒˈɛtzɛts	0.38
Jetstream	dʒˈɛtstrˌiːm	0.44
Jetstreams	dʒˈɛtstrˌiːms	0.4
Jett	dʒɛt	0.5
Jetts	dʒɛts	0.4
Jeus	ʒøːs	0.5
Jewelbox	dʒˈuːəlbˌɔks	0.33
Jewelboxen	dʒˈuːəlbˌɔksən	0.27
Jihad	dʒihˈaːt	0.5
Jihadist	dʒihadˈɪst	0.33
Jihadisten	dʒihadˈɪstən	0.27
Jina	dʒˈiːna	0.4
Jinas	dʒˈiːnas	0.33
Jingle	dʒˈɪŋəl	0.67
Jingles	dʒˈɪŋəls	0.57
Jingoismus	dʒɪŋɡoˈɪsmʊs	0.27
Jinzhou	dzɪndʒou	0.62
Jinzhous	dzˈɪndʒous	0.56
Jitterbug	dʒˈɪtɜbˌak	0.38
Jitterbugs	dʒˈɪtɜbˌaks	0.33
Jiu Jitsu	ʒiuʒitsu	0.62
Jiu Jitsus	ʒiuʒitsu	0.78
Jiu-Jitsu	dʒiːudʒˈɪtsu	0.5
Jiu-Jitsu-Griff	dʒiːudʒˈɪtsuɡrˌɪf	0.36
Jiu-Jitsu-Griffe	dʒiːudʒˈɪtsuɡrˌɪfə	0.33
Jiu-Jitsu-Griffen	dʒiːudʒˈɪtsuɡrˌɪfən	0.31
Jiu-Jitsu-Griffes	dʒiːudʒˈɪtsuɡrˌɪfəs	0.31
Jiu-Jitsu-Griffs	dʒiːudʒˈɪtsuɡrˌɪfs	0.33
Jiu-Jitsus	dʒiːudʒˈɪtsus	0.55
Jive	dʒaɪf	1.0
Jives	dʒaɪfs	0.83
Jobangebot	dʒˈɔpanɡəbˌoːt	0.64
Jobangebote	dʒˈɔpanɡəbˌoːtə	0.58
Jobangeboten	dʒˈɔpanɡəbˌoːtən	0.54
Jobangebotes	dʒˈɔpanɡəbˌoːtəs	0.54
Jobangebots	dʒˈɔpanɡəbˌoːts	0.58
Jobber	dʒˈɔbɜ	0.4
Jobberin	dʒˈɔbərɪn	0.29
Jobberinnen	dʒˈɔbərɪnən	0.33
Jobbern	dʒˈɔbɜn	0.33
Jobbers	dʒˈɔbɜs	0.33
Jobbeschreibung	dʒˈɔpbəʃrˌaɪbʊŋ	0.31
Jobbeschreibungen	dʒˈɔpbəʃrˌaɪbʊŋən	0.27
Jobbörse	dʒˈɔpbˌœɾzə	0.33
Jobbörsen	dʒˈɔpbˌœɾzən	0.3
Jobcenter	dʒˈɔpsˌɛntɜ	0.33
Jobcentern	dʒˈɔpsˌɛntɜn	0.3
Jobcenters	dʒˈɔpsˌɛntɜs	0.3
Jobgarantie	dʒˈɔpɡarantˌiː	0.27
Jobnomade	dʒˈɔpnomˌaːdə	0.3
Jobnomaden	dʒˈɔpnomˌaːdən	0.27
Jobnomadin	dʒˈɔpnomˌaːdɪn	0.27
Jobs	dʒɔps	0.4
Jobsharing	dʒˈɔpʃˌɛːrɪŋ	0.56
Jobsharings	dʒˈɔpʃˌɛːrɪŋs	0.5
Jobsuche	dʒˈɔpzˌuːxə	0.38
Jobsuchende	dʒˈɔpzˌuːxəndə	0.27
Jobsuchender	dʒˈɔpzˌuːxəndɜ	0.27
Jockette	dʒɔkˈɛtə	0.29
Jockey	dʒˈɔke	0.8
Jockeys	dʒˈɔkeːs	0.67
Jodgeruch	jˈoːtɡərˌʊx	0.38
Jodgeruches	jˈoːtɡərˌʊxəs	0.3
Jodgeruchs	jˈoːtɡərˌʊxs	0.33
Jodgerüche	jˈoːtɡərˌʏçə	0.3
Jodgerüchen	jˈoːtɡərˌyːçən	0.27
Jodwasserstoff	jˌoːtvˈasɜʃtɔf	0.27
Jogger	dʒˈɔɡɜ	0.4
Joggerin	dʒˈɔɡərɪn	0.29
Joggerinnen	dʒˈɔɡərɪnən	0.33
Joggern	dʒˈɔɡɜn	0.33
Joggers	dʒˈɔɡɜs	0.33
Jogging	dʒˈɔɡɪŋ	0.33
Joggings	dʒˈɔɡɪŋs	0.29
Joghurt	jˈoːɡʊɾt	0.43
Joghurts	jˈoːɡʊɾts	0.38
Johannesevangelium	johˈanəsevaŋɡˌeːliʊm	0.29
Johannesevangeliums	johˈanəsevaŋɡˌeːliʊms	0.28
Johannisschnitt	johˈanɪsʃnˌɪt	0.27
John	joːn	0.75
John Doe	dʒɔndˈɔʊ	0.29
Johns	joːns	0.6
Jointchen	dʒˈɔɪntçən	0.3
Jointchens	dʒˈɔɪntçəns	0.27
Jollof-Reis	dʒˈɔlɔfrˌaɪs	0.3
Jonessund	dʒˈɔʊnszˌʊnt	0.6
Jonessunds	dʒˈɔʊnszˌʊnts	0.55
Jonestown	dʒˈɔʊnstˌaʊn	0.7
Jonestowns	dʒˈɔʊnstˌaʊns	0.64
Jonglage	ʒɔŋɡlˈaːʒə	0.38
Jonglagen	ʒɔŋɡlˈaːʒən	0.33
Jongleur	ʒɔ̃ɡlˈøːɾ	0.43
Jongleure	ʒɔ̃ɡlˈøːrə	0.38
Jongleuren	ʒɔ̃ɡlˈøːrən	0.33
Jongleurin	ʒɔ̃ɡlˈøːrɪn	0.44
Jongleurinnen	ʒɔ̃ɡlˈøːrɪnən	0.36
Jongleurs	ʒɔ̃ɡlˈøːɾs	0.38
Jongliergewicht	ʒɔ̃ɡlˈiːɾɡəvˌɪçt	0.29
Jongliergewichte	ʒɔ̃ɡlˈiːɾɡəvˌɪçtə	0.27
Jongliergewichts	ʒɔ̃ɡlˈiːɾɡəvˌɪçts	0.27
Jonnys	dʒˈɔnis	0.5
Joruri	dʒˈoːruri	0.29
Joruris	dʒˈoːruris	0.38
Josephson-Effekt	dʒˈɔʊzəfsənɛfˌɛkt	0.47
Josephson-Effekte	dʒˈɔʊzəfsənɛfˌɛktə	0.44
Josephson-Effekten	dʒˈɔʊzəfsənɛfˌɛktən	0.41
Josephson-Effektes	dʒˈɔʊzəfsənɛfˌɛktəs	0.41
Josephson-Effekts	dʒˈɔʊzəfsənɛfˌɛkts	0.44
Joshua	jˈoːzua	0.5
Joshuas	jˈoːzuas	0.43
Joule	dʒuːl	0.75
Joules	dʒuːls	0.6
Jour fixe	ʒˈuːɾ fˈiks	0.38
Jourdan	ʒuɾdˈɑ̃	0.33
Jourdans	ʒuɾdˈɑ̃s	0.29
Journaille	ʒʊɾnˈaljə	0.5
Journale	ʒʊɾnˈaːlə	0.29
Journalistik	ʒʊɾnalˈɪstɪk	0.27
Journals	ʒʊɾnˈaːls	0.29
Jours fixes	ʒˈuːɾ fˈiks	0.5
Ju-Jitsu	dʒiːudʒˈɪtsu	0.6
Ju-Jitsus	dʒiːudʒˈɪtsus	0.64
Juba	dʒˈuːba	0.4
Jubas	dʒˈuːbas	0.33
Judenstern	jˈuːdənʃtˌɛɾn	0.3
Judensterns	jˈuːdənʃtˌɛɾns	0.27
Jugs	dʒaks	0.6
Juist	jyːst	0.4
Juists	jyːsts	0.33
Juju	dʒˈuːdʒuː	0.67
Jujus	dʒˈuːdʒuːs	0.71
Jujutsu	ʒuʒutsu	0.71
Jujutsus	ʒuʒutsus	0.75
Jukebox	dʒˈuːkbˌɔks	0.38
Jukeboxen	dʒˈuːkbɔksən	0.3
Jukeboxes	dʒˈuːkbɔksɪs	0.4
Julfest	jˈuːlfˌɛst	0.29
Julien	jˈuːliən	0.29
Julienne	ʒylˈiɛn	0.67
Juliennes	ʒylˈiɛn	0.71
Juliette	ʒyljˈɛt	0.83
Juliettes	ʒyljˈɛts	0.71
Julikrise	jˈuːlikrˌiːzə	0.33
Julmond	jˈuːlmˌoːnt	0.29
Jumelage	ʒyməlˈaːʒə	0.38
Jumelagen	ʒyməlˈaːʒən	0.33
Jumper	dʒˈampɜ	0.5
Jumpern	dʒˈampɜn	0.43
Jumpers	dʒˈampɜs	0.43
Jumpseat	dʒˈampsˌiːt	0.75
Jumpseats	dʒˈampsˌiːts	0.67
Junggesellin	jˈʊŋɡəzˌɛlɪn	0.3
Jungingenieur	jˈʊŋɪnʒenˌiøːɾ	0.36
Jungingenieure	jˈʊŋɪnʒenˌiøːrə	0.33
Jungingenieuren	jˈʊŋɪnʒenˌiøːrən	0.31
Jungingenieurs	jˈʊŋɪnʒenˌiøːɾs	0.33
Jungle	dʒˈaŋəl	0.83
Jungles	dʒˈaŋəls	0.71
Junior	jˈuːnioːɾ	0.29
Juniorchefin	jˈuːnioːɾʃˌɛfɪn	0.38
Juniorchefinnen	jˈuːnioːɾʃˌɛfɪnən	0.33
Junkfood	dʒˈaŋkfuːd	0.62
Junkfoods	dʒˈaŋkfuːds	0.56
Junkiemutter	dʒˈaŋkimˌʊtɜ	0.4
Junkiemütter	dʒˈaŋkimˌʏtɜ	0.4
Junkiemüttern	dʒˈaŋkimˌʏtɜn	0.36
Junkies	dʒˈaŋkis	0.57
Junkietreff	dʒˈaŋkitrˌɛf	0.4
Junkietreffs	dʒˈaŋkitrˌɛfs	0.36
Jupon	ʒypˈɔ̃ː	0.8
Jupons	ʒypˈɔ̃ːs	0.67
Juristenjargon	jurˈɪstənʒaɾɡˌɔ̃ː	0.29
Juristenjargons	jurˈɪstənʒaɾɡˌɔ̃ːs	0.27
Jury	ʒˈyːri	0.5
Jurymitglied	ʒˈyːrimɪtɡlˌiːt	0.27
Jurys	ʒˈyːris	0.6
Justin	dʒˈastɪn	0.43
Justins	dʒˈastɪns	0.38
Justizthriller	jʊstˈiːtsθrˌɪlɜ	0.67
Justizthrillern	jʊstˈiːtsθrˌɪlɜn	0.62
Justizthrillers	jʊstˈiːtsθrˌɪlɜs	0.69
Jülichs	jˈyːlɪçs	0.29
J’accuse	ʒakˈyːs	0.62
KI-Bot	kaˈiːbˌɔt	0.33
KI-Bots	kaiːbˌɔts	0.29
KSchG	kaːʃeːɡˈeː	0.55
Kabuse	kabˈuːzə	0.33
Kabusen	kabˈuːzən	0.29
Kaddig	kˈadɪk	0.33
Kaddigs	kˈadɪks	0.29
Kafenion	kafˈɛniɔn	0.38
Kafenions	kafˈɛniɔns	0.33
Kaffeepläuschen	kˈafeplˌɔɪʃən	0.31
Kahba	kahbɜ	0.4
Kahbas	kahbɜs	0.33
Kairoi	kairˈɔɪ	0.5
Kaizen	kˈaɪzɛn	0.43
Kalbsmedaillon	kˈalpsmedaljˌɔ̃ː	0.31
Kalbsmedaillons	kˈalpsmedaljˌɔ̃ːs	0.29
Kalliope	kalˈiːope	0.38
Kalliopes	kalˈiːopes	0.33
Kalorienbedarf	kalorˈiːənbədˌaɾf	0.27
Kalorienverbräuche	kalorˈiːənfɛɾbrˌɔɪçə	0.28
Kalorienverbräuchen	kalorˈiːənfɛɾbrˌɔɪçən	0.26
Kalsade	ɡɜlsˈɔːdə	0.71
Kaltwasser-Geysir	kˈaltvasaɡˌaɪzɪɾ	0.29
Kaltwasser-Geysire	kˈaltvasaɡˌaɪzɪrə	0.27
Kaltwasser-Geysirs	kˈaltvasaɡˌaɪzɪɾs	0.27
Kalumet	kalumˈɛt	0.29
Kambodschanisch	kambodʒˈaːnɪʃ	0.27
Kamelie	kamˈeːliə	0.38
Kamelien	kamˈeːliən	0.33
Kameracrew	kˈamərakrˌuː	0.33
Kameracrews	kˈamərakrˌuːs	0.4
Kamerahandy	kˈamərahɛndi	0.3
Kamerahandys	kˈamərahɛndis	0.36
Kamerunnuss	kamərˈuːnnˌʊs	0.33
Kamerunnüsse	kamərˈuːnnˌʏsə	0.3
Kamerunnüssen	kamərˈuːnnˌʏsən	0.27
Kammerdiener	kˈamɜdˌiːnɜ	0.3
Kammmolchs	kˈammˌɔlçs	0.33
Kampfgeräuschen	kˈampfɡərˌɔɪʃən	0.33
Kampfjet	kˈampfdʒˌɛt	0.33
Kampfjets	kˈampfdʒˌɛts	0.3
Kanaille	kanˈaljə	0.29
Kanarienvögel	kanˈaːriənfˌøːɡəl	0.29
Kanarienvögeln	kanˈaːriənfˌøːɡəln	0.27
Kaninchenbaby	kanˈiːnçənbˌeːbi	0.36
Kaninchenbabys	kanˈiːnçənbˌeːbis	0.4
Kanji	kˈandʒiː	0.33
Kanjis	kˈandʒiːs	0.43
Kansas Citys	kˈanzas sˈɪtis	0.27
Kantonnement	kantɔnəmˈɑ̃ː	0.36
Kantonnemente	kantɔnəmˈɑ̃ːə	0.33
Kantonnementen	kantɔnəmˈɑ̃ːən	0.31
Kantonnements	kantɔnəmˈɑ̃ːs	0.33
Kapellengebäude	kapˈɛlənɡəbˌɔɪdə	0.29
Kapellengebäuden	kapˈɛlənɡəbˌɔɪdən	0.27
Kapellengebäudes	kapˈɛlənɡəbˌɔɪdəs	0.27
Kapellenneubau	kapˈɛlənnˌɔɪbaʊ	0.31
Kapellenneubaues	kapˈɛlənnˌɔɪbaʊəs	0.27
Kapellenneubaus	kapˈɛlənnˌɔɪbaʊs	0.29
Kapellenstock	kapˈɛlənʃtˌɔk	0.27
Kapernsauce	kˈaːpɜnzˌoːsə	0.36
Kapernsaucen	kˈaːpɜnzˌoːsən	0.33
Kaphase	kˈaphˌaːzə	0.29
Kapitalien	kapitˈaːliən	0.27
Kapuzenshirt	kapˈuːtsənʃˌœːɾt	0.31
Kapuzenshirts	kapˈuːtsənʃˌœːɾts	0.29
Karadsch	karˈadʒ	0.33
Karadschs	karˈadʒs	0.29
Karelien	karˈeːliən	0.33
Kareliens	karˈeːliəns	0.3
Karottenjeans	karˈɔtəndʒˌiːns	0.33
Karriereaussicht	karˈieːrəˌaʊszɪçt	0.27
Karrierechance	karˈieːrəʃˌɑ̃ːs	0.31
Karriereende	karˈieːrəˌɛndə	0.36
Karriereenden	karˈieːrəˌɛndən	0.33
Karriereendes	karˈieːrəˌɛndəs	0.33
Karrierekrise	karˈieːrəkrˌiːzə	0.38
Karrierekrisen	karˈieːrəkrˌiːzən	0.36
Karriereschub	karˈieːrəʃˌuːp	0.27
Karriereverlauf	karˈieːrəfɛɾlˌaʊf	0.36
Karriereverlaufe	karˈieːrəfɛɾlˌaʊfə	0.33
Karriereverlaufes	karˈieːrəfɛɾlˌaʊfəs	0.31
Karriereverlaufs	karˈieːrəfɛɾlˌaʊfs	0.33
Karriereverläufe	karˈieːrəfɛɾlˌɔɪfə	0.4
Karriereverläufen	karˈieːrəfɛɾlˌɔɪfən	0.38
Karriol	karˈioːl	0.29
Karton	kaɾtˈɔ̃ː	0.33
Kartons	kaɾtˈɔ̃ːs	0.29
Kaschumbe	ɡɜʃˈumbə	0.43
Kasein	kazeˈiːn	0.33
Kaseine	kazeˈiːnə	0.29
Kaseins	kazeˈiːns	0.29
Kasernengebäude	kazˈɛɾnənɡəbˌɔɪdə	0.27
Katachrese	kataçrˈeːzə	0.4
Kation	kˈatioːn	0.29
Kaubonbon	kˈaʊbɔŋbˌɔŋ	0.33
Kaubonbons	kˈaʊbɔŋbˌɔŋs	0.3
Kaufangebot	kˈaʊfanɡəbˌoːt	0.27
Kaufräuschen	kˈaʊfrˌɔɪʃən	0.33
Kaugeräuschen	kˈaʊɡərˌɔɪʃən	0.38
Kautschukware	kˈaʊtʃʊkvˌaːrə	0.55
Kayseri	kˈɑisɛri	0.43
Kayseris	kˈɑisɛris	0.5
Kazoo	kɛzˈuː	0.6
Kazoos	kɛzˈuːs	0.67
Kebse	kˈeːpsə	0.4
Kebsen	kˈeːpsən	0.33
Kebser	kˈeːpsɜ	0.4
Kebsern	kˈeːpsɜn	0.5
Kebsers	kˈeːpsɜs	0.5
Kebsin	kˈeːpsɪn	0.67
Kebsinnen	kˈeːpsɪnən	0.38
Kehillah	kəhilˈaː	0.5
Kehillot	kəhilˈɔt	0.57
Kekse	kˈeːksə	0.4
Keksen	kˈeːksən	0.33
Kekses	kˈeːksəs	0.33
Keksschachtel	kˈeːksʃˌaxtəl	0.27
Keksschale	kˈeːksʃˌaːlə	0.33
Keksschalen	kˈeːksʃˌaːlən	0.3
Kelchs	kɛlçs	0.33
Kellereingang	kˈɛlɜˌaɪnɡaŋ	0.3
Kellereingange	kˈɛlɜˌaɪnɡaŋə	0.27
Kellereingangs	kˈɛlɜˌaɪnɡaŋs	0.27
Kellereingänge	kˈɛlɜˌaɪnɡɛŋə	0.27
Kellien	kˈɛliən	0.29
Kellion	kˈɛliɔn	0.33
Kellions	kˈɛliɔns	0.29
Kemerowo	kˈɛːmɛrɔvɔ	0.5
Kemerowos	kˈɛːmɛrɔvɔs	0.44
Kerngebiet	kˈɛɾnɡəbˌiːt	0.33
Kerngebiete	kˈɛɾnɡəbˌiːtə	0.3
Kerngebieten	kˈɛɾnɡəbˌiːtən	0.27
Kerngebietes	kˈɛɾnɡəbˌiːtəs	0.27
Kerngebiets	kˈɛɾnɡəbˌiːts	0.3
Kerngedanke	kˈɛɾnɡədˌaŋkə	0.27
Kerngedankens	kˈɛɾnɡədˌaŋkəns	0.31
Kerngehäuse	kˈɛɾnɡəhˌɔɪzə	0.45
Kerngehäusen	kˈɛɾnɡəhˌɔɪzən	0.42
Kerngehäuses	kˈɛɾnɡəhˌɔɪzəs	0.42
Kerngeschäft	kˈɛɾnɡəʃˌɛft	0.3
Kerngeschäfte	kˈɛɾnɡəʃˌɛftə	0.27
Kerngeschäfts	kˈɛɾnɡəʃˌɛfts	0.27
Keusen	kˈɔɪzən	0.33
Keusens	kˈɔɪzəns	0.29
Kews	kjuːs	0.5
Key-Visual	kˈiː vˌizuɛl	0.33
Key-Visuals	kˈiːvˌizuɛls	0.3
Keyboard	kˈiːbˌoːɾt	0.5
Keyboarder	kˈiːbɔːɾdɜ	0.29
Keyboarderin	kˈiːbɔːɾdərɪn	0.33
Keyboarderinnen	kˈiːbɔːɾdərɪnən	0.27
Keyboarders	kˈiːbɔːɾdɜs	0.38
Keyboards	kˈiːboːɾts	0.57
Keyboardspieler	kˈiːbˌɔɾtʃpˌiːlɜ	0.36
Keyboardspielerin	kˈiːbˌɔɾtʃpˌiːlərɪn	0.38
Keyboardspielerinnen	kˈiːbˌɔɾtʃpˌiːlərɪnən	0.33
Keyboardspielern	kˈiːbˌɔɾtʃpˌiːlɜn	0.33
Keyboardspielers	kˈiːbˌɔɾtʃpˌiːlɜs	0.42
Keyfob	kˈiːfˌɔp	0.5
Keyfobs	kˈiːfˌɔps	0.43
Keylogger	kˈiːlˌɔɡɜ	0.29
Khakihut	kˈaːkihˌuːt	0.29
Khartoum	kˈaɾtʊm	0.29
Khartum	kˈaɾtʊm	0.29
Khichri	kˈɪtʃri	0.5
Khichris	kˈɪtʃris	0.56
Khmers	kmeːɾs	0.38
Khomas	kˈoːmas	0.29
Khomas’	kˈoːmas	0.29
Khyber Pakhtunkhwa	xˌaɪbɜpaxtˈuːnxva	0.53
Khyber Pakhtunkhwas	xˌaɪbɜpaxtˈuːnxvas	0.5
Kibbeh	kˈibɛ	0.5
Kibibyte	kˈiːbibˌaɪt	0.38
Kibibytes	kˈiːbibˌaɪts	0.33
Kichererbse	kˈɪçɜˌɛɾpsə	0.3
Kichererbsen	kˈɪçɜˌɛɾpsən	0.27
Kichererbsensalat	kˈɪçɜɛɾpsənzalˌaːt	0.31
Kichererbsensalate	kˈɪçɜɛɾpsənzalˌaːtə	0.29
Kichererbsensalaten	kˈɪçɜɛɾpsənzalˌaːtən	0.28
Kichererbsensalates	kˈɪçɜɛɾpsənzalˌaːtəs	0.28
Kichererbsensalats	kˈɪçɜɛɾpsənzalˌaːts	0.29
Kidnapper	kˈɪtnˌɛpɜ	0.29
Kidneybohne	kˈɪtnibˌoːnə	0.3
Kidneybohnen	kˈɪtnibˌoːnən	0.27
Kieferngeruch	kˈiːfɜnɡərˌʊx	0.3
Kieferngeruchs	kˈiːfɜnɡərˌʊxs	0.27
Kieferngewächs	kˈiːfɜnɡəvˌɛks	0.36
Kieferngewächse	kˈiːfɜnɡəvˌɛksə	0.33
Kieferngewächsen	kˈiːfɜnɡəvˌɛksən	0.31
Kieferngewächses	kˈiːfɜnɡəvˌɛksəs	0.31
Kikis	kˈɪkis	0.4
Kilkenny	kɪlkˈɛnɪ	0.29
Kilobyte	kˈiːlobˌaɪt	0.38
Kilobytes	kˈiːlobˌaɪts	0.33
Kilojoule	kˈiːlodʒˌuːl	0.38
Kilojoules	kˈiːlodʒˌuːls	0.33
Kilonewtons	kˈiːlonjˌuːtəns	0.27
Kimchi	kˈɪmtʃi	0.33
Kimchis	kˈɪmtʃis	0.43
Kinobranche	kˈiːnobrˌɑ̃ːʃə	0.36
Kinobranchen	kˈiːnobrˌɑ̃ːʃən	0.33
Kinopremiere	kˈiːnoprəmˌieːrə	0.31
Kinopremieren	kˈiːnoprəmˌieːrən	0.29
Kinosterben	kˈiːnoʃtˌɛɾbəm	0.36
Kinosterbens	kˈiːnoʃtˌɛɾbəms	0.33
Kiosk	kˈiːɔsk	0.5
Kioskbesitzer	kˈiːɔskbəzˌɪtsɜ	0.31
Kioskbesitzern	kˈiːɔskbəzˌɪtsɜn	0.29
Kioskbesitzers	kˈiːɔskbəzˌɪtsɜs	0.29
Kioskbetreiber	kˈiːɔskbətrˌaɪbɜ	0.29
Kioskbetreibern	kˈiːɔskbətrˌaɪbɜn	0.27
Kioskbetreibers	kˈiːɔskbətrˌaɪbɜs	0.27
Kioske	kˈiːɔskə	0.43
Kiosken	kˈiːɔskən	0.38
Kioskes	kˈiːɔskəs	0.38
Kiosks	kˈiːɔsks	0.43
Kioto	kiˈoːto	0.33
Kiotos	kiˈoːtos	0.29
Kiowa	kˈaɪova	0.33
Kirchendiener	kˈɪɾçəndˌiːnɜ	0.31
Kirchspiel	kˈɪɾçʃpˌiːl	0.33
Kirchspiele	kˈɪɾçʃpˌiːlə	0.3
Kirchspielen	kˈɪɾçʃpˌiːlən	0.27
Kirchspiels	kˈɪɾçʃpˌiːls	0.3
Kirgise	kɪɾɡˈiːzə	0.29
Kirisits	kˈiriʃɪtʃ	0.38
Kirisits’	kˈiriʃɪtʃs	0.33
Kiritimati	kirˈɪsmas	0.5
Kiritimatis	kirˈɪsmas	0.45
Kisuahelis	kizuahˈeːlis	0.3
Kiswahilis	kisvahˈiːlis	0.3
Kitharodien	kitarodˈiːən	0.27
Kittsee	kitsˈeː	0.4
Kittsees	kitsˈeːs	0.33
Klamath	klˈɛməθ	0.5
Klamaths	klˈɛməθs	0.43
Klappcouch	klˈapkˌaʊtʃ	0.44
Klappcouchen	klˈapkˌaʊtʃən	0.36
Klappcouchs	klˈapkˌaʊtʃs	0.4
Klapperstorches	klˈapɜʃtˌɔɾçəs	0.31
Klapphandys	klˈaphˌɛndis	0.3
Klassementfahrer	klasəmˈɑ̃ːfˌaːrɜ	0.31
Klassementfahrern	klasəmˈɑ̃ːfˌaːrɜn	0.29
Klassementfahrers	klasəmˈɑ̃ːfˌaːrɜs	0.29
Klavierjazz	klavˈiːɾdʒˌɛs	0.3
Kleingebäck	klˈaɪnɡəbˌɛk	0.3
Kleingebäcke	klˈaɪnɡəbˌɛkə	0.27
Kleingebäcks	klˈaɪnɡəbˌɛks	0.27
Kleingemünd	klaɪnɡəmˈʏnt	0.27
Kleingewerbe	klˈaɪnɡəvˌɛɾbə	0.33
Kleingewerben	klˈaɪnɡəvˌɛɾbən	0.31
Kleingewerbes	klˈaɪnɡəvˌɛɾbəs	0.31
Kleinwuchses	klˈaɪnvˌuːksəs	0.27
Klickgeräuschen	klˈɪkɡərˌɔɪʃən	0.36
Klient	kliˈɛnt	0.29
Klieschen	klˈiːʃən	0.38
Klio	klˈiːo	0.4
Klios	klˈiːos	0.33
Klopfgeräuschen	klˈɔpfɡərˌɔɪʃən	0.33
Klubobleute	klˈʊpɔplˌɔɪtə	0.36
Klubobleuten	klˈʊpɔplˌɔɪtən	0.33
Klubobmann	klˈʊpɔpmˌan	0.33
Klubobmannes	klˈʊpɔpmˌanəs	0.27
Klubobmanns	klˈʊpɔpmˌans	0.3
Klubobmänner	klˈʊpɔpmˌɛnɜ	0.3
Klubobmännern	klˈʊpɔpmˌɛnɜn	0.27
Knallcharge	knˈalʃˌaɾʒə	0.3
Knallchargen	knˈalʃˌaɾʒən	0.27
Knallgeräuschen	knˈalɡərˌɔɪʃən	0.36
Knarzgeräuschen	knˈaɾtsɡərˌɔɪʃən	0.31
Knasttattoos	knˈasttɛtˌuːs	0.3
Knilchs	knɪlçs	0.29
Knochenjob	knˈɔxəndʒˌɔp	0.3
Knochenjobs	knˈɔxəndʒˌɔps	0.27
Know-how	noːhˈaʊ	0.57
Know-hows	noːhˈaʊs	0.5
Knowles	noʊls	0.57
Knowlesens	nˈoʊlzəns	0.4
Knowles’	noʊls	0.57
Kochemer	kˈoːxəmɜ	0.33
Kochemern	kˈoːxəmɜn	0.29
Kochemers	kˈoːxəmɜs	0.29
Kochshow	kˈɔxʃˌɔʊ	0.57
Kochshows	kˈɔxʃˌɔʊs	0.5
Kochum	kˈoːxum	0.4
Kochums	kˈoːxums	0.33
Kode	koːt	0.5
Kodein	kodeˈiːn	0.33
Kodeins	kodeˈiːns	0.29
Kodes	koːts	0.4
Kodonostasion	kodonoʃtˈaziɔn	0.31
Kodonostasions	kodonoʃtˈaziɔns	0.29
Koehle	kˈøːlə	0.4
Koehles	kˈøːləs	0.33
Koffein	kɔfeˈiːn	0.33
Koffeins	kɔfeˈiːns	0.29
Koffeinsucht	kɔfeˈiːnzˌʊxt	0.3
Kohelet	kohˈeːlɛt	0.43
Koheleth	kohˈeːlɛt	0.43
Koheleths	kohˈeːlɛts	0.38
Kohelets	kohˈeːlɛts	0.38
Kohlendioxidgehalt	koːləndˈiːɔksiːtɡəhˌalt	0.39
Kohlendioxidgehalte	koːləndˈiːɔksiːtɡəhˌaltə	0.37
Kohlendioxidgehalten	koːləndˈiːɔksiːtɡəhˌaltən	0.35
Kohlendioxidgehaltes	koːləndˈiːɔksiːtɡəhˌaltəs	0.35
Kohlendioxidgehalts	koːləndˈiːɔksiːtɡəhˌalts	0.37
Kohlendioxids	kˌoːləndˈiːɔksiːts	0.29
Kohlendioxidspiegel	koːləndˈiːɔksiːtʃpˌiːɡəl	0.26
Kohlenstoffdioxids	kˌoːlənʃtɔfdˈiːɔksiːts	0.28
Kohlestrichs	kˈoːləʃtrˌɪçs	0.27
Kohlevorrat	kˈoːləfˌoːɾraːt	0.4
Kohlevorrates	kˈoːləfˌoːɾraːtəs	0.33
Kohlevorrats	kˈoːləfˌoːɾraːts	0.36
Kohlevorräte	kˈoːləfˌoːɾrɛːtə	0.36
Kohlevorräten	kˈoːləfˌoːɾrɛːtən	0.33
Kohlewaggon	kˈoːləvaɡˌɔŋ	0.33
Kohlewaggons	kˈoːləvaɡˌɔŋs	0.3
Koinai	kɔɪnˈaɪ	0.33
Koine	kɔɪnˈeː	0.6
Kokaingeld	kokaˈiːnɡˌɛlt	0.3
Kokaingelder	kokaˈiːnɡˌɛldɜ	0.27
Kokaingelds	kokaˈiːnɡˌɛlts	0.27
Kokaingeschäft	kokaˈiːnɡəʃˌɛft	0.33
Kokaingeschäfte	kokaˈiːnɡəʃˌɛftə	0.31
Kokaingeschäften	kokaˈiːnɡəʃˌɛftən	0.29
Kokaingeschäftes	kokaˈiːnɡəʃˌɛftəs	0.29
Kokaingeschäfts	kokaˈiːnɡəʃˌɛfts	0.31
Kokon	kokˈɔ̃ː	0.4
Kokons	kokˈɔ̃ːs	0.33
Kokosöl	kˈoːkɔsˌøːl	0.29
Koksdealer	kˈoːksdˌiːlɜ	0.33
Koksdealern	kˈoːksdˌiːlɜn	0.3
Koksdealers	kˈoːksdˌiːlɜs	0.3
Kokse	kˈoːksə	0.4
Koksen	kˈoːksən	0.33
Koksens	kˈoːksəns	0.29
Kokser	kˈoːksɜ	0.4
Kokserin	kˈoːksərɪn	0.29
Kokserinnen	kˈoːksərɪnən	0.3
Koksern	kˈoːksɜn	0.33
Koksers	kˈoːksɜs	0.33
Kokses	kˈoːksəs	0.33
Kolloquien	kɔlˈɔkviən	0.3
Kolonialware	kolonˈiaːlvˌaːrə	0.69
Komfort	kɔmfˈoːɾ	0.29
Komitadschis	komitˈadʒis	0.3
Kommis	kɔmˈiː	0.4
Kommissionschef	kɔmɪsˈioːnsʃˌɛf	0.33
Kommissionschefin	kɔmɪsˈioːnsʃˌɛfɪn	0.29
Kommissionschefs	kɔmɪsˈioːnsʃˌɛfs	0.31
Kompagnien	kɔmpanˈiːən	0.27
Kompagnon	kɔmpanjˈɔ̃ː	0.44
Kompagnons	kɔmpanjˈɔ̃ːs	0.4
Konditional I	kɔnditsionˈaːl aɪns	0.31
Konditional II	kɔnditsionˈaːl tsvaɪ	0.27
Konditionals I	kɔnditsionˈaːls aɪns	0.29
Konditionals II	kɔnditsionˈaːls tsvaɪ	0.26
Konjunktiv I	kˈɔnjʊŋktiːf ˈaɪns	0.29
Konjunktive I	kˈɔnjʊŋktiːvə ˈaɪns	0.27
Konjunktivs I	kˈɔnjʊŋktiːfs ˈaɪns	0.27
Konkurs	kɔŋkˈʊɾs	0.29
Konsommee	kõsɔmˈeː	0.43
Konsommees	kõsɔmˈeːs	0.38
Konsumräuschen	kɔnzˈuːmrˌɔɪʃən	0.36
Konsumsteuer	kɔnzˈuːmʃtˌɔɪɜ	0.27
Konsumware	kɔnzˈuːmvˌaːrə	0.5
Kontenance	kõtənˈɑ̃ːs	0.44
Kontinentalklima	kɔntinɛntˈaːlklˌiːma	0.31
Kontinentalklimas	kɔntinɛntˈaːlklˌiːmas	0.35
Kontinentalklimate	kɔntinɛntˈaːlklimˌaːtə	0.39
Kontinentalklimaten	kɔntinɛntˈaːlklimˌaːtən	0.32
Kontinentalkongresse	kɔntinɛntˈaːlkɔŋɡrˌɛsə	0.26
Kontinentalkongresses	kɔntinɛntˈaːlkɔŋɡrˌɛsəs	0.3
Konvoi	kɔnvˈɔɪ	0.33
Kooperationserhaltungshypothese	koopəratsioːnsɛɾhˈaltʊŋshypotˌeːzə	0.28
Kopeckys	kopˈɛtskis	0.33
Kopfairbag	kˈɔpfˌɛːɾbɛk	0.3
Kopfairbags	kˈɔpfˌɛːɾbɛks	0.27
Kopfballungeheuer	kˈɔpfbalˌʊnɡəhɔɪɜ	0.33
Kopfballungeheuern	kˈɔpfbalˌʊnɡəhɔɪɜn	0.31
Kopfballungeheuers	kˈɔpfbalˌʊnɡəhɔɪɜs	0.31
Kordon	kɔɾdˈɔ̃ː	0.33
Kordons	kɔɾdˈɔ̃ːs	0.29
Korps	koːɾ	0.6
Korpsgeist	kˈoːɾɡaɪst	0.3
Korrosionsschutz	kɔrozˈioːnsʃˌʊts	0.27
Kosovos	kˈɔsovos	0.29
Kosrae	koʃrˈaːeː	0.67
Kosraes	koʃrˈaːeːs	0.57
Kotbeutelspender	kˈoːtbɔɪtəlʃpˌɛndɜ	0.33
Kotbeutelspenders	kˈoːtbɔɪtəlʃpˌɛndɜs	0.31
Kotelett	kɔtlˈɛt	0.29
Kothäufchen	kˈoːthˌɔɪfçən	0.27
Kotillion	kˈɔtɪljɔ̃	0.38
Kotillon	kˈɔtɪljɔ̃	0.5
Kotillons	kˈɔtɪljɔ̃s	0.44
Kotrest	kˈoːtrˌɛst	0.29
Kotstau	kˈoːtʃtˌaʊ	0.29
Kowloon	kaʊlˈuːn	0.5
Kowloons	kaʊlˈuːns	0.43
Krabbensandwich	krˈabənsˌɛntvɪtʃ	0.36
Krabbensandwiche	krˈabənsˌɛntvɪtʃə	0.33
Krabbensandwichen	krˈabənsˌɛntvɪtʃən	0.31
Krabbensandwiches	krˈabənsˌɛntvɪtʃəs	0.31
Krabbensandwichs	krˈabənsˌɛntvɪtʃs	0.33
Kranewit	krˈaːnəvɪt	0.62
Kranewiten	krˈaːnəvɪtən	0.45
Kranewits	krˈaːnəvɪts	0.56
Krankenhausservice	krˈaŋkənhaʊssˌœːɾvɪs	0.35
Krankenhausservices	krˈaŋkənhaʊssˌœːɾvɪsəs	0.26
Krankenschwester	krˈaŋkəŋʃvˌɛstɜ	0.31
Kratzgeräuschen	krˈatsɡərˌɔɪʃən	0.33
Krebbelche	krˈəbəlʃə	0.44
Krebsangst	krˈeːpsˌaŋst	0.33
Krebsart	krˈeːpsˌaːɾt	0.38
Krebsarten	krˈeːpsˌaːɾtən	0.3
Krebse	krˈeːpsə	0.33
Krebsen	krˈeːpsən	0.29
Krebserkennung	krˈeːpsɛɾkˌɛnʊŋ	0.33
Krebserkrankung	krˈeːpsɛɾkrˌaŋkʊŋ	0.36
Krebserkrankungen	krˈeːpsɛɾkrˌaŋkʊŋən	0.31
Krebses	krˈeːpsəs	0.29
Krebsoperation	krˈeːpsopəratsˌioːn	0.33
Krebsoperationen	krˈeːpsopəratsˌioːnən	0.29
Krebsschere	krˈeːpsʃˌeːrə	0.33
Krebsscheren	krˈeːpsʃˌeːrən	0.3
Krebsängste	krˈeːpsˌɛŋstə	0.3
Krebsängsten	krˈeːpsˌɛŋstən	0.27
Kreditzins	kredˈiːttsˌɪns	0.27
Krejci	krˈɛɪtʃi	0.43
Krejcis	krˈɛɪtʃis	0.5
Kremes	krɛːms	0.33
Kretin	kretˈɛ̃ː	0.33
Kretins	kretˈɛ̃ːs	0.29
Kreuzstichs	krˈɔɪtsʃtˌɪçs	0.33
Kreuzzug	krˈɔɪtstsˌuːk	0.3
Kreuzzuge	krˈɔɪtstsˌuːɡə	0.27
Kreuzzugs	krˈɔɪtstsˌuːks	0.27
Kreuzzugsheer	krˈɔɪtstsuːkshˌeːɾ	0.29
Kreuzzugsheere	krˈɔɪtstsuːkshˌeːrə	0.27
Kreuzzugsheers	krˈɔɪtstsuːkshˌeːɾs	0.27
Kreuzzüge	krˈɔɪtstsˌyːɡə	0.27
Kreuzzügler	krˈɔɪtstsˌyːklɜ	0.33
Kreuzzüglern	krˈɔɪtstsˌyːklɜn	0.31
Kreuzzüglers	krˈɔɪtstsˌyːklɜs	0.31
Kriechspur	krˈiːçʃpˌuːɾ	0.33
Kriechspuren	krˈiːçʃpˌuːrən	0.27
Kriechstrom	krˈiːçʃtrˌoːm	0.3
Kriechstrome	krˈiːçʃtrˌoːmə	0.27
Kriechstroms	krˈiːçʃtrˌoːms	0.27
Kriechströme	krˈiːçʃtrˌøːmə	0.27
Krieges gegen Drogen	s	0.94
Kriegs gegen Drogen	s	0.94
Kriegsabenteuer	krˈiːksˌaːbəntɔɪɜ	0.31
Kriegsabenteuern	krˈiːksˌaːbəntɔɪɜn	0.29
Kriegsabenteuers	krˈiːksˌaːbəntɔɪɜs	0.29
Kriegsanstrengung	krˈiːksanʃtrˌɛŋʊŋ	0.33
Kriegsanstrengungen	krˈiːksanʃtrˌɛŋʊŋən	0.29
Kriegserfolg	krˈiːksɛɾfˌɔlk	0.27
Kriegserlebnis	krˈiːksɛɾlˌeːpnɪs	0.38
Kriegserlebnisse	krˈiːksɛɾlˌeːpnɪsə	0.36
Kriegserlebnissen	krˈiːksɛɾlˌeːpnɪsən	0.33
Kriegserlebnisses	krˈiːksɛɾlˌeːpnɪsəs	0.33
Kriegsgeheul	krˈiːksɡəhˌɔɪl	0.27
Kriegsoperation	krˈiːksopəratsˌioːn	0.27
Kriegspremier	krˈiːksprəmˌieː	0.38
Kriegspremiers	krˈiːksprəmˌieːs	0.36
Kriegsursache	krˈiːksuːɾzˌaxə	0.27
Krimis	krˈɪmis	0.33
Krisenmanagement	krˈiːzənmˌɛnɪtʃmənt	0.31
Krisenmanagements	krˈiːzənmˌɛnɪtʃmənts	0.29
Krks	kr̩ks	0.62
Krogmann	krˈoːkmˌan	0.29
Kronkorkens	krˈoːnkˌɔɾkŋ̩s	0.27
Kronos	krˈɔnɔs	0.33
Kronos’	krˈɔnɔs	0.33
Krueger	krˈyːɡɜ	0.33
Kruegers	krˈyːɡɜs	0.29
Kruse	krˈuːzə	0.4
Kruses	krˈuːzəs	0.33
Kryobiont	kryobˈiɔnt	0.3
Kryptoparty	krˈʏptopˌaːɾti	0.36
Krähennest	krˈɛːənnˌɛst	0.33
Krähennests	krˈɛːənnˌɛsts	0.3
Kuboktaeder	kˌupɔktaˈeːdɜ	0.3
Kuboktaedern	kˌupɔktaˈeːdɜn	0.27
Kuboktaeders	kˌupɔktaˈeːdɜs	0.27
Kuchenblechs	kˈuːxənblˌɛçs	0.27
Kuhherde	kˈuːhˌeːɾdə	0.29
Kuhhäute	kˈuːhˌɔɪtə	0.29
Kukuruz	kˈʊkʊrʊts	0.38
Kukuruze	kˈʊkʊrʊtsə	0.33
Kukuruzen	kˈʊkʊrʊtsən	0.3
Kukuruzes	kˈʊkʊrʊtsəs	0.3
Kulturmuslims	kʊltˈuːɾmʊslɪmps	0.31
Kulturradio	kʊltˈuːɾrˌaːdio	0.36
Kulturradios	kʊltˈuːɾrˌaːdios	0.33
Kulturrenaissance	kʊltˈuːɾrənɛsˌɑ̃ːs	0.36
Kulturrenaissancen	kʊltˈuːɾrənɛsˌɑ̃ːsn	0.38
Kulturressort	kʊltˈuːɾrɛsˌoːɾ	0.36
Kulturressorts	kʊltˈuːɾrɛsˌoːɾs	0.33
Kulturräume	kʊltˈuːɾrˌɔɪmə	0.27
Kundenservices	kˈʊndənsˌœːɾvɪsəs	0.29
Kunming	kuənmˈɪŋ	0.29
Kunststofffolie	kˈʊnstʃtɔffˌoːliə	0.29
Kunststofffolien	kˈʊnstʃtɔffˌoːliən	0.27
Kupferstichs	kˈʊpfɜʃtˌɪçs	0.27
Kupfervitriol	kˈʊpfɜvitriˌoːl	0.29
Kupfervitriols	kˈʊpfɜvitriˌoːls	0.27
Kupon	kupˈɔ̃ː	0.4
Kupons	kupˈɔ̃ːs	0.33
Kurie	kˈuːriə	0.33
Kurowskis	kʊrˈɔfskis	0.33
Kurzware	kˈʊɾtsvˌaːrə	0.67
Kurzzugbinde	kˈʊɾtstsuːkbˌɪndə	0.29
Kurzzugbinden	kˈʊɾtstsuːkbˌɪndən	0.27
Kuvert	kuvˈeːɾ	0.4
Kuverts	kuvˈeːɾs	0.33
Kwanyama	kuanjˈaːmaː	0.33
Kwanyamas	kuanjˈaːmaːs	0.3
Kwidzyn	kfʲˈidzɨn	0.78
Kwidzyns	kfʲˈidzɨns	0.7
Kybele	kˈyːbele	0.33
Kybeles	kˈyːbeles	0.29
Kyiv	kˈɪjiv	0.6
Kyivs	kˈɪjifs	0.33
Kyjiw	kˈɪjiv	0.4
Kyll an der Kyll	kˈɪl an deːɾ kˈɪl	0.27
Kymation	kymˈaːtiɔn	0.33
Kymations	kymˈaːtiɔns	0.3
Kyrieeleison	kˌyːrieelˈɛɪzɔn	0.33
Kyrieeleisons	kˌyːrieelˈɛɪzɔns	0.31
Kyus	kjuːs	0.5
Kyïv	kˈɪjiv	0.6
Kyïvs	kˈɪjifs	0.33
Kyūs	kjuːs	0.5
Käfigvögel	kˈɛːfɪçfˌøːɡəl	0.27
Kälteidiotie	kˈɛltəidiotˌiː	0.33
Kältespray	kˈɛltəʃprˌeː	0.3
Kältesprays	kˈɛltəʃprˌeːs	0.27
Käsefondues	kˈɛːzəfɔ̃dˌyːs	0.36
Käseomelett	kˈɛːzəɔmlˌɛt	0.3
Käseomelette	kˈɛːzəɔmlˌɛtə	0.27
Käseomeletts	kˈɛːzəɔmlˌɛts	0.27
Käsesandwich	kˈɛːzəsˌɛntvɪtʃ	0.5
Käsesandwiche	kˈɛːzəsˌɛntvɪtʃə	0.46
Käsesandwichen	kˈɛːzəsˌɛntvɪtʃən	0.43
Käsesandwiches	kˈɛːzəsˌɛntvɪtʃəs	0.43
Käsesandwichs	kˈɛːzəsˌɛntvɪtʃs	0.46
Käsesauce	kˈɛːzəzˌoːsə	0.44
Käsesaucen	kˈɛːzəzˌoːsən	0.4
Käsetoast	kˈɛːzətˌɔʊst	0.33
Käsetoastes	kˈɛːzətˌɔʊstəs	0.27
Käsetoasts	kˈɛːzətˌɔʊsts	0.3
Käsetuch	kˈɛːzətˌuːx	0.29
Köngeter	kˈœnɡɛtɜ	0.43
Köngeters	kˈœnɡɛtɜs	0.38
Königsallee	kˈøːnɪçsalˌeː	0.3
Königsinder	kˈøːnɪçsˌɪndɜ	0.27
Körperachse	kˈœɾpɜˌaksə	0.3
Körperachsen	kˈœɾpɜˌaksən	0.27
Körperichs	kˈœɾpɜrɪçs	0.3
Köwerichs	kˈøːvɜrɪçs	0.33
Küchengeräuschen	kˈʏçənɡərˌɔɪʃən	0.31
Kückelchen	kˈɪɡl̩çə	0.67
Kückelchens	kˈɪɡl̩çəs	0.6
LAMP-Test	ɛlaɛmpˈeːtˌɛst	0.27
LAN-Party	lˈaːnpˌaːɾti	0.33
LAN-Partys	lˈaːnpˌaːɾtis	0.27
LAPD	ɛlɛɪpiːdˈiː	0.75
LEDs	ɛleːdˈeːs	0.67
LGBT	ɛldʒiːbiːtˈiː	0.56
LGBT-Aktivist	ɛldʒiːbiːtˈiːaktivˌɪst	0.29
LGBT-Aktivisten	ɛldʒiːbiːtˈiːaktivˌɪstən	0.26
LGBT-Aktivistin	ɛldʒiːbiːtˈiːaktivˌɪstɪn	0.26
LGBTQ+	ɛldʒiːbiːtiːkjuːplˈas	0.44
LNGs	ɛlɛndʒˈiːs	0.38
LaTeXs	lˈaːtɛçs	0.56
Label	lˈɛɪbəl	0.33
Labels	lˈɛɪbəls	0.29
Labiovelar	labiovelˈaːɾ	0.27
Laboe	labˈøː	0.4
Lachse	lˈaksə	0.4
Lachsen	lˈaksən	0.33
Lachsens	lˈaksəns	0.29
Lachsersatz	lˈaksɛɾzˌats	0.3
Lachses	lˈaksəs	0.33
Ladykiller	lˈɛɪdikˌɪlɜ	0.33
Ladykillern	lˈɛɪdikˌɪlɜn	0.3
Ladykillers	lˈɛɪdikˌɪlɜs	0.4
Ladys	lˈɛɪdis	0.33
Lahmacun	lˈaxmadʒuːn	0.33
Lahmacuns	lˈaxmadʒuːns	0.3
Lahore	lahˈoːɾ	0.4
Lahores	lahˈoːɾs	0.33
Laichs	laɪçs	0.33
Lais	lɛːs	0.5
Laisse	lɛːs	0.6
Laisser-faire	lɛsefˈɛːɾ	0.44
Laisser-faire-Haltung	lɛsefˈɛːɾhˌaltʊŋ	0.27
Laisses	lɛːs	0.67
Lambris	lɑ̃brˈiː	0.43
Lampion	lˈampiɔ̃ː	0.43
Land Rover	lˈɛnt rˌɔʊvɜ	0.33
Land Rovern	lˈɛnt rˌɔʊvɜn	0.3
Land Rovers	lˈɛnt rˌɔʊvɜs	0.3
Landaulet	landolˈɛt	0.33
Landaulets	landolˈɛts	0.3
Landtagsausschuss	lˈanttaːksˌaʊsʃʊs	0.27
Langage	lɑ̃ɡˈaːʒə	0.43
Langarmshirt	lˈaŋaɾmʃˌœːɾt	0.27
Langlaufskis	lˈaŋlaʊfʃˌiːs	0.27
Langley	lˈɛŋli	0.5
Langleys	lˈɛŋlis	0.43
Langos	lˈaŋɡɔʃ	0.5
Langue	lˈɑ̃ːɡə	0.6
Languedoc	lɑ̃ɡdˈɔk	0.5
Languedoc-Roussillon	lɑ̃ɡdˌɔkrusijˈõ	0.47
Languedocs	lɑ̃ɡdˈɔks	0.44
Lapbook	lˈɛpbˌʊk	0.33
Lapbooks	lˈɛpbˌʊks	0.29
Lasagne	lazˈanjə	0.29
Laser	lˈɛɪzɜ	0.4
Laserdiode	lˈɛɪzɜdiˌoːdə	0.4
Laserdioden	lˈɛɪzɜdiˌoːdən	0.36
Lasermäuse	lˈɛɪzɜmˌɔɪzə	0.3
Lasermäusen	lˈɛɪzɜmˌɔɪzən	0.27
Lasern	lˈɛɪzɜn	0.33
Laserpointer	lˈɛɪzɜpˌɔɪntɜ	0.27
Laserpuls	lˈɛɪzɜpˌʊls	0.33
Lasers	lˈɛɪzɜs	0.5
Laserscan	lˈɛɪzɜskˌɛn	0.33
Laserscanner	lˈɛɪzɜskˌɛnɜ	0.3
Laserscannern	lˈɛɪzɜskˌɛnɜn	0.27
Laserscanners	lˈɛɪzɜskˌɛnɜs	0.27
Laserscans	lˈɛɪzɜskˌɛns	0.3
Laserstrahl	lˈɛɪzɜʃtrˌaːl	0.3
Laserstrahle	lˈɛɪzɜʃtrˌaːlə	0.27
Laserstrahls	lˈɛɪzɜʃtrˌaːls	0.27
Lastwagenchauffeur	lˈastvaːɡənʃɔfˌøːɾ	0.31
Lastwagenchauffeure	lˈastvaːɡənʃɔfˌøːrə	0.29
Lastwagenchauffeuren	lˈastvaːɡənʃɔfˌøːrən	0.28
Lastwagenchauffeurin	lˈastvaːɡənʃɔfˌøːrɪn	0.32
Lastwagenchauffeurinnen	lˈastvaːɡənʃɔfˌøːrɪnən	0.29
Lastwagenchauffeurs	lˈastvaːɡənʃɔfˌøːɾs	0.29
Late-Night-Show	lˈɛɪtnaɪtʃˌɔʊ	0.36
Late-Night-Shows	lɛɪtnaɪtʃˌɔʊs	0.42
Lateralengelaut	laterˈaːlˌɛŋəlaʊt	0.27
Lattichs	lˈatɪçs	0.29
Lauf-ABC	lˈaʊfaːbeːtsˌeː	0.5
Lauf-ABCs	laʊfaːbeːtsˌeːs	0.45
Laufangebot	lˈaʊfanɡəbˌoːt	0.27
Laufbusiness	lˈaʊfbˌɪznɪs	0.3
Laufchallenge	lˈaʊfdʒˌɛlənʃ	0.55
Laufchallenges	lˈaʊfdʒˌɛlənʃəs	0.46
Laufcoach	lˈaʊfkˌɔʊtʃ	0.44
Laufcoachs	lˈaʊfkˌɔʊtʃs	0.4
Laufcrew	lˈaʊfkrˌuː	0.43
Laufcrews	lˈaʊfkrˌuːs	0.5
Lauffan	lˈaʊffˌɛn	0.29
Laufniveaus	lˈaʊfnivˌoːs	0.27
Laufoutfits	lˈaʊfˌaʊtfɪts	0.27
Laufshirt	lˈaʊfʃˌœːɾt	0.33
Laufshirts	lˈaʊfʃˌœːɾts	0.3
Laufshorts	lˈaʊfʃˌɔːts	0.3
Launch	lɔːntʃ	0.67
Launches	lɔːntʃəs	0.5
Launchs	lɔːntʃs	0.67
Launchtitel	lˈɔːntʃtˌiːtəl	0.36
Launchtiteln	lɔːntʃtˈiːtəln	0.33
Launchtitels	lɔːntʃtˈiːtəls	0.33
Lausanne	lozˈan	0.43
Lausannes	lozˈans	0.38
Lausebengel	lˈaʊsəbˌɛŋəl	0.36
Lausebengeln	lˈaʊsəbˌɛŋəln	0.33
Lausebengels	lˈaʊsəbˌɛŋəls	0.33
Lausekerl	lˈaʊsəkˌɛɾl	0.33
Lausekerle	lˈaʊsəkˌɛɾlə	0.3
Lausekerlen	lˈaʊsəkˌɛɾlən	0.27
Lausekerls	lˈaʊsəkˌɛɾls	0.3
Lavage	lavˈaʒ	0.33
Lavendelsträuße	lavˈɛndəlʃtrˌɔɪsə	0.27
Lawrencium	lorˈɛntsiʊm	0.4
Lawrenciums	lorˈɛntsiʊms	0.36
Layout	leːˈaʊt	0.6
Layouter	leːˈaʊtɜ	0.5
Layouterin	leːˈaʊtərɪn	0.38
Layouterinnen	leːˈaʊtərɪnən	0.36
Layoutern	leːˈaʊtɜn	0.43
Layouters	leːˈaʊtɜs	0.43
Layouts	leːˈaʊts	0.5
Le Havre	ləˈaːvrə	0.29
Le Mans	ləmˈɑ̃	0.5
Le Mans’	ləmˈɑ̃s	0.33
Leader	lˈiːdɜ	0.4
Leadern	lˈiːdɜn	0.33
Leaders	lˈiːdɜs	0.33
Leadsänger	lˈiːtzˌɛŋɜ	0.38
Leadsängerin	lˈiːtzˌɛŋərɪn	0.3
Leadsängerinnen	lˈiːtzˌɛŋərɪnən	0.31
Leadsängern	lˈiːtzˌɛŋɜn	0.33
Leadsängers	lˈiːtzˌɛŋɜs	0.33
Lean Management	lˈiːn mˈɛnɪtʃmənt	0.5
Lean Managements	lˈiːn mˈɛnɪtʃmənts	0.47
Learjet	lˈiːɾdʒˌɛt	0.71
Learjets	lˈiːɾdʒˌɛts	0.62
Leasing	lˈiːzɪŋ	0.33
Leasings	lˈiːzɪŋs	0.29
Lebenschance	lˈeːbənsʃˌɑ̃ːs	0.3
Lebenschancen	lˈeːbənsʃˌɑ̃ːsn	0.36
Lechs	lɛçs	0.4
Ledercouch	lˈeːdɜkˌaʊtʃ	0.44
Ledercouchen	lˈeːdɜkˌaʊtʃən	0.36
Ledercouchs	lˈeːdɜkˌaʊtʃs	0.4
Lederetui	lˈeːdɜɛtvˌiː	0.33
Lederetuis	lˈeːdɜɛtvˌiːs	0.4
Lederportemonnaie	lˈeːdɜpɔɾtmɔnˌeː	0.27
Lederware	lˈeːdɜvˌaːrə	0.62
Leerstandsabgabe	lˈeːɾʃtantsˌapɡaːbə	0.27
Leetspeak	lˈiːtspiːk	0.38
Legehenne	lˈeːɡəhˌɛnə	0.38
Legehennen	lˈeːɡəhˌɛnən	0.33
Leibdiener	lˈaɪpdˌiːnɜ	0.4
Leihbibliothek	lˈaɪbibliotˌeːk	0.29
Leinewand	lˈaɪnəvˌant	0.44
Leineweber	lˈaɪnəvˌeːbɜ	0.56
Leineweberin	lˈaɪnəvˌeːbərɪn	0.55
Leineweberinnen	lˈaɪnəvˌeːbərɪnən	0.46
Leinewebern	lˈaɪnəvˌeːbɜn	0.5
Leinewebers	lˈaɪnəvˌeːbɜs	0.6
Leinewände	lˈaɪnəvˌɛndə	0.4
Leinewänden	lˈaɪnəvˌɛndən	0.27
Leinster	lˈɛnstə	0.43
Leinsters	lˈɛnstəs	0.38
Leith	liːθ	0.75
Leiths	liːθs	0.6
Lesebuch	lˈeːzəbˌuːx	0.29
Leseecke	lˈeːzəˌɛkə	0.29
Leseerlebnis	lˈeːzəɛɾlˌeːpnɪs	0.33
Leseerlebnisse	lˈeːzəɛɾlˌeːpnɪsə	0.31
Leseerlebnissen	lˈeːzəɛɾlˌeːpnɪsən	0.29
Leseerlebnisses	lˈeːzəɛɾlˌeːpnɪsəs	0.29
Lesevorschlag	lˈeːzəfˌoːɾʃlaːk	0.27
Leuchtspurgeschoss	lˈɔɪçtʃpuːɾɡəʃˌɔs	0.27
Leucin	lɔɪtsˈiːn	0.57
Leucine	lɔɪtsˈiːnə	0.38
Leucinen	lɔɪtsˈiːnən	0.33
Leucins	lɔɪtsˈiːns	0.5
Leutehaus	lˈɔɪtəhˌaʊs	0.33
Leutehause	lˈɔɪtəhˌaʊzə	0.3
Leutehauses	lˈɔɪtəhˌaʊzəs	0.27
Leutehäuser	lˈɔɪtəhˌɔɪzɜ	0.4
Leutehäusern	lˈɔɪtəhˌɔɪzɜn	0.36
Leutestube	lˈɔɪtəʃtˌuːbə	0.3
Leutestuben	lˈɔɪtəʃtˌuːbən	0.27
Leutheuser	lˈɔɪthˌɔɪzɜ	0.33
Leutheusers	lˈɔɪthˌɔɪzɜs	0.3
Leutheusser	lˈɔɪthˌɔɪzɜ	0.44
Leutheussers	lˈɔɪthˌɔɪzɜs	0.4
Leutkirchs	lˈɔɪtkɪɾçs	0.3
Leverkusen	lˈeːvɜkuːzən	0.33
Levis	delevisoɡɡ	0.7
Levke	lˈeːfkə	0.4
Levken	lˈeːfkən	0.33
Levkes	lˈeːfkəs	0.33
Levée en masse	ləvˈeː ɑ̃ mˈaːs	0.4
Lhotse	lˈoːtsə	0.57
Lhotses	lˈoːtsəs	0.5
Liaison	liɛzˈɔ̃ː	0.57
Liaisons	liɛzˈõːs	0.38
Libertins	libɛɾtˈɛ̃ː	0.33
Libreville	librəvˈil	0.44
Librevilles	librəvˈils	0.4
Lidl	lˈiːdəl	0.4
Lidls	liːdəls	0.33
Lidstrichs	lˈiːtʃtrˌɪçs	0.3
Liebeserlebnis	lˈiːbəsɛɾlˌeːpnɪs	0.38
Liebeserlebnisse	lˈiːbəsɛɾlˌeːpnɪsə	0.36
Liebeserlebnissen	lˈiːbəsɛɾlˌeːpnɪsən	0.33
Liebeserlebnisses	lˈiːbəsɛɾlˌeːpnɪsəs	0.33
Liebesschloss	lˈiːbəsʃlˌɔs	0.3
Liebesschlosse	lˈiːbəsʃlˌɔsə	0.27
Liebesschlösser	lˈiːbəsʃlˌœsɜ	0.27
Liebesschmerz	lˈiːbəsʃmˌɛɾts	0.36
Liebesschmerzen	lˈiːbəsʃmˌɛɾtsən	0.31
Liebesschmerzes	lˈiːbəsʃmˌɛɾtsəs	0.31
Liebesschule	lˈiːbəsʃˌuːlə	0.3
Liebesschulen	lˈiːbəsʃˌuːlən	0.27
Liebesschwur	lˈiːbəsʃvˌuːɾ	0.3
Liebesschwure	lˈiːbəsʃvˌuːrə	0.27
Liebesschwurs	lˈiːbəsʃvˌuːɾs	0.27
Liebesschwüre	lˈiːbəsʃvˌyːrə	0.27
Liebesszene	lˈiːbəsstsˌeːnə	0.27
Lieblingschinese	lˈiːplɪŋsçinˌeːzə	0.43
Lieblingschinesen	lˈiːplɪŋsçinˌeːzən	0.27
Lieblingsenkelin	lˈiːplɪŋsˌɛŋkəlɪn	0.29
Lieblingsoutfit	lˈiːplɪŋsˌaʊtfɪt	0.31
Lieblingsoutfits	lˈiːplɪŋsˌaʊtfɪts	0.36
Lieblingsrefrain	lˈiːplɪŋsrəfrˌɛ̃ː	0.36
Lieblingsrefrains	lˈiːplɪŋsrəfrˌɛ̃ːs	0.33
Lieblingsrestaurant	lˈiːplɪŋsrɛstorˌɑ̃ː	0.29
Lieblingsrestaurants	lˈiːplɪŋsrɛstorˌɑ̃ːs	0.28
Lieblingsschnapses	lˈiːplɪŋsʃnˌapsəs	0.27
Lieblingsschnäpse	lˈiːplɪŋsʃnˌɛpsə	0.29
Lieblingsschnäpsen	lˈiːplɪŋsʃnˌɛpsən	0.27
Lieblingsschuh	lˈiːplɪŋsʃˌuː	0.3
Lieblingsschuhe	lˈiːplɪŋsʃˌuːə	0.27
Lieblingsschuhs	lˈiːplɪŋsʃˌuːs	0.27
Lieblingsschwester	lˈiːplɪŋsʃvˌɛstɜ	0.29
Lieblingsshirt	lˈiːplɪŋsʃˌœːɾt	0.27
Lieblingsszenario	lˈiːplɪŋsstsenˌaːrio	0.31
Lieblingsszenarios	lˈiːplɪŋsstsenˌaːrios	0.29
Lieblingsteam	lˈiːplɪŋstˌiːm	0.27
Lieblingsthese	lˈiːplɪŋstˌeːzə	0.27
Lieblingswebsite	lˈiːplɪŋsvˌɛpsaɪt	0.43
Lieblingswebsites	lˈiːplɪŋsvˌɛpsaɪts	0.4
Lieblingswhiskys	lˈiːplɪŋswˌɪskis	0.29
Lieferengpass	lˈiːfɜˌɛŋpas	0.27
Lieferservice	lˈiːfɜsˌøːɾvɪs	0.3
Lieferservices	lˈiːfɜsˌøːɾvɪss	0.42
Lifehack	lˈaɪfhˌɛk	0.57
Lifehacks	lˈaɪfhˌɛks	0.5
Likes	laɪks	0.4
Lilie	lˈiːliə	0.33
Lilien	lˈiːliən	0.29
Liliengewächs	lˈiːliənɡəvˌɛks	0.33
Liliengewächse	lˈiːliənɡəvˌɛksə	0.31
Liliengewächsen	lˈiːliənɡəvˌɛksən	0.29
Liliengewächses	lˈiːliənɡəvˌɛksəs	0.29
Liliput	lˈɪlipʊt	0.29
Limerick	lˈɪmərɪk	0.29
Limits	lˈɪmɪts	0.33
Limoges	limˈoːʃ	0.43
Limoncelli	limontʃˈɛli	0.3
Limoncello	limontʃˈɛlo	0.3
Limoncellos	limontʃˈɛlos	0.27
Limousin	limuzˈɛ̃ː	0.29
Linebacker	lˈaɪnbˌɛkɜ	0.5
Linebackern	lˈaɪnbˌɛkɜn	0.44
Linebackers	lˈaɪnbˌɛkɜs	0.44
Linedances	lˈaɪndɛːnsəs	0.3
Linge	lɛ̃ːʒ	0.75
Lingerie	lɛ̃ʒərˈiː	0.5
Lingerien	lɛ̃ʒərˈiːən	0.38
Linguostatistik	lˈɪŋɡuoʃtatˌɪstɪk	0.27
Linie	lˈiːniə	0.33
Linien	lˈiːniən	0.29
Linkenchefin	lˈɪŋkənʃˌɛfɪn	0.33
Linkenchefinnen	lˈɪŋkənʃˌɛfɪnən	0.29
Linotype	lˈaɪnotˌaɪp	0.56
Linotypes	lˈaɪnotˌaɪps	0.5
Linyantis	lˈɪnjantiːs	0.33
Lisbon	lˈɪzbən	0.33
Lisbons	lˈɪzbəns	0.29
Lisle	laɪl	0.6
Lisles	laɪls	0.5
Literat	lɪtərˈaːt	0.29
Literaturangabe	lɪtəratˈuːɾanɡˌaːbə	0.29
Literaturangaben	lɪtəratˈuːɾanɡˌaːbən	0.27
Literaturbetrieb	lɪtəratˈuːɾbətrˌiːp	0.27
Literaturfreund	lɪtəratˈuːɾfrˌɔɪnt	0.27
Literaturgeschmack	lɪtəratˈuːɾɡəʃmˌak	0.27
Literaturhäuser	lɪtəratˈuːɾhˌɔɪzɜ	0.29
Literaturhäusern	lɪtəratˈuːɾhˌɔɪzɜn	0.27
Literaturstudien	lɪtəratˈuːɾʃtˌuːdiən	0.35
Literaturszene	lɪtəratˈuːɾstsˌeːnə	0.27
Literaturverweis	lɪtəratˈuːɾfɛɾvˌaɪs	0.27
Lithium	lˈiːtsiʊm	0.29
Lithium-Ionen-Batterie	liːtsiʊmiˈoːnənbatərˌiː	0.28
Lithiumabbau	lˈiːtiʊmˌapbaʊ	0.27
Lithografien	litoɡrafˈiːən	0.33
Lithopädien	litopˈɛːdiən	0.27
Lithopädion	litopˈɛːdiɔn	0.3
Lithopädions	litopˈɛːdiɔns	0.27
Live-Musik	lˈaɪfmuzˈiːk	0.33
Live-Musiken	lˈaɪfmuzˈiːkən	0.27
Live-Schalte	lˈaɪfʃˌaltə	0.33
Live-Schalten	lˈaɪfʃˌaltən	0.3
Live-Stream	lˈaɪfstriːm	0.44
Live-Streams	lˈaɪfstriːms	0.5
Liveaufnahme	lˈaɪfaʊfnˌaːmə	0.27
Livebild	lˈaɪfbˌɪlt	0.38
Livebilder	lˈaɪfbˌɪldɜ	0.33
Livebildern	lˈaɪfbˌɪldɜn	0.3
Livebilds	lˈaɪfbˌɪlts	0.33
Liveblog	lˈaɪfblˌɔk	0.5
Liveblogs	lˈaɪfblˌɔks	0.44
Liverpoolers	lˈɪvɜpˌuːlɜs	0.33
Livesendung	lˈaɪfzˌɛndʊŋ	0.3
Livestream	lˈaɪfstriːm	0.5
Livestreams	lˈaɪfstriːms	0.45
Liveticker	lˈaɪftˌɪkɜ	0.38
Livetickern	lˈaɪftˌɪkɜn	0.33
Livetickers	lˈaɪftˌɪkɜs	0.33
Livland	lˈiːflˌant	0.29
Llano	lˈiaːno	0.33
Llanos	lˈiaːnos	0.29
Lloyd	lɔɪt	0.5
Lloyds	lɔɪts	0.43
Lo-Fi	lˈoʊfˌaɪ	0.5
LoFi	lˈoʊfˌaɪ	0.5
Loamsiada	lˈoɾmsiɾdɜ	0.44
Lobgedicht	lˈoːpɡədˌɪçt	0.3
Lobgedichte	lˈoːpɡədˌɪçtə	0.27
Lobgedichts	lˈoːpɡədˌɪçts	0.27
Lobgesang	lˈoːpɡəzˌaŋ	0.38
Lobgesange	lˈoːpɡəzˌaŋə	0.33
Lobgesanges	lˈoːpɡəzˌaŋəs	0.3
Lobgesangs	lˈoːpɡəzˌaŋs	0.33
Lobgesänge	lˈoːpɡəzˌɛŋə	0.33
Lobgesängen	lˈoːpɡəzˌɛŋən	0.3
Loblied	lˈoːplˌiːt	0.33
Lobliede	lˈoːplˌiːdə	0.29
Loblieder	lˈoːplˌiːdɜ	0.29
Loblieds	lˈoːplˌiːts	0.29
Lobrede	lˈoːprˌeːdə	0.29
Location	lokˈɛɪʃən	0.56
Locations	lokˈɛɪʃəns	0.5
Lochien	lˈɔxiən	0.29
Lockangebot	lˈɔkˌanɡəboːt	0.3
Lockangebote	lˈɔkˌanɡəboːtə	0.27
Lockangebots	lˈɔkˌanɡəboːts	0.27
Lockdown	lˈɔkdaʊn	0.29
Lockout	lɔkˈaʊt	0.33
Lockouts	lɔkˈaʊts	0.29
Locronan	lokrɔnˈɑ̃	0.38
Locronans	lokrɔnˈɑ̃s	0.33
Lodges	lˈɔdʒɪz	0.5
Lodz	lɔtʃ	0.4
Lodz’	lɔtʃ	0.4
Loebichs	lˈøːbɪçs	0.29
Lofi	lˈoʊfˌaɪ	0.5
Loganbeere	lˈəʊɡənbˌeːrə	0.3
Loganbeeren	lˈəʊɡənbˌeːrən	0.27
Logbuch	lˈɔkbˌuːx	0.33
Logbuche	lˈɔkbˌuːxə	0.29
Logbuchs	lˈɔkbˌuːxs	0.29
Loggia	lˈɔdʒa	0.4
Loggien	lˈɔdʒən	0.33
Logical	lˈɔdʒɪkəl	0.62
Logicals	lˈɔdʒɪkəls	0.56
Logion	lˈoːɡiɔn	0.29
Logis	loʒˈiː	0.6
Lohndiener	lˈoːndˌiːnɜ	0.33
Loibl	lˈɔɪbəl	0.5
Loibls	lˈɔɪbəls	0.43
Loipe	lˈɔɪpə	0.4
Loipen	lˈɔɪpən	0.33
Loire	loaːɾ	0.4
Lojban	lˈoːʒbaːn	0.33
Lojbans	lˈoːʒbaːns	0.29
Lolchs	lɔlçs	0.33
Long Island	lˈɔŋˈaɪlənd	0.44
Long Island Sound	lɔŋ ˈaɪlənd saʊnt	0.29
Long Island Sounds	lɔŋ ˈaɪlənd saʊnts	0.27
Long Islands	lˈɔŋˈaɪlənds	0.4
Longens	lˈɔŋəns	0.29
Longline	lˈɔŋlaɪn	0.43
Longlines	lˈɔŋlaɪns	0.38
Longrun	lˈɔŋrˌan	0.29
Longsleeve	lˈɔŋslˌiːf	0.38
Longsleeves	lˈɔŋslˌiːfs	0.33
Longsleeveshirt	lˈɔŋsliːfʃˌœːɾt	0.46
Longsleeveshirts	lˈɔŋsliːfʃˌœːɾts	0.43
Longuichs	lˈɔŋɡɪçs	0.38
Loop	luːp	0.33
Lorchs	lɔɾçs	0.33
Lorgnon	lɔɾnjˈɔ̃ː	0.57
Lorgnons	lɔɾnjˈɔ̃ːs	0.5
Los Angeles	lɔs ˈɛndʒələs	0.45
Los Angeles’	lɔs ˈɛndʒələs	0.45
Los Mochis	lɔsmˈoːtʃis	0.56
Los Mochis’	lɔsmˈoːtʃis	0.56
Lost Place	lɔstplˈɛɪs	0.33
Lost Places	lɔstplˈɛɪsɪs	0.36
Losverkäufer	lˈoːsfɛɾkˌɔɪfɜ	0.27
Losverkäuferinnen	lˈoːsfɛɾkˌɔɪfərɪnən	0.27
Loth	loːt	0.33
Lotlinie	lˈoːtlˌiːniə	0.33
Lotlinien	lˈoːtlˌiːniən	0.3
Lotse	lˈoːtsə	0.4
Lotsen	lˈoːtsən	0.33
Lotsin	lˈoːtsɪn	0.33
Lounge	laʊndʒ	0.83
Lounges	lˈaʊndʒɪz	0.88
Lourdesgrotte	lˈʊɾtɡrˌɔtə	0.36
Lourdesgrotten	lˈʊɾtɡrˌɔtən	0.33
Love Hotel	lˈafhotˌɛl	0.44
Love Hotels	lˈafhotˌɛls	0.4
Loveparade	lafpərˈɛɪt	0.7
Loveparades	lafpərˈɛɪts	0.64
Low-Budget-Thriller	lɔʊbˈadʒətθɹˌɪlɜ	0.36
Low-Budget-Thrillern	lɔʊbˈadʒətθɹˌɪlɜn	0.33
Low-Budget-Thrillers	lɔʊbˈadʒətθɹˌɪlɜs	0.4
Low-Cost-Carrier	lˈoʊkˈɔstkˌɛriɜ	0.36
Low-Cost-Carriern	lˈoʊkˈɔstkˌɛriɜn	0.33
Low-Cost-Carriers	lˈoʊkˈɔstkˌɛriɜs	0.33
Lowlands	lˈəʊlˌəndz	0.62
Lowtech	lˈɔʊtɛk	0.43
Luch	luːx	0.33
Luchse	lˈʊksə	0.4
Luchsen	lˈʊksən	0.33
Luchses	lˈʊksəs	0.33
Lucia	lutsˈiːa	0.33
Luddit	ladˈit	0.4
Ludger	lˈuːtɡɛɾ	0.5
Ludgers	lˈuːtɡɛɾs	0.43
Ludwig	lˈuːtvɪç	0.29
Ludwigsburg	lˈuːtvɪksbˌʊɾk	0.33
Ludwigsdorf	lˈuːtvɪksdˌɔɾf	0.33
Ludwigsdorfs	lˈuːtvɪksdˌɔɾfs	0.31
Luising	lˈʊɪzɪŋ	0.33
Luisings	lˈʊɪzɪŋs	0.29
Lunch	lanʃ	0.6
Lunchbeutel	lˈanʃbˌɔɪtəl	0.36
Lunchbeuteln	lˈanʃbˌɔɪtəln	0.33
Lunchbeutels	lˈanʃbˌɔɪtəls	0.33
Lunche	lˈanʃə	0.5
Lunchen	lˈanʃən	0.43
Lunches	lˈanʃəs	0.43
Lunchpaket	lˈanʃpakˌeːt	0.3
Lunchpakete	lˈanʃpakˌeːtə	0.27
Lunchpakets	lˈanʃpakˌeːts	0.27
Lunchs	lanʃs	0.4
Lundist	lœ̃dˈɪst	0.29
Lungentransplantationen	lˈʊŋənplantatsˌioːnən	0.26
Lurchs	lʊɾçs	0.33
Luser	lˈuːzɜ	0.5
Lutein	luteˈiːn	0.33
Luteins	luteˈiːns	0.29
Luxese	lʊksˈeːzə	0.29
Luxusappartement	lˈʊksʊsapaɾtmˌɑ̃ː	0.38
Luxusappartements	lˈʊksʊsapaɾtmˌɑ̃ːs	0.35
Luxusware	lˈʊksʊsvˌaːrə	0.5
Luzhou	ludʒou	0.67
Luzhous	lˈudʒous	0.57
Luzon	lusˈɔn	0.33
Luzons	lusˈɔns	0.29
Lvov	lvɔf	0.4
Lvovs	lvɔfs	0.33
Lwow	lvɔf	0.4
Lydien	lˈyːdiən	0.29
Lykien	lˈyːkiən	0.29
Lynn	lɪn	0.33
Lyon	liˈɔ̃ː	0.75
Lyons	liˈɔ̃ːs	0.6
Lyrics	lˈɪɹɪks	0.5
Lysergsäurediethylamids	lyzˈɛɾkzɔɪrədietyːlamˌiːts	0.27
Länderchefin	lˈɛndɜʃˌɛfɪn	0.27
Längerdiener	lˈɛŋɜdˌiːnɜ	0.3
Läusebefall	lˈɔɪzəbəfˌal	0.3
Läusebefalle	lˈɔɪzəbəfˌalə	0.27
Läusebefalls	lˈɔɪzəbəfˌals	0.27
Läusebefälle	lˈɔɪzəbəfˌɛlə	0.27
Löbichs	lˈøːbɪçs	0.29
Löblichs	lˈøːplɪçs	0.5
Lötzinn	lˈøːttsˌɪn	0.29
Löwenbaby	lˈøːvənbˌeːbi	0.3
Löwenbabys	lˈøːvənbˌeːbis	0.36
Lüftungsservice	lˈʏftʊŋssˌœːɾvɪs	0.38
Lüftungsservices	lˈʏftʊŋssˌœːɾvɪsəs	0.27
Lüttichs	lˈʏtɪçs	0.29
L’art pour l’art	laɾ puɾ lˈaːɾ	0.31
L’vov	lvɔf	0.4
L’vovs	lvɔfs	0.33
MI6-Agent	ɛmaɪsˈɪksaɡˌɛnt	0.31
MI6-Agenten	ɛmaɪsˈɪksaɡˌɛntən	0.27
Macaron	makarˈɔ̃ː	0.29
Macchia	mˈakia	0.29
Macchie	mˈakiə	0.5
Macchien	mˈakiən	0.44
Machiavellis	makiavˈɛlis	0.3
Macho	mˈatʃo	0.33
Machogehabe	mˈatʃoɡəhˌaːbə	0.36
Machogehabes	mˈatʃoɡəhˌaːbəs	0.33
Machos	mˈatʃos	0.33
Macis	mˈatsɪs	0.33
Madeira	madˈeːra	0.29
Mademoiselle	matmozˈɛl	0.36
Madison	mˈɛdɪsən	0.57
Madisons	mˈɛdɪsəns	0.5
Magalhães-Straße	mɜoɜljˈɜ̃iʃʃtrˌaːsə	0.53
Magalhãesstraße	mɜoɜljˈɜ̃iʃʃtrˌaːsə	0.53
Magdalénien	makdalenˈiɛ̃ː	0.42
Magdaléniens	makdalenˈiɛ̃ːs	0.38
Maghreb	mˈaɡrɛp	0.43
Maghrebs	mˈaɡrɛps	0.38
Maginot-Linie	maʒinˈoːlˌiːniə	0.31
Magyar	madjˈaːɾ	0.33
Mah-Jongg	madʒˈɔŋ	0.5
Mah-Jonggs	madʒˈɔŋs	0.43
Mahabharata	mahabˈaːrata	0.3
Maharadscha	maharˈaːdʒa	0.33
Maharadschas	maharˈaːdʒas	0.3
Maharaja	maharˈaːdʒa	0.33
Maharajas	maharˈaːdʒas	0.3
Mahdis	mˈaxdis	0.33
Mahlichs	mˈaːlɪçs	0.29
Mahngebühr	mˈaːnɡəbˌyːɾ	0.38
Mahngebühren	mˈaːnɡəbˌyːrən	0.3
Mahomed	mˈaːhomɛt	0.29
Mahonie	mahˈoːniə	0.29
Mahonien	mahˈoːniən	0.38
Mailclient	mˈeɪlklaiənt	0.36
Mailclients	mˈeɪlklaiənts	0.33
Mails	mɛɪls	0.4
Mailserver	mˈɛɪlsˌœːɾvɜ	0.33
Mailservern	mˈɛɪlsˌœːɾvɜn	0.4
Mailservers	mˈɛɪlsˌœːɾvɜs	0.4
Mainboard	mˈɛɪnbˌɔːɾt	0.38
Mainboards	mˈɛɪnbˌɔːɾts	0.44
Mainstream	mˈeːnstriːm	0.4
Mainstreams	mˈeːnstriːms	0.36
Maischip	mˈaɪstʃˌɪp	0.38
Maischips	mˈaɪstʃˌɪps	0.33
Maisonette	mɛzɔnˈɛt	0.44
Maisonettes	mɛzɔnˈɛts	0.4
Maisonnette	mɛzɔnˈɛt	0.33
Maisonnettes	mɛzɔnˈɛts	0.3
Maiswhiskey	mˈaɪswˌɪski	0.36
Maiswhiskeys	mˈaɪswˌɪskis	0.33
Majuro	mˈadʒʊro	0.43
Majuros	mˈadʒʊros	0.38
Make-up	mˈɛɪkˌap	0.67
Make-up-Koffer	mˈɛɪkapkˌɔfɜ	0.4
Make-up-Koffern	mˈɛɪkapkˌɔfɜn	0.36
Make-up-Koffers	mˈɛɪkapkˌɔfɜs	0.36
Make-ups	mˈɛɪkˌaps	0.57
Makedonien	makədˈoːniən	0.27
Malaise	malˈɛːzə	0.29
Malbecs	malbˈɛk	0.29
Maleinsäure	maleˈiːnzɔɪrə	0.27
Mallorquiner	majɔɾkˈiːnɜ	0.3
Malpighiengewächs	malpˈiːɡiənɡəvˌɛks	0.47
Malpighiengewächse	malpˈiːɡiənɡəvˌɛksə	0.44
Malpighiengewächsen	malpˈiːɡiənɡəvˌɛksən	0.41
Malpighiengewächses	malpˈiːɡiənɡəvˌɛksəs	0.41
Maltese	maltˈeːzə	0.29
Malteser	maltˈeːzɜ	0.29
Mammoth Mountain	mˈɛməθ mˈaʊntɪn	0.5
Mammoth Mountains	mˈɛməθ mˈaʊntɪns	0.46
Management	mˈɛnɪtʃmənt	0.5
Management-Buy-out	mˈɛnɪtʃməntbˌaɪaʊt	0.44
Management-Buy-outs	mˈɛnɪtʃməntbˌaɪaʊts	0.41
Management-Buyout	mˈɛnɪtʃməntbˌaɪaʊt	0.56
Management-Buyouts	mˈɛnɪtʃməntbˌaɪaʊts	0.53
Managementfehler	mˈɛnɪtʃməntfˌeːlɜ	0.29
Managementfehlern	mˈɛnɪtʃməntfˌeːlɜn	0.27
Managementfehlers	mˈɛnɪtʃməntfˌeːlɜs	0.27
Managements	mˈɛnɪtʃmənts	0.45
Manaus	mɜnˈaus	0.33
Manaus’	mɜnˈaus	0.33
Manchester	mˈɛntʃɛstɜ	0.44
Manchesters	mˈɛntʃɛstɜs	0.4
Mangelware	mˈaŋəlvˌaːrə	0.44
Manhattan	mɛnhˈɛtən	0.38
Manhattaner	mɛnhˈɛtənɜ	0.33
Manhattans	mɛnhˈɛtəns	0.33
Manien	manˈiːən	0.29
Maniok	manˈiɔk	0.43
Maniokbrot	manˈiɔkbrˌoːt	0.27
Maniokknolle	manˈiɔkknˌɔlə	0.27
Maniokmehl	manˈiɔkmˌeːl	0.3
Maniokmehls	manˈiɔkmˌeːls	0.27
Manioks	manˈiɔks	0.38
Manjock	mɜnjˈɔɡ	0.67
Manor	mˈɛnə	0.6
Manors	mˈɛnəs	0.5
Manson-Familie	mˈɛːnsənfamˌiːliə	0.36
Manzanillo	mansanˈiːjo	0.3
Manzanillos	mansanˈiːjos	0.27
Maquis	makˈiː	0.5
Marathonpace	mˈaratɔnpˌɛɪs	0.27
Marbella	maɾvˈelja	0.38
Marbellas	maɾvˈeljas	0.33
Marcel	maɾsˈɛl	0.33
Marcels	maɾsˈɛls	0.29
Marcheschwan	maɾxəʃvˈaːn	0.3
Marchese	maɾkˈeːzə	0.5
Mariaevangelium	marˈiːaevaŋɡˌeːliʊm	0.27
Marienberg	marˈiːənbˌɛɾk	0.27
Marienbild	marˈiːənbˌɪlt	0.27
Marienerscheinung	marˈiːənɛɾʃˌaɪnʊŋ	0.29
Marienfests	marˈiːənfˌɛsts	0.33
Marienfigur	marˈiːənfiɡˌuːɾ	0.33
Marienfiguren	marˈiːənfiɡˌuːrən	0.29
Mariengarn	marˈiːənɡˌaɾn	0.27
Marienglas	marˈiːənɡlˌaːs	0.27
Mariengras	marˈiːənɡrˌaːs	0.27
Marienhaar	marˈiːənhˌaːɾ	0.3
Marienhaare	marˈiːənhˌaːrə	0.27
Marienhaars	marˈiːənhˌaːɾs	0.27
Marienkirchen	marˈiːənkˌɪɾçən	0.29
Marienkäfer	marˈiːənkˌɛːfɜ	0.27
Marienlegende	marˈiːənleɡˌɛndə	0.29
Marienlegenden	marˈiːənleɡˌɛndən	0.27
Marienlied	marˈiːənlˌiːt	0.3
Marienliede	marˈiːənlˌiːdə	0.27
Marienlieder	marˈiːənlˌiːdɜ	0.27
Marienlieds	marˈiːənlˌiːts	0.27
Marienlob	marˈiːənlˌoːp	0.3
Marienlobe	marˈiːənlˌoːbə	0.27
Marienlobs	marˈiːənlˌoːps	0.27
Marienstatue	marˈiːənʃtˌaːtuə	0.31
Marienstatuen	marˈiːənʃtˌaːtuən	0.29
Mariensäule	marˈiːənzˌɔɪlə	0.33
Mariensäulen	marˈiːənzˌɔɪlən	0.31
Mariental	marˈiːəntˌaːl	0.3
Marientals	marˈiːəntˌaːls	0.27
Marienverehrung	marˈiːənfɛɾˌeːrʊŋ	0.29
Marienwerder	marˌiːənvˈɛɾdɜ	0.36
Marienwerders	marˌiːənvˈɛɾdɜs	0.33
Mario	mˈaːrio	0.33
Marion	mˈaːriɔn	0.33
Marionettenherrscher	marionˈɛtənhˌɛɾʃɜ	0.27
Marionettenregime	marionˈɛtənreʒˌiːm	0.29
Marionettenregimes	marionˈɛtənreʒˌiːms	0.28
Marionettenstaat	marionˈɛtənʃtˌaːt	0.27
Marions	mˈaːriɔns	0.29
Marios	mˈaːrios	0.29
Marketenderware	maɾkətˈɛndɜvˌaːrə	0.43
Markise	mˌaɾkˈiːzə	0.29
Marmorfoyer	mˈaɾmoːɾfoajˌeː	0.45
Marmorrelief	mˈaɾmoːɾrelˌiɛf	0.33
Marmorreliefs	mˈaɾmoːɾrelˌiɛfs	0.31
Maroquin	marokˈɛ̃ː	0.38
Maroquins	marokˈɛ̃ːs	0.33
Marquis	maɾkˈiː	0.43
Marquise	maɾkˈiːzə	0.38
Marquisen	maɾkˈiːzən	0.33
Marseillaise	maɾsɛjˈɛːzə	0.55
Marseille	maɾsˈɛːj	0.62
Marseilles	maɾsˈɛːjs	0.56
Marshall	mˈaɾʃal	0.29
Martial-Arts-Film	mˈɑːʃəlˈartsfɪlm	0.27
Maryland	mˈɛrilɛnt	0.38
Marylands	mˈɛrilɛnts	0.33
Marysville	mɛriːsvˈɪl	0.33
Marysvilles	mɛriːsvˈɪls	0.3
Maschinengeräuschen	maʃˈiːnənɡərˌɔɪʃən	0.35
Maschinengewehrgeräuschen	maʃˈiːnənɡəveːɾɡərˌɔɪʃən	0.32
Masdschid	masdʒˈit	0.29
Masdschids	masdʒˈits	0.38
Masers	mˈɛɪzɜs	0.33
Mashare	maʃˈarə	0.29
Mashie	mˈɛʃi	0.6
Mashies	mˈɛʃis	0.5
Mashup	mˈɛʃˌap	0.67
Mashups	mˈɛʃˌaps	0.57
Mason-Dixon-Linie	mɛɪsəndˈɪksənlˌiːniə	0.41
Massachusetts	mɛsətʃˈuːsɛts	0.45
Massachusetts Bay	mɛsətʃˈuːsɛtsbˌɛɪ	0.36
Massachusetts’	mɛsətʃˈuːsɛts	0.45
Massagesalon	masˈaːʒəzalˌɔ̃ː	0.27
Masters	mˈɑːstəz	0.33
Masterstudiengang	mˈaːstɜʃtˌuːdiənɡaŋ	0.27
Matabisch	mˌadɜbˈɪʃ	0.29
Matchen	mˈɛtʃən	0.43
Mathebuch	mˈatəbˌuːx	0.29
Matrices	matrˈiːtseːs	0.33
Matthäus	matˈɛːʊs	0.43
Matthäusevangelium	matˈɛːʊsevaŋɡˌeːliʊm	0.38
Matthäusevangeliums	matˈɛːʊsevaŋɡˌeːliʊms	0.35
Matthäuskirchen	matˈɛːʊskˌɪɾçən	0.29
Matysik	mˈatysɪk	0.29
Mauspads	mˈaʊspɛdz	0.38
Mayonnaise	majɔnˈɛːzə	0.33
Mayonnaisen	majɔnˈɛːzən	0.3
Mayotte	majˈɔt	0.33
Mayottes	majˈɔts	0.29
Mazel tov	mˈazəltɔf	0.33
McLean	məklˈɛɪn	0.43
McLeans	məklˈɛɪns	0.38
Meath	miːð	0.75
Meaths	miːðs	0.6
Mebibyte	mˈeːbibˌaɪt	0.38
Mebibytes	mˈeːbibˌaɪts	0.33
Medaillengewinn	medˈaljənɡəvˌɪn	0.31
Medaillengewinne	medˈaljənɡəvˌɪnə	0.29
Medaillengewinnen	medˈaljənɡəvˌɪnən	0.27
Medaillengewinner	medˈaljənɡəvˌɪnɜ	0.29
Medaillengewinnerinnen	medˈaljənɡəvˌɪnərɪnən	0.26
Medaillengewinnern	medˈaljənɡəvˌɪnɜn	0.27
Medaillengewinners	medˈaljənɡəvˌɪnɜs	0.27
Medaillengewinnes	medˈaljənɡəvˌɪnəs	0.27
Medaillengewinns	medˈaljənɡəvˌɪns	0.29
Medaillenspiegel	medˈaljənʃpˌiːɡəl	0.29
Medaillenspiegeln	medˈaljənʃpˌiːɡəln	0.27
Medaillenspiegels	medˈaljənʃpˌiːɡəls	0.27
Medaillon	medaljˈɔ̃ː	0.5
Medaillons	medaljˈɔ̃ːs	0.44
Medellín	medejˈiːn	0.29
Mediaman	mˈiːdiəmˌɛn	0.38
Medicane	mˈɛdikein	0.5
Medichs	mˈeːdiçs	0.43
Medien	mˈeːdiən	0.29
Medienbranche	mˈeːdiənbrˌɑ̃ːʃə	0.33
Medienbranchen	mˈeːdiənbrˌɑ̃ːʃən	0.31
Mediengeschichte	mˈeːdiənɡəʃˌɪçtə	0.29
Mediengeschichten	mˈeːdiənɡəʃˌɪçtən	0.27
Mediengesellschaft	mˈeːdiənɡəzˌɛlʃaft	0.27
Mediengesellschaften	mˈeːdiənɡəzˌɛlʃaftən	0.29
Mediengesetz	mˈeːdiənɡəzˌɛts	0.33
Mediengesetze	mˈeːdiənɡəzˌɛtsə	0.31
Mediengesetzen	mˈeːdiənɡəzˌɛtsən	0.29
Mediengesetzes	mˈeːdiənɡəzˌɛtsəs	0.29
Medizingeschichtsschreibung	meditsˈiːnɡəʃˌɪçtsʃraɪbʊŋ	0.26
Meduse	medˈuːzə	0.33
Medusen	medˈuːzən	0.29
Meeresbrise	mˈeːrəsbrˌiːzə	0.3
Meeresbrisen	mˈeːrəsbrˌiːzən	0.27
Meeresschaum	mˈeːrəsʃˌaʊm	0.3
Meeresschaums	mˈeːrəsʃˌaʊms	0.27
Meeresschutz	mˈeːrəsʃˌʊts	0.3
Meeresschutze	mˈeːrəsʃˌʊtsə	0.27
Meeressäuger	mˈeːrəszˌɔɪɡɜ	0.3
Meeressäugern	mˈeːrəszˌɔɪɡɜn	0.27
Meeressäugers	mˈeːrəszˌɔɪɡɜs	0.27
Meeressäugetier	mˈeːrəszˌɔɪɡətiːɾ	0.31
Meeressäugetiere	mˈeːrəszˌɔɪɡətiːrə	0.29
Meeressäugetieren	mˈeːrəszˌɔɪɡətiːrən	0.27
Meeressäugetieres	mˈeːrəszˌɔɪɡətiːrəs	0.27
Meeressäugetiers	mˈeːrəszˌɔɪɡətiːɾs	0.29
Meeressäume	mˈeːrəszˌɔɪmə	0.3
Meeressäumen	mˈeːrəszˌɔɪmən	0.27
Meeresungeheuer	mˈeːrəsˌʊnɡəhɔɪɜ	0.54
Meeresungeheuern	mˈeːrəsˌʊnɡəhɔɪɜn	0.5
Meeresungeheuers	mˈeːrəsˌʊnɡəhɔɪɜs	0.5
Meerrettichs	mˈeːɾrˌɛtɪçs	0.3
Meerrettichsauce	mˈeːɾrɛtɪçzˌoːsə	0.46
Meerrettichsaucen	mˈeːɾrɛtɪçzˌoːsən	0.43
Meerrettichsoße	mˈeːɾrɛtɪçzˌoːsə	0.31
Meerrettichsoßen	mˈeːɾrɛtɪçzˌoːsən	0.29
Meeräschen	mˈeːɾˌɛʃən	0.33
Meet and Greet	mˌiːtɛntɡrˈiːt	0.3
Meet and Greets	mˌiːtɛntɡriːts	0.27
Meet-and-Greet	mˌiːtɛntɡrˈiːt	0.3
Meet-and-Greets	mˌiːtɛntɡriːts	0.27
Meet-and-greet	mˌiːtɛntɡrˈiːt	0.3
Meet-and-greets	mˌiːtɛntɡriːts	0.27
Megabyte	mˈeːɡabˌaɪt	0.38
Megabytes	mˈeːɡabˌaɪts	0.33
Megacitys	mˈeːɡasˌɪtis	0.33
Mehrwegbehälter	mˈeːɾveːkbəhˌɛltɜ	0.31
Mehrwegbehältern	mˈeːɾveːkbəhˌɛltɜn	0.29
Mehrwegbehälters	mˈeːɾveːkbəhˌɛltɜs	0.29
Mehrweggeschirr	mˈeːɾveːkɡəʃˌɪɾ	0.27
Mehrwertsteuererhöhung	mˈeːɾveːɾtʃtɔɪɜɛɾhˌøːʊŋ	0.28
Melancholei	melaŋkolˈaɪ	0.27
Melancholie	melaŋkolˈiː	0.3
Melancholien	melaŋkolˈiːən	0.38
Melancholikerin	melaŋkˈoːlɪkərɪn	0.29
Melancholikerinnen	melaŋkˈoːlɪkərɪnən	0.29
Melancholikern	melaŋkˈoːlɪkɜn	0.31
Melancholikers	melaŋkˈoːlɪkɜs	0.31
Melange	melˈɑ̃ːʃ	0.33
Melangeakt	melˈɑ̃ːʒəˌakt	0.3
Melangeakte	melˈɑ̃ːʒəˌaktə	0.27
Melangeakts	melˈɑ̃ːʒəˌakts	0.27
Melaningehalt	melanˈiːnɡəhˌalt	0.38
Melaningehaltes	melanˈiːnɡəhˌaltəs	0.33
Melaningehalts	melanˈiːnɡəhˌalts	0.36
Melekeok	mələkjˈok	0.38
Melekeoks	mələkjˈoks	0.33
Melilla	melˈilja	0.33
Melillas	melˈiljas	0.29
Mellrichstadt	mˈɛlrɪçʃtˌat	0.27
Memes	miːms	0.4
Memorys	mˈɛmoris	0.29
Memorystick	mˈɛməristˌɪk	0.3
Memorysticks	mˈɛməristˌɪks	0.27
Menage à trois	menˌaːʒa trˈoa	0.5
Menu	mˈøny	0.5
Menus	mˈønys	0.4
Mercedesse	mɛɾtsˈeːdəsə	0.3
Mercedessen	mɛɾtsˈeːdəsən	0.27
Merchandising	mˈœːɾtʃəndˌaɪzɪŋ	0.46
Merchandisings	mˈœːɾtʃəndˌaɪzɪŋs	0.43
Merengue	merˈɛnɡue	0.38
Meroes	mˈeːroes	0.33
Mersennezahl	mɛɾsˈɛntsˌaːl	0.27
Merzenichs	mˈɛɾtsənɪçs	0.27
Mesalliance	mezalˈiɑ̃ːs	0.44
Mesdames	medˈam	0.5
Mesdemoiselles	medəmoazˈɛl	0.46
Mesdschid	mɛsdʒˈit	0.29
Mesdschids	mɛsdʒˈits	0.38
Mesencephalon	mezɛntsˈeːfalɔn	0.31
Mesencephalons	mezɛntsˈeːfalɔns	0.29
Mesenichs	mˈeːzənɪçs	0.33
Mesilla	mesˈiːja	0.5
Mesillas	mesˈiːjas	0.43
Meskalinräuschen	mɛskalˈiːnrˌɔɪʃən	0.31
Messdiener	mˈɛsdˌiːnɜ	0.33
Messenger	mˈɛsɪndʒɜ	0.5
Messenger-RNA	mˈɛsɪndʒɜɛɾɛnˌaː	0.31
Messenger-RNAs	mˈɛsɪndʒɜɛɾɛnˌaːs	0.36
Messengern	mˈɛsɪndʒɜn	0.33
Messengers	mˈɛsɪndʒɜs	0.33
Messergebnis	mˈɛsɛɾɡˌeːpnɪs	0.27
Messerichs	mˈɛsɜrɪçs	0.33
Messerstichs	mˈɛsɜʃtˌɪçs	0.3
Messieurs	məsˈiøːs	0.43
Metal	mˈɛtəl	0.4
Metallware	metˈalvˌaːrə	0.56
Metals	mˈɛtəls	0.33
Metastudie	mˈeːtaʃtˌuːdiə	0.27
Metencephalon	metɛntsˈeːfalɔn	0.31
Metencephalons	metɛntsˈeːfalɔns	0.29
Meterware	mˈeːtɜvˌaːrə	0.62
Meth	mɛθ	0.67
Meth-Dealer	mˈɛθdˌiːlɜ	0.43
Meth-Dealern	mˈɛθdˌiːlɜn	0.38
Meth-Dealers	mˈɛθdˌiːlɜs	0.5
Methionin	metionˈiːn	0.33
Methionins	metionˈiːns	0.3
Meths	mɛθs	0.5
Metterichs	mˈɛtɜrɪçs	0.33
Meublement	møbləmˈɑ̃ː	0.5
Meublements	møbləmˈɑ̃ːs	0.45
Meurichs	mˈɔɪrɪçs	0.38
Mexicali	mexikˈaːli	0.33
Mexicalis	mexikˈaːlis	0.4
Mezien	metsˈiːɛn	0.38
Mezzie	metsˈiːɛ	0.33
Mezzien	metsˈiːɛn	0.5
Meßerle	mˈɛsɜlə	0.29
MiGs	mɪks	0.67
Miami	maɪˈɛmɪ	0.67
Miami Beach	maɪˌɛmɪbˈiːtʃ	0.7
Miami Beachs	maɪˌɛmɪbˈiːtʃs	0.64
Miamis	maɪˈɛmɪs	0.43
Mice	maɪs	0.75
Michelangelo	mikelˈandʒelo	0.67
Michelangelos	mikelˈandʒelos	0.62
Michelin-Männchen	miʃlˈɛ̃mˌɛnçən	0.4
Michelin-Männchens	miʃlˈɛ̃mˌɛnçəns	0.38
Michelisens	mɪçˈeːlɪsəns	0.27
Michigan	mˈɪʃɪɡən	0.38
Michigan-See	mˈɪʃɪɡənzˌeː	0.3
Michigan-Sees	mˈɪʃɪɡənzˌeːs	0.27
Michigans	mˈɪʃɪɡəns	0.33
Michigansee	mˈɪʃɪɡənzˌeː	0.3
Michigansees	mˈɪʃɪɡənzˌeːs	0.27
Michoacán	mitʃoːakˈan	0.33
Michoacáns	mitʃoːakˈans	0.3
Microfaser	mˈiːkrofˌaːzɜ	0.67
Microfasern	mˈiːkrofˌaːzɜn	0.58
Microsite	mˈaɪkrosˌaɪt	0.27
Midlife-Crisis	mˈɪdlaɪfkrˈaɪsɪs	0.43
Midlifecrisis	mˈɪdlaɪfkrˈaɪsɪs	0.43
Mietshäuser	mˈiːtshˌɔɪzɜ	0.33
Mietshäusern	mˈiːtshˌɔɪzɜn	0.3
Mignon	mɪnjˈɔ̃	0.67
Mignons	mɪnjˈɔ̃ːs	0.57
Mijnheer	mənˈeːɾ	0.43
Mijnheers	mənˈeːɾs	0.38
Mikrobion	mikrˈoːbiɔn	0.3
Mikrobions	mikrˈoːbiɔns	0.27
Mikrojob	mˈiːkrodʒˌɔp	0.33
Mikrojobs	mˈiːkrodʒˌɔps	0.5
Mikrospende	mˈiːkroʃpˌɛndə	0.36
Mikrospenden	mˈiːkroʃpˌɛndən	0.33
Mikwen	mikvˈeːn	0.33
Milchschaum	mˈɪlçʃˌaʊm	0.3
Milchschaums	mˈɪlçʃˌaʊms	0.27
Milchschäume	mˈɪlçʃˌɔɪmə	0.36
Milchschäumen	mˈɪlçʃˌɔɪmən	0.33
Milchsee	mˈɪlçzˌeː	0.43
Milchseen	mˈɪlçzˌeːən	0.33
Milchsees	mˈɪlçzˌeːs	0.38
Milchshake	mˈɪlçʃeːk	0.56
Milchshakes	mˈɪlçʃeːks	0.5
Milchsorte	mˈɪlçzˌɔɾtə	0.3
Milchsorten	mˈɪlçzˌɔɾtən	0.27
Milchstraße	mˈɪlçʃtrˌaːsə	0.27
Milchsäure	mˈɪlçzˌɔɪrə	0.4
Milchsäureester	mˈɪlçzɔɪrəˌɛstɜ	0.43
Milchsäureestern	mˈɪlçzɔɪrəˌɛstɜn	0.4
Milchsäureesters	mˈɪlçzɔɪrəˌɛstɜs	0.4
Milchsäuren	mˈɪlçzˌɔɪrən	0.36
Milchware	mˈɪlçvˌaːrə	0.56
Milieustudie	milˈiøːʃtˌuːdiə	0.33
Milieustudien	milˈiøːʃtˌuːdiən	0.31
Military	mˈɪlɪtəri	0.38
Militarys	mˈɪlɪtəris	0.44
Militärmusikensemble	militˈɛːɾmuziːkɑ̃sˌɑ̃ːbəl	0.35
Militärmusikensembles	militˈɛːɾmuziːkɑ̃sˌɑ̃ːbəls	0.33
Miljekolben	mˈɪljəkˌɔlvə	0.45
Miljekolbens	mˈɪljəkˌɔlvəs	0.42
Millennien	mɪlˈɛniən	0.33
Millionendeal	mɪlˈioːnəndˌiːl	0.31
Millionendeals	mɪlˈioːnəndˌiːls	0.29
Millionenerbschaft	mɪlˈioːnənˌɛɾpʃaft	0.27
Millionenspende	mɪlˈioːnənʃpˌɛndə	0.33
Millionenspenden	mɪlˈioːnənʃpˌɛndən	0.31
Mimese	mimˈeːzə	0.33
Mineralien	mɪnerˈaːliən	0.27
Mineralölsteuer	mɪnerˈaːløːlʃtˌɔɪɜ	0.29
Mineralölsteuern	mɪnerˈaːløːlʃtˌɔɪɜn	0.27
Miniaturversion	miniatˈuːɾvɛɾzˌioːn	0.27
Minibuch	mˈɪnibˌuːx	0.29
Minibudget	mˈɪnibydʒˌeː	0.5
Minibudgets	mˈɪnibydʒˌeːs	0.45
Minigame	mˈɪniɡˌeːm	0.5
Minigames	mˈɪniɡˌeːms	0.44
Minigun	mˈɪniɡˌan	0.43
Miniguns	mˈɪniɡˌans	0.38
Minijob	mˈɪnidʒˌɔp	0.5
Minijobber	mˈɪnidʒˌɔbɜ	0.33
Minijobberin	mˈɪnidʒˌɔbərɪn	0.27
Minijobberinnen	mˈɪnidʒˌɔbərɪnən	0.31
Minijobbern	mˈɪnidʒˌɔbɜn	0.3
Minijobbers	mˈɪnidʒˌɔbɜs	0.3
Minijobs	mˈɪnidʒˌɔps	0.44
Minis	mˈɪnis	0.4
Mintsauce	mˈɪntzˌoːsə	0.33
Mintsaucen	mˈɪntzˌoːsən	0.3
Miosga	miˈɔsɡa	0.43
Miosgas	miˈɔsɡas	0.38
Mise en Scène	mizɑ̃sˈɛn	0.55
Missile	mˈɪsaɪl	0.5
Missiles	mˈɪsaɪls	0.43
Mission District	mˈɪʃəndˌɪstɹɪkt	0.29
Missionsschule	mɪsˈioːnsʃˌuːlə	0.31
Missionsschulen	mɪsˈioːnsʃˌuːlən	0.29
Missmanagement	mˈɪsmˌɛnɪtʃmənt	0.38
Missmanagements	mˈɪsmˌɛnɪtʃmənts	0.36
Mithra	mˈiːtra	0.33
Mithras	mˈiːtras	0.29
Mithras’	mˈiːtras	0.29
Mithril	mɪtrˈɪl	0.29
Mithräer	mitrˈɛːɜ	0.29
Mititei	mˈiːtitej	0.43
Mitrailleuse	mitrajˈøːzə	0.3
Mitrailleusen	mitrajˈøːzən	0.27
Mitren	mˈiːtrən	0.33
Mitscherlichs	mˈɪtʃɜlɪçs	0.3
Mittellinie	mˈɪtəllˌiːniə	0.3
Mittellinien	mˈɪtəllˌiːniən	0.27
Mixed Martial Arts	mˌɪkst mˌaːʃl ˈaːts	0.35
Mixed Media	mˈɪkst mˈiːdiə	0.27
Mobiltelefonnummer	mobˈiːlteləfoːnnˌʊmɜ	0.31
Mobiltelefonnummern	mobˈiːlteləfoːnnˌʊmɜn	0.29
Mochi	mˈɔtʃi	0.4
Mockturtle	mˈɔktˌœːɾtəl	0.33
Modeaccessoire	mˈoːdəaksɛsˌoaːɾ	0.33
Modeaccessoires	mˈoːdəaksɛsˌoaːɾs	0.31
Modedesignerin	mˈoːdədizˌaɪnərɪn	0.31
Modedesignerinnen	mˈoːdədizˌaɪnərɪnən	0.31
Modedesignern	mˈoːdədizˌaɪnɜn	0.33
Modedesigners	mˈoːdədizˌaɪnɜs	0.33
Modehäuser	mˈoːdəhˌɔɪzɜ	0.33
Modehäusern	mˈoːdəhˌɔɪzɜn	0.3
Modejournal	mˈoːdəʒʊɾnˌaːl	0.3
Modejournale	mˈoːdəʒʊɾnˌaːlə	0.27
Modejournals	mˈoːdəʒʊɾnˌaːls	0.27
Modellstudiengang	modˈɛlʃtuːdiənɡˌaŋ	0.27
Mohammed	mˈoːhamɛt	0.29
Mohawk	mˈoːhɔːk	0.4
Mohawks	mˈoːhɔːks	0.33
Mohel	mˌohˈeːl	0.4
Mohels	mˌohˈeːls	0.33
Moischt	mœʃt	0.4
Moischts	mœʃts	0.33
Molchs	mɔlçs	0.33
Moleskine	mˈoːlskɪn	0.33
Molotow-Cocktail	mˈɔlotɔfkˌɔktɛɪl	0.29
Molotow-Cocktails	mˈɔlotɔfkˌɔktɛɪls	0.27
Monaghan	mˈɔnəhən	0.5
Monaghans	mˈɔnəhəns	0.44
Monatsabonnement	mˈoːnatsabɔnəmˌɑ̃ː	0.33
Monatsabonnements	mˈoːnatsabɔnəmˌɑ̃ːs	0.31
Mondbahn	mˈoːntbˌaːn	0.29
Mondboot	mˈoːntbˌoːt	0.29
Mondbär	mˈoːntbˌɛːɾ	0.29
Mondgesicht	mˈoːntɡəzˌɪçt	0.27
Mondgestein	mˈoːntɡəʃtˌaɪn	0.27
Mondgott	mˈoːntɡˌɔt	0.29
Mondjahr	mˈoːntjˌaːɾ	0.29
Mondmann	mˈoːntmˌan	0.29
Mondmission	mˈoːntmɪsˌioːn	0.3
Mondorbits	mˈoːntˌɔɾbɪts	0.3
Mondrakete	mˈoːntrakˌeːtə	0.3
Mondraketen	mˈoːntrakˌeːtən	0.27
Mondrover	mˈoːntrˌɔʊvɜ	0.44
Mondrovern	mˈoːntrˌɔʊvɜn	0.4
Mondrovers	mˈoːntrˌɔʊvɜs	0.4
Mondsee	mˈoːntzˌeː	0.33
Mondsees	mˈoːntzˌeːs	0.29
Mondtag	mˈoːnttˌaːk	0.29
Mondvögel	mˈoːntfˌøːɡəl	0.33
Mondvögeln	mˈoːntfˌøːɡəln	0.3
Monet	monˈeː	0.4
Monets	monˈeːs	0.33
Monnerichs	mˈɔnərɪçs	0.38
Monosaccharids	monozaxarˈiːts	0.29
Mons	mɔ̃ːs	0.5
Monsieur	məsˈiøː	0.71
Monsieurs	məsˈiøːs	0.62
Mons’	mɔ̃ːs	0.5
Mont Blanc	mɔ̃blˈɑ̃ː	0.44
Mont Blancs	mõblˈɑ̃ːs	0.5
Montagehalle	mɔntˈaːʒəhˌalə	0.27
Montagnard	mɔ̃tanjˈaːɾ	0.4
Montagnards	mɔ̃tanjˈaːɾs	0.36
Montagsauto	mˈoːntaːksˌaʊto	0.27
Montblanc	mɔ̃blˈɑ̃ː	0.44
Montblancs	mõblˈɑ̃ːs	0.5
Montecristo	montekrˈisto	0.27
Montgolfiere	mɔ̃ɡɔlfˈieːrə	0.27
Mood-Board	mˈuːdbˌɔːɾt	0.57
Mood-Boards	muːdbˌɔːɾts	0.62
Moodboard	mˈuːdbˌɔːɾt	0.29
Moodboards	mˈuːdbˌɔːɾts	0.38
Moonboot	mˈuːnbˌuːt	0.33
Moonboots	mˈuːnbˌuːts	0.29
Moonshine	mˈuːnʃaɪn	0.62
Moosbewuchs	mˈoːsbəvˌuːks	0.33
Moosbewuchses	mˈoːsbəvˌuːksəs	0.36
Mordwinien	mɔɾtvˈiːniən	0.27
Morgenstern	mˈɔɾɡənʃtˌɛɾn	0.27
Morillon	mˈɔrɪlɔn	0.29
Morlaix	mɔɾlˈɛ	0.5
Morlaix’	mɔɾlˈɛs	0.38
Morningshow	mˈɔːnɪŋʃˌɔʊ	0.5
Morningshows	mˈɔːnɪŋʃˌɔʊs	0.45
Morsecode	mˈɔɾzəkoːt	0.33
Morsecodes	mˈɔɾzəkoːts	0.3
Morsekode	mˈɔɾzəkoːt	0.33
Morsekodes	mˈɔɾzəkoːts	0.3
Moschusochse	mˈɔʃʊsˌɔksə	0.44
Moschusochsen	mˈɔʃʊsˌɔksən	0.4
Moskitostichs	mɔskˈiːtoʃtˌɪçs	0.31
Mostrichs	mˈɔstrɪçs	0.33
Motorengeräuschen	motˈoːrənɡərˌɔɪʃən	0.35
Motorgeräuschen	mˈoːtoːɾɡərˌɔɪʃən	0.33
Mottopartys	mˈɔtopˌaːɾtis	0.27
Motuproprio	motuprˈoːprio	0.33
Motuproprios	motuprˈoːprios	0.31
Mount Everest	maʊnt ˈɛvərɛst	0.36
Mountainbike	mˈaʊntɪnbˌaɪk	0.45
Mountainbiker	mˈaʊntɪnbˌaɪkɜ	0.33
Mountainbikerin	mˈaʊntɪnbˌaɪkərɪn	0.36
Mountainbikerinnen	mˈaʊntɪnbˌaɪkərɪnən	0.38
Mountainbikern	mˈaʊntɪnbˌaɪkɜn	0.38
Mountainbikers	mˈaʊntɪnbˌaɪkɜs	0.38
Mountainbikes	mˈaʊntɪnbˌaɪks	0.42
Mountainbiking	mˈaʊntənbˌaɪkɪŋ	0.46
Mountainbikings	mˈaʊntənbˌaɪkɪŋs	0.43
Mountie	mˈaʊnti	0.33
Mounties	mˈaʊntis	0.29
Mouse	maʊs	0.75
Mousepad	mˈaʊspɛt	0.57
Mousepads	mˈaʊspɛts	0.5
Mouses	mˈaʊsɪz	0.83
Mousse au Chocolat	mʊsoʃɔkɔlˈa	0.62
Moustache	mustˈaʃ	0.29
Moustérien	mʊsterˈiɛ̃ː	0.33
Moustériens	mʊsterˈiɛ̃ːs	0.45
Mudjahed	mʊdʒahˈɛt	0.38
Mudjaheddin	mʊdʒahedˈiːn	0.4
Mudschahed	mʊdʒahˈɛt	0.5
Mudschaheddin	mʊdʒahedˈiːn	0.5
Mudschahedin	mʊdʒahedˈiːn	0.4
Mueller	mˈʏlɜ	0.4
Muellers	mˈʏlɜs	0.33
Muhackl	mˈuːhakəl	0.29
Mulchs	mʊlçs	0.33
Mulchschicht	mˈʊlçʃˌɪçt	0.27
Mulligan	mˈʌlɪɡən	0.29
Mulligatawny Soup	mˌʌləɡətˈɑːni suːp	0.36
Mulligatawny Soups	mˌʌləɡətˈɑːni suːps	0.33
Multans		1.0
Mumie	mˈuːmiə	0.33
Mundblechs	mˈʊntblˌɛçs	0.3
Murlasits	mˈʊɾlaʃɪtʃ	0.33
Murlasits’	mˈʊɾlaʃɪtʃs	0.3
Musculus rectus abdominis	mˈuːskulus rˈeːktus abdˈoːminis	0.26
Muse	mˈuːzə	0.5
Musen	mˈuːzən	0.4
Muses	mˈuːzəs	0.4
Museumsangestellte	muzˈeːʊmsˌanɡəʃtɛltə	0.35
Museumsangestelltem	muzˈeːʊmsˌanɡəʃtɛltəm	0.33
Museumsangestellten	muzˈeːʊmsˌanɡəʃtɛltən	0.33
Museumsangestellter	muzˈeːʊmsˌanɡəʃtɛltɜ	0.35
Museumsbibliothek	muzˈeːʊmsbibliotˌeːk	0.29
Museumsbibliotheken	muzˈeːʊmsbibliotˌeːkən	0.26
Museumsschiff	muzˈeːʊmsʃˌɪf	0.36
Museumsschiffe	muzˈeːʊmsʃˌɪfə	0.33
Museumsschiffen	muzˈeːʊmsʃˌɪfən	0.31
Museumsschiffes	muzˈeːʊmsʃˌɪfəs	0.31
Museumsschiffs	muzˈeːʊmsʃˌɪfs	0.33
Museumstür	muzˈeːʊmstˌyːɾ	0.3
Museumsviertel	muzˈeːʊmsfˌɪɾtəl	0.31
Museumsvierteln	muzˈeːʊmsfˌɪɾtəln	0.29
Museumsviertels	muzˈeːʊmsfˌɪɾtəls	0.29
Musical	mjˈuːzɪkəl	0.38
Musicals	mjˈuːzɪkəls	0.33
Musicalstil	mjˈuːzɪkəlʃtˌiːl	0.33
Musicalstiles	mjˈuːzɪkəlʃtˌiːləs	0.29
Musicalstils	mjˈuːzɪkəlʃtˌiːls	0.31
Musicalversion	mjˈuːzɪkəlvɛɾzˌioːn	0.4
Musicalversionen	mjˈuːzɪkəlvɛɾzˌioːnən	0.35
Musikgenre	muzˈiːkʒˌɑ̃ːrə	0.3
Musikgenres	muzˈiːkʒˌɑ̃ːrəs	0.27
Musikjargon	muzˈiːkʒaɾɡˌɔŋ	0.27
Muskelshirt	mˈʊskəlʃˌœːɾt	0.27
Mutagenese	mutaɡenˈeːzə	0.3
Mutazilit	mutazilˈiːt	0.3
Muzak	mjˈuːzɛk	0.67
MwSt.	mˈeːɾveːɾtʃtˌɔɪɜ	0.75
Myelencephalon	myelɛntsˈeːfalɔn	0.29
Myelencephalons	myelɛntsˈeːfalɔns	0.27
Myelografien	myeloɡrafˈiːən	0.31
Myelon	mˈyːelɔn	0.33
Mykolajiw	mɪkɔlˈajiv	0.33
Mylady	milˈeːdi	0.38
Myladys	milˈeːdis	0.44
Mynheer	mənˈeːɾ	0.33
Mynheers	mənˈeːɾs	0.29
Myoklonien	myoklonˈiːən	0.27
Mysterienreligion	mʏstˈeːriənreliɡˌioːn	0.32
Mysterienreligionen	mʏstˈeːriənreliɡˌioːnən	0.29
Mystery	mˈɪstəri	0.29
Mysterys	mˈɪstəris	0.38
Myzelien	mytsˈeːliən	0.3
Mäeutik	mɛˈɔɪtɪk	0.29
Mäusemelken	mˈɔɪzəmˌɛlkŋ̩	0.36
Mäusemelkens	mˈɔɪzəmˌɛlkŋ̩s	0.33
Mäusenests	mˈɔɪzənˌɛsts	0.3
Mäuserichs	mˈɔɪzərɪçs	0.44
Mäusespeck	mˈɔɪzəʃpˌɛk	0.33
Mäusespecks	mˈɔɪzəʃpˌɛks	0.3
Mäusle	mˈɔɪzlə	0.33
Mèchen	mˈɛʃən	0.33
Ménage à trois	menˌaːʒa trˈoa	0.56
Ménage-à-trois	menˌaːʒatrˈoa	0.56
Ménages-à-trois	menˌaːʒatrˈoa	0.58
Möblage	møblˈaːʒə	0.29
Mönchs	mœnçs	0.33
Mönchshabit	mˈœnçshabˌiːt	0.27
Mückenstichs	mˈʏkənʃtˌɪçs	0.27
Müesli	mˈyəslɪ	0.33
Müeslis	mˈyəslis	0.29
Müllmanagement	mˈʏlmˌɛnɪtʃmənt	0.38
Müllmanagements	mˈʏlmˌɛnɪtʃmənts	0.36
Münchs	mʏnçs	0.33
Mützenichs	mˈʏtsənɪçs	0.3
NAACP	ɛndabəlɛɪsiːpˈiː	0.77
NASDAQ	nˈɛsdɛk	0.33
NASDAQs	nɛsdɛks	0.29
NGOs	ˌɛndʒiˈoʊs	0.5
NIGs	ɛniːɡˈeːs	0.5
NOPD	ɛnɔʊpiːdˈiː	0.62
Nachf.	nˈaːxfˌɔlɡɜ	0.5
Nachkriegsengland	nˈaːxkriːksˌɛŋlant	0.27
Nacho	nˈatʃo	0.4
Nachos	nˈatʃos	0.33
Nachschubdepot	nˈaːxʃuːpdepˌoː	0.27
Nachschublinie	nˈaːxʃuːplˌiːniə	0.33
Nachschublinien	nˈaːxʃuːplˌiːniən	0.31
Nachsorgeangebot	nˈaːxzˌɔɾɡəˌanɡəboːt	0.27
Nachtgeräuschen	nˈaxtɡərˌɔɪʃən	0.36
Nachtlogis	nˈaxtloʒˌiː	0.33
Nachwuchs	nˈaːxvˌuːks	0.29
Nachwuchses	nˈaːxvˌuːksəs	0.33
Nachwuchsproblem	nˈaːxvuːksproblˌeːm	0.36
Nachwuchsprobleme	nˈaːxvuːksproblˌeːmə	0.27
Nachwuchsproblems	nˈaːxvuːksproblˌeːms	0.27
Nadelstichs	nˈaːdəlʃtˌɪçs	0.27
Nahur	nˈaːhʊɾ	0.4
Nahurs	nˈaːhʊɾs	0.33
Naivling	naˈiːflɪŋ	0.29
Namedropping	nˈɛɪmdrˌɔpɪŋ	0.3
Namedroppings	nˈɛɪmdrˌɔpɪŋs	0.27
Namensschwester	nˈaːmənsʃvˌɛstɜ	0.31
Nampula	nɜmpˈulɜ	0.29
Nancys	nˈɑ̃ːsis	0.33
Nanjing	nandʒɪŋ	0.29
Nantes	nɑ̃ːt	0.5
Nantes’	nɑ̃ːts	0.33
Napier	nˈɛɪpɪə	0.67
Napolitaine	napolitˈɛːn	0.27
Nasdaq	nˈɛsdɛk	0.33
Nasdaqs	nˈɛsdɛks	0.29
Nashi	nˈaʃi	0.4
Nashis	nˈaʃis	0.5
Nashua	nˈɛʃʊə	0.83
Nashuas	nˈɛʃʊəs	0.71
Nashville	nˈɛʃvɪl	0.29
Nastuch	naːztuːx	0.33
Nastuchs	nˈaːztuːxs	0.29
Natalicien	natalˈiːtsiən	0.27
Nathan Road	nˈɛɪθənɹˌɔʊt	0.7
Native Speaker	nˈeɪtɪv spˈiːkə	0.67
Naurus	naˈuːrus	0.33
Navigationssatellit	naviɡatsˈioːnszatɛlˌiːt	0.26
Navigationssoftware	naviɡatsˈioːnssˌɔftvɛːɾ	0.53
Nawatl	nˈawatəl	0.29
Nayarit	najarˈiːt	0.29
Naypyidaw	nɛpjidˈɔ	0.56
Naypyidaws	nɛpjidˈɔs	0.5
Naziopfer	nˈaːtsiˌɔpfɜ	0.3
Naziopfern	nˈaːtsiˌɔpfɜn	0.27
Naziopfers	nˈaːtsiˌɔpfɜs	0.27
Nebbichs	nˈɛbɪçs	0.43
Nebenjob	nˈeːbəndʒˌɔp	0.33
Nebenjobs	nˈeːbəndʒˌɔps	0.3
Nebochant	nɛboçˈant	0.44
Nebochanten	nɛboçˈantən	0.36
Negerviertel	nˈeːɡɜfˌɪɾtəl	0.27
Nehemia	nehəmˈiːa	0.29
Neher	nˈɛːɜ	0.33
Nelsonsäule	nˈɛlsənzˌɔɪlə	0.27
Neobiont	neobˈiɔnt	0.33
Neobionten	neobˈiɔntən	0.27
Neopren	neoprˈeːn	0.29
Netizen	nˈɛtɪzən	0.5
Netizens	nˈɛtɪzəns	0.44
Netsuke	nˈɛtsuke	0.29
Networking	nˈetvøːɾkɪŋ	0.33
Networkings	nˈetvøːɾkɪŋs	0.4
Netzjargon	nˈɛtsʒaɾɡˌɔ̃ː	0.3
Netzjargons	nˈɛtsʒaɾɡˌɔ̃ːs	0.27
Netzjunkie	nˈɛtsdʒˌaŋki	0.4
Netzjunkies	nˈɛtsdʒˌaŋkis	0.36
Neu-Delhi	nɔɪdˈeːli	0.38
Neu-Delhis	nɔɪdˈeːlis	0.44
Neubewertung	nˈɔɪbəvˌeːɾtʊŋ	0.27
Neuengland	nɔɪˈɛŋlant	0.4
Neuenglands	nɔɪˈɛŋlants	0.36
Neuengländer	nɔɪˈɛŋlɛndɜ	0.36
Neuengländern	nɔɪˈɛŋlɛndɜn	0.33
Neuengländers	nɔɪˈɛŋlɛndɜs	0.33
Neuerkirchs	nˈɔɪɜkˌɪɾçs	0.3
Neuerlaa	nˌɔɪˈɛɾlaː	0.29
Neugalicien	nˌɔɪɡalˈiːtsiən	0.33
Neugaliciens	nˌɔɪɡalˈiːtsiəns	0.31
Neugeschwender	nˈɔɪɡəʃvˌɛndɜ	0.27
Neugschwender	nˈɔɪɡʃvˌɛndɜ	0.3
Neugschwenders	nˈɔɪɡʃvˌɛndɜs	0.27
Neugschwendtner	nˈɔɪɡʃvˌɛndnɜ	0.27
Neuilly-sur-Seine	nœjisyrsˈɛn	0.71
Neuilly-sur-Seines	nœjisyrsˈɛns	0.67
Neujahrsbaby	nˈɔɪjaːɾsbˌeːbi	0.5
Neujahrsbabys	nˈɔɪjaːɾsbˌeːbis	0.53
Neukaledonien	nˌɔɪkalədˈoːniən	0.29
Neukaledoniens	nˌɔɪkalədˈoːniəns	0.27
Neukirchen-Vluyn	nɔɪkˌɪɾçənflˈyːn	0.29
Neukirchen-Vluyns	nɔɪkˌɪɾçənflˈyːns	0.28
Neumagen-Dhron	nˈɔɪmˌaːɡən drˈoːn	0.27
Neume	nˈɔɪmə	0.4
Neumen	nˈɔɪmən	0.33
Neumond	nˈɔɪmˌoːnt	0.29
Neunerrest	nˈɔɪnɜrˌɛst	0.33
Neunerreste	nˈɔɪnɜrˌɛstə	0.3
Neunerresten	nˈɔɪnɜrˌɛstən	0.27
Neunerrestes	nˈɔɪnɜrˌɛstəs	0.27
Neunkirchs	nˈɔɪnkˌɪɾçs	0.3
Neurochirurg	nˈɔɪroçirˌʊɾk	0.33
Neurochirurgen	nˈɔɪroçirˌʊɾɡən	0.29
Neurochirurgie	nˈɔɪroçirʊɾɡˌiː	0.31
Neurochirurgin	nˈɔɪroçirˌʊɾɡɪn	0.29
Neurocranien	nˌɔɪrokrˈaːniən	0.31
Neuron	nˈɔɪrɔn	0.33
Neurons	nˈɔɪrɔns	0.29
Neusprechs	nˈɔɪʃprɛçs	0.3
Neustadt	nˈɔɪʃtˌat	0.29
Neustrelitz	nɔɪʃtrˈeːlɪts	0.27
Neustrelitz’	nɔɪʃtrˈeːlɪts	0.27
Neutron	nˈɔɪtrɔn	0.29
Neutronenstern	nɔɪtrˈoːnənʃtˌɛɾn	0.29
Neutronensterne	nɔɪtrˈoːnənʃtˌɛɾnə	0.27
Neutronensterns	nɔɪtrˈoːnənʃtˌɛɾns	0.27
Neuvermählte	nˈɔɪfɛɾmˌɛːltə	0.27
Neuvermählter	nˈɔɪfɛɾmˌɛːltɜ	0.27
Neuware	nˈɔɪvˌaːrə	0.71
New Age	njuː ˈeːtʃ	0.5
New Economy	njˌuːikˈɔnəmi	0.3
New Hampshire	nuː hˈɛmpʃɐ	0.58
New Jersey	nuːdʒˈɜzi	0.67
New Jerseys	nuːdʒˈɜzis	0.6
New Mexico	nuːmˈɛksɪkoʊ	0.3
New Mexicos	nuːmˈɛksɪkoʊs	0.27
New Orleans	njuː ɔːlˈiːnz	0.4
New Orleans’	njuː ɔːɾlˈɪnz	0.3
New York Citys	njˈuː jɔːk sˈɪtis	0.33
Newa	nˈeːva	0.75
Newcomer	njˈuːkˌamɜ	0.29
Newcomerin	njˈuːkˌamərɪn	0.3
Newcomers	njˈuːkˌamɜs	0.38
Newel	nˈeːvəl	0.4
Newels	nˈeːvəls	0.5
Newsletters	njˈuːslˌɛtɜs	0.33
Newtonmeters	njˈuːtənmˌeːtɜs	0.27
Nganasane	ŋanazˈaːnə	0.3
Nganasanen	ŋanazˈaːnən	0.27
Nganasanin	ŋanazˈaːnɪn	0.27
Ngerulmud	ŋerʊlmˈuːt	0.33
Ngerulmuds	ŋerʊlmˈuːts	0.4
Niacin	niatsˈiːn	0.43
Niacins	niatsˈiːns	0.38
Niamey	njamˈɛ	0.5
Niameys	njamˈɛs	0.43
Nice-to-have	naɪstuhˈɛv	0.6
Nice-to-haves	naɪstuhɛfs	0.64
Nicknames	nˈɪknˌɛɪmz	0.5
Nicole	nikˈɔl	0.33
Nicoles	nikˈɔls	0.29
Nicäa	nitsˈɛːaː	0.33
Nicäas	nitsˈɛːaːs	0.29
Niedrigenergiehaus	nˈiːdrɪçenɛɾɡˌiːhaʊs	0.29
Niedrigenergiehause	nˈiːdrɪçenɛɾɡˌiːhaʊzə	0.28
Niedrigenergiehauses	nˈiːdrɪçenɛɾɡˌiːhaʊzəs	0.26
Niedrigenergiehäuser	nˈiːdrɪçenɛɾɡˌiːhɔɪzɜ	0.33
Niedrigenergiehäusern	nˈiːdrɪçenɛɾɡˌiːhɔɪzɜn	0.32
Nierenspender	nˈiːrənʃpˌɛndɜ	0.27
Nigl	niːɡəl	0.4
Nigls	niːɡəls	0.33
Nigritiens	niɡrˈiːtsiəns	0.27
Nijmegen	nˈɛimeːɡə	0.5
Nikoläusin	nˈɪkolɔɪsɪn	0.4
Nikotingehalt	nikotˈiːnɡəhˌalt	0.38
Nikotingehalte	nikotˈiːnɡəhˌaltə	0.36
Nikotingehalten	nikotˈiːnɡəhˌaltən	0.33
Nikotingehaltes	nikotˈiːnɡəhˌaltəs	0.33
Nikotingehalts	nikotˈiːnɡəhˌalts	0.36
Nikotingeruch	nikotˈiːnɡərˌʊx	0.27
Nillenchassis	nˈɪlənʃasˌiː	0.36
Nilstaat	nˈiːlʃtˌaːt	0.29
Ninja	nˈɪndʒa	0.33
Ninjas	nˈɪndʒas	0.29
Niob	niˈoːp	0.4
Niobatom	nˈioːpatˌoːm	0.33
Niobatome	nˈioːpatˌoːmə	0.3
Niobatomen	nˈioːpatˌoːmən	0.27
Niobatoms	nˈioːpatˌoːms	0.3
Niobe	nˈiːobe	0.5
Niobes	nˈiːobes	0.43
Niobeschmerz	nˈiːobəʃmˌɛɾts	0.36
Niobeschmerzes	nˈiːobəʃmˌɛɾtsəs	0.31
Niobs	niˈoːps	0.33
Nischenjob	nˈiːʃəndʒˌɔp	0.44
Nischenjobs	nˈiːʃəndʒˌɔps	0.4
Nitrids	nitrˈiːts	0.29
Nitrit	nitrˈiːt	0.33
Niue	nɪˈuːɛɪ	0.8
Niveaulimbo	nivˈoːlˌɪmbo	0.27
Niveaus	nivˈoːs	0.43
Niveauverlust	nivˈoːfɛɾlˌʊst	0.33
Niveauverluste	nivˈoːfɛɾlˌʊstə	0.31
Niveauverlusten	nivˈoːfɛɾlˌʊstən	0.29
Niveauverlustes	nivˈoːfɛɾlˌʊstəs	0.29
Niveauverlusts	nivˈoːfɛɾlˌʊsts	0.31
Niwche	nˈiːfçə	0.33
Niwchin	nˈiːfçɪn	0.29
No-Go	nˈɔʊɡˌɔʊ	0.67
No-Gos	nˈɔʊɡˌɔʊs	0.57
No-go-Area	nɔʊɡˈɔʊˌɛːria	0.6
Nobelrestaurant	nˈoːbəlrɛstorˌɑ̃ː	0.27
Nobile	nˈɔːbile	0.33
Nobling	nˈoːplɪŋ	0.33
Noblinge	nˈoːplˌɪŋə	0.29
Noblings	nˈoːplɪŋs	0.29
Nobody	nˈɔʊbˌɜdi	0.43
Nobodys	nˈɔʊbˌɜdis	0.5
Nocebo	notsˈeːbo	0.29
Nocturnes	nɔktˈʏɾn	0.33
Nodien	nˈoːdiən	0.29
Nollywood	nˈɔliwʊt	0.43
Nollywood-Film	nˈɔliwʊtfˌɪlm	0.27
Nollywoods	nˈɔliwʊts	0.38
Nonchalance	nõʃalˈɑ̃ːs	0.56
Nonien	nˈoːniən	0.29
Nonpareille	nˌõparˈɛːj	0.6
Nonpareilles	nˌõparˈɛːj	0.64
Nord-Pas-de-Calais	nɔɾpɑdkalˈɛ	0.4
Nord-Pas-de-Calais’	nɔɾpɑdkalɛs	0.33
Nordasiens	nˈɔɾtˌaːziəns	0.27
Nordbabylonien	nˈɔɾtbabylˌoːniən	0.43
Nordbabyloniens	nˈɔɾtbabylˌoːniəns	0.47
Nordeingang	nˈɔɾtaɪnɡˌaŋ	0.3
Nordeingange	nˈɔɾtaɪnɡˌaŋə	0.27
Nordeingangs	nˈɔɾtaɪnɡˌaŋs	0.27
Nordeingänge	nˈɔɾtaɪnɡˌɛŋə	0.27
Nordengland	nˈɔɾtɛŋlˌant	0.36
Nordenglands	nˈɔɾtɛŋlˌants	0.33
Nordeurasiens	nˈɔɾtɔɪrˌaːziəns	0.29
Nordgallien	nˈɔɾtɡˌaliən	0.27
Nordghana	nˈɔɾtɡˌaːna	0.33
Nordghanas	nˈɔɾtɡˌaːnas	0.3
Nordindien	nˈɔɾtˌɪndiən	0.27
Nordisrael	nˈɔɾtˌiːsraeːl	0.3
Nordisraels	nˈɔɾtˌiːsraeːls	0.27
Norditalien	nˈɔɾtitˌaːliən	0.33
Norditaliens	nˈɔɾtitˌaːliəns	0.31
Nordlibyens	nˈɔɾtlˌyːbiəns	0.27
Nordrhodesiens	nˈɔɾtrodˌeːziəns	0.27
North Carolina	nˈɔːθ kɛrəlˈaɪnə	0.58
North Carolinas	nˈɔːθ kɛrəlˈaɪnəs	0.54
North Dakota	nˈɔːθ dəkˈoʊtə	0.5
North Dakotas	nˈɔːθ dəkˈoʊtəs	0.45
Nospelt	nˈoːspɛlt	0.29
Notbehelf	nˈoːtbəhˌɛlf	0.33
Notbehelfe	nˈoːtbəhˌɛlfə	0.3
Notbehelfen	nˈoːtbəhˌɛlfən	0.27
Notbehelfes	nˈoːtbəhˌɛlfəs	0.27
Notbehelfs	nˈoːtbəhˌɛlfs	0.3
Notebook	nˈoːtbʊk	0.29
Notfonds	nˈoːtfˌɔ̃ː	0.5
Nothalt	nˈoːthˌalt	0.29
Notrufsender	nˈoːtruːfzˌɛndɜ	0.27
Notrufsäule	nˈoːtruːfzˌɔɪlə	0.27
Notstromgenerator	nˈoːtʃtroːmɡenərˌaːtoːɾ	0.29
Notstromgeneratoren	nˈoːtʃtroːmɡenəratˌoːrən	0.26
Notstromgenerators	nˈoːtʃtroːmɡenərˌaːtoːɾs	0.28
Nottür	nˈoːttˌyːɾ	0.33
Notverkäufe	nˈoːtfɛɾkˌɔɪfə	0.27
Nova Scotia	nˈoʊvə skˈoʊʃə	0.45
Nova Scotias	nˈoʊvə skˈoʊʃəs	0.42
Nowokusnezk	nɔvɔkʊznˈetsk	0.33
Nowokusnezks	nɔvɔkʊznˈetsks	0.31
Nu Metal	nuː mˈɛtəl	0.29
Nuclein	nukleˈiːn	0.43
Nucleins	nukleˈiːns	0.38
Nucleinsäure	nukleˈiːnzˌɔɪrə	0.33
Nucleinsäuren	nukleˈiːnzˌɔɪrən	0.31
Nude	nuːt	0.5
Nudes	nuːts	0.4
Nudging	nˈadʒɪŋ	0.33
Nudgings	nˈadʒɪŋs	0.29
Nuklei	nˈuːklei	0.5
Nuklein	nukleˈiːn	0.43
Nukleins	nukleˈiːns	0.38
Nukleinsäure	nukleˈiːnzˌɔɪrə	0.33
Nukleinsäuren	nukleˈiːnzˌɔɪrən	0.31
Nukleon	nˈuːkleɔn	0.29
Nukleus	nˈuːkleʊs	0.43
Nuklids	nuklˈiːts	0.29
Nukuʻalofa	nˌukualˈoːfa	0.7
Nukuʻalofas	nˌukualˈoːfas	0.69
Nullbudget	nˈʊlbydʒˌeː	0.44
Nullbudgets	nˈʊlbydʒˌeːs	0.4
Nullhypothese	nˈʊlhypotˌeːzə	0.27
Nunchakus	nʊntʃˈakus	0.33
Nuraghe	nurˈaːɡə	0.29
Nurse	nœɾs	0.6
Nursen	nˈœɾsən	0.33
Nurses	nˈœɾsɪz	0.67
Nutri-Score	nˈuːtriskˌɔːɾ	0.3
Nutri-Scores	nˈuːtriskˌɔːɾs	0.27
Nutria	nˈuːtrɪa	0.33
Nutrias	nˈuːtrɪas	0.29
Nutrimentum	nutrimˈɛntʊm	0.27
Nylon	nˈaɪlɔn	0.5
Nylonbluse	nˈaɪlɔnblˌuːzə	0.36
Nylonblusen	nˈaɪlɔnblˌuːzən	0.33
Nylonnetz	nˈaɪlɔnnˌɛts	0.3
Nylonnetze	nˈaɪlɔnnˌɛtsə	0.27
Nylons	nˈaɪlɔns	0.43
Nylonsackerl	nˈaɪlɔnsˌakɜl	0.27
Nylonteppichs	nˈaɪlɔntˌɛpɪçs	0.31
Nymphensittichs	nˈʏmfənsˌɪtɪçs	0.31
Nänien	nˈɛːniən	0.29
Nîmes	nim	0.4
Nîmes’	nim	0.4
Nöth	nøːt	0.33
N’Djamena	ndʒamenˈa	0.33
N’Djamenas	ndʒamenˈas	0.3
O. K.	ɔkˈeː	0.67
OECD	oːeːtseːdˈeː	0.86
OECD-Land	oːeːtseːdˈeːlˌant	0.55
OECD-Landes	oːeːtseːdˈeːlˌandəs	0.46
OECD-Lands	oːeːtseːdˈeːlˌants	0.5
OECD-Länder	oːeːtseːdˈeːlˌɛndɜ	0.5
OECD-Ländern	oːeːtseːdˈeːlˌɛndɜn	0.46
OHIP	ˈoːhɪp	0.5
OLED	oːɛleːdˈeː	0.5
OLEDs	oːɛleːdeːs	0.57
OSZE	oːɛstsɛtˈeː	0.62
Oahus	oˈahus	0.4
Obduktionsergebnis	ɔpdʊktsˈioːnsɛɾɡˌeːpnɪs	0.26
Oberhäslichs	ˈoːbɜhˈɛzlɪçs	0.27
Oberstin	ˈoːbɜstɪn	0.29
Oblate	oblˈaːtə	0.33
Oblaten	oblˈaːtən	0.29
Obligation	obliɡatsˈioːn	0.36
Obligationen	obliɡatsˈioːnən	0.31
Obligo	ˈoːbliɡo	0.5
Obligos	ˈoːbliɡos	0.43
Oblomowerei	ˌoblomovərˈaɪ	0.27
Obrist	obrˈɪst	0.33
Obstart	ˈoːpstˌaːɾt	0.29
Obstbesteck	ˈoːpstbəʃtˌɛk	0.3
Obstbestecke	ˈoːpstbəʃtˌɛkə	0.27
Obstbestecks	ˈoːpstbəʃtˌɛks	0.27
Obstetrices	ɔpstetrˈiːtseːs	0.33
Ochs	ɔks	0.33
Ochse	ˈɔksə	0.5
Ochsen	ˈɔksən	0.4
Ochsengespann	ˈɔksənɡəʃpˌan	0.27
Ochsenmäuler	ˈɔksənmˌɔɪlɜ	0.3
Ochsenmäulern	ˈɔksənmˌɔɪlɜn	0.27
Ochsens	ˈɔksəns	0.33
Ochses	ˈɔksəs	0.4
Ochs’	ɔks	0.33
Odesa	odˈɛsa	0.4
Odesas	odˈɛsas	0.33
Oehme	ˈøːmə	0.5
Oehmes	ˈøːməs	0.4
Offensivfoul	ɔfɛnzˈiːffˌaʊl	0.36
Offensivfouls	ɔfɛnzˈiːffˌaʊls	0.33
Offlinemedien	ˈɔflaɪnmˌeːdiən	0.38
Offshoretechnik	ˈɔfʃɔːɾtˌɛçnɪk	0.29
Offshorewindpark	ˈɔfʃɔːɾvˌɪntpaɾk	0.27
Offspace	ˈɔfspˌɛɪs	0.43
Offspaces	ˈɔfspˌɛɪsɪs	0.44
Ogham-Schrift	ˈoːɡamʃrˌɪft	0.3
Oghamschrift	ˈoːɡamʃrˌɪft	0.3
Oglio	ˈɔljljo	0.67
Oglios	ˈɔljljos	0.57
Ohio	ohˈaɪo	0.6
Ohios	ohˈaɪos	0.5
Oinochoe	ɔɪnoçˈoːə	0.62
Oinochoen	ɔɪnoçˈoːən	0.56
Oirschot	ˈoːɾsxɔt	0.67
Oirschots	ˈoːɾsxɔts	0.57
Okays	okeːs	0.4
Okklusion	ˌɔklʊsˈioːn	0.38
Okklusionen	ˌɔklʊsˈioːnən	0.3
Oktaeder	ɔktaˈeːdɜ	0.29
Okunowski	ˈɔkʊnɔfski	0.33
Okunowskis	ˈɔkʊnɔfskis	0.4
Old Fashioned	ɔʊltfˈɛʃənt	0.62
Old Fashioneds	ɔʊltfˈɛʃənts	0.57
Oldtimer	ˈoːlttˌaɪmɜ	0.5
Oldtimermuseen	ˈoːlttaɪmɜmuzˌeːən	0.29
Oldtimermuseum	ˈoːlttaɪmɜmuzˌeːʊm	0.29
Oldtimermuseums	ˈoːlttaɪmɜmuzˌeːʊms	0.27
Oldtimern	ˈoːlttˌaɪmɜn	0.44
Oldtimers	ˈoːlttˌaɪmɜs	0.44
Omelett	ɔmlˈɛt	0.33
Omeletts	ɔmlˈɛts	0.29
Omikron	ˈɔmikrɔn	0.43
Omikrons	ˈɔmikrɔns	0.38
Ondit	ɔ̃dˈiː	0.6
Ondits	ɔ̃dˈiːs	0.33
One-Click-Hoster	wˈanklɪkhˌɔʊstɜ	0.31
One-Click-Hostern	wˈanklɪkhˌɔʊstɜn	0.29
One-Click-Hosters	wˈanklɪkhˌɔʊstɜs	0.29
One-Hit-Wonder	wˈanhɪtvˌɔndɜ	0.36
One-Hit-Wondern	wˈanhɪtvˌɔndɜn	0.33
One-Hit-Wonders	wˈanhɪtvˌɔndɜs	0.33
One-Man-Show	vˈanmɛnʃˌɔʊ	0.56
One-Man-Shows	vˈanmɛnʃˌɔʊs	0.6
One-Night-Stand	wˈannaɪtstɛnd	0.5
One-Night-Stands	wˈannaɪtstɛnds	0.46
One-Way-Flug	wˈanwˌeɪflˌuːk	0.5
One-Way-Fluges	wˈanwˌeɪflˌuːɡəs	0.42
One-Way-Flugs	wˈanwˌeɪflˌuːks	0.45
One-Way-Flüge	wˈanwˌeɪflˌyːɡə	0.45
One-Way-Flügen	wˈanwˌeɪflˌyːɡən	0.42
Onkoids	ɔŋkoˈiːts	0.29
Onlineangebot	ˈɔnlaɪnˌanɡəboːt	0.46
Onlineangebote	ˈɔnlaɪnˌanɡəboːtə	0.43
Onlineangeboten	ˈɔnlaɪnˌanɡəboːtən	0.4
Onlineangebotes	ˈɔnlaɪnˌanɡəboːtəs	0.4
Onlineangebots	ˈɔnlaɪnˌanɡəboːts	0.43
Onlineauktion	ˈɔnlaɪnaʊktsˌioːn	0.29
Onlinebanking	ˈɔnlaɪnbˌɛŋkɪŋ	0.42
Onlinebankings	ˈɔnlaɪnbˌɛŋkɪŋs	0.38
Onlinebetrieb	ˈɔnlaɪnbətrˌiːp	0.33
Onlinebetriebes	ˈɔnlaɪnbətrˌiːbəs	0.29
Onlinebetriebs	ˈɔnlaɪnbətrˌiːps	0.31
Onlinebibliothek	ˈɔnlaɪnbibliotˌeːk	0.38
Onlinebibliotheken	ˈɔnlaɪnbibliotˌeːkən	0.33
Onlineboom	ˈɔnlaɪnbˌuːm	0.44
Onlinebooms	ˈɔnlaɪnbˌuːms	0.4
Onlinebroker	ˈɔnlaɪnbrˌoːkɜ	0.27
Onlinebörse	ˈɔnlaɪnbˌœɾzə	0.27
Onlinedating	ˈɔnlaɪndˌeɪtɪŋ	0.42
Onlinedatings	ˈɔnlaɪndˌeɪtɪŋs	0.38
Onlinedienst	ˈɔnlaɪndˌiːnst	0.27
Onlineforen	ˈɔnlaɪnfˌoːrən	0.27
Onlineforum	ˈɔnlaɪnfˌoːrʊm	0.27
Onlinehilfe	ˈɔnlaɪnhˌɪlfə	0.27
Onlinemedien	ˈɔnlaɪnmˌeːdiən	0.38
Onlinequelle	ˈɔnlaɪnkvˌɛlə	0.27
Onlinerecherche	ˈɔnlaɪnreʃˌɛɾʃə	0.57
Onlinerecherchen	ˈɔnlaɪnreʃˌɛɾʃən	0.53
Onlineschach	ˈɔnlaɪnʃˌax	0.33
Onlineschachs	ˈɔnlaɪnʃˌaxs	0.3
Onlineservice	ˈɔnlaɪnzˌøːɾvɪs	0.42
Onlineservices	ˈɔnlaɪnzˌøːɾvɪsɪs	0.5
Onlinespiel	ˈɔnlaɪnʃpˌiːl	0.3
Onlinespiele	ˈɔnlaɪnʃpˌiːlə	0.27
Onlinespiels	ˈɔnlaɪnʃpˌiːls	0.27
Onlinesucht	ˈɔnlaɪnzˌʊxt	0.4
Onlineticket	ˈɔnlaɪntˌɪkət	0.27
Onlineumfrage	ˈɔnlaɪnˌʊmfraːɡə	0.31
Onlineumfragen	ˈɔnlaɪnˌʊmfraːɡən	0.29
Onlineversion	ˈɔnlaɪnvɛɾzˌioːn	0.38
Onlineversionen	ˈɔnlaɪnvɛɾzˌioːnən	0.33
Onlinewörterbuch	ˈɔnlaɪnvˌœɾtɜbuːx	0.43
Onlinewörterbuches	ˈɔnlaɪnvˌœɾtɜbuːxəs	0.5
Onlinewörterbuchs	ˈɔnlaɪnvˌœɾtɜbuːxs	0.47
Onlinewörterbücher	ˈɔnlaɪnvˌœɾtɜbyːçɜ	0.44
Onlinewörterbüchern	ˈɔnlaɪnvˌœɾtɜbyːçɜn	0.41
Onlinezeit	ˈɔnlaɪntsˌaɪt	0.27
Onomatopoetikon	ˌonomatopoˈeːtikɔn	0.27
Onomatopoiie	onomatopɔɪˈiː	0.27
Onomatopoiien	onomatopɔɪˈiːən	0.29
Ontogenese	ɔntoɡenˈeːzə	0.3
Oophoron	oˈoːforɔn	0.29
Open Source	ˈɔʊpən sɔːɹs	0.33
Open Sources	ˈɔʊpən sɔːɹsɪs	0.64
Operationsschwester	opəratsˈioːnsʃvˌɛstɜ	0.28
Operationssucht	ɔpəratsˈioːnszˌʊxt	0.36
Operationssäle	ɔpəratsˈioːnszˌɛːlə	0.29
Operationssälen	ɔpəratsˈioːnszˌɛːlən	0.27
Operettenensemble	opərˈɛtənãsˌãːbəl	0.5
Operettenensembles	opərˈɛtənãsˌãːbəls	0.47
Opernensemble	ˈoːpɜnãsˌãːbəl	0.58
Opernensembles	ˈoːpɜnãsˌãːbəls	0.54
Opernglas	ˈoːpɜnɡlˌaːs	0.38
Opernglase	ˈoːpɜnɡlˌaːzə	0.33
Opernglases	ˈoːpɜnɡlˌaːzəs	0.3
Operngläser	ˈoːpɜnɡlˌɛːzɜ	0.33
Operngläsern	ˈoːpɜnɡlˌɛːzɜn	0.3
Operngucker	ˈoːpɜnɡˌʊkɜ	0.38
Opernguckern	ˈoːpɜnɡˌʊkɜn	0.33
Opernguckers	ˈoːpɜnɡˌʊkɜs	0.33
Ophikleide	ofikleˈiːdə	0.33
Ophikleiden	ofikleˈiːdən	0.3
Ophiotoxin	ˌofiotɔksˈiːn	0.27
Opiat	opˈiaːt	0.33
Opiate	opˈiaːtə	0.29
Opiats	opˈiaːts	0.29
Opinionleader	opˈɪniənlˌiːdɜ	0.46
Opinionleadern	opˈɪniənlˌiːdɜn	0.43
Opinionleaders	opˈɪniənlˌiːdɜs	0.43
Opioid	opioˈiːt	0.29
Opioids	opioˈiːts	0.38
Opiumräuschen	ˈoːpiʊmrˌɔɪʃən	0.31
Oppositionswebsite	ɔpozitsˈioːnsvˌɛpsaɪt	0.33
Oppositionswebsites	ɔpozitsˈioːnsvˌɛpsaɪts	0.32
Orangeat	orɑ̃ʒˈaːt	0.29
Orangen	orˈɑ̃ːʒən	0.29
Orangenbaum	orˈɑ̃ːʒənbˌaʊm	0.27
Orangenblütenöl	orˈɑ̃ːʒənblyːtənˌøːl	0.27
Orangenbäumchen	orˈɑ̃ːʒənbˌɔɪmçən	0.27
Orangenbäume	orˈɑ̃ːʒənbˌɔɪmə	0.33
Orangenbäumen	orˈɑ̃ːʒənbˌɔɪmən	0.31
Orangenfilet	orˈɑ̃ːʒənfilˌeː	0.36
Orangenfilets	orˈɑ̃ːʒənfilˌeːs	0.42
Orangenhain	orˈɑ̃ːʒənhˌaɪn	0.27
Orangenplantage	orˈɑ̃ːʒənplantˌaːʒə	0.27
Orangensaft	orˈɑ̃ːʒənzˌaft	0.27
Orangenschale	orˈɑ̃ːʒənʃˌaːlə	0.27
Orangensorbet	orˈɑ̃ːʒənzɔɾbˌeː	0.33
Orangensorbets	orˈɑ̃ːʒənzɔɾbˌeːs	0.31
Orangerie	ˌorɑ̃ʒərˈiː	0.29
Orbitalknochen	ɔɾbitˈaːlknˌɔxən	0.46
Orbitalknochens	ɔɾbitˈaːlknˌɔxəns	0.5
Orchestrion	ɔɾçˈɛstriɔn	0.36
Orchestrions	ɔɾçˈɛstriɔns	0.33
Ordensschwester	ˈɔɾdənsʃvˌɛstɜ	0.31
Ordereingang	ˈɔɾdɜˌaɪnɡaŋ	0.3
Ordereingange	ˈɔɾdɜˌaɪnɡaŋə	0.27
Ordereingangs	ˈɔɾdɜˌaɪnɡaŋs	0.27
Ordereingänge	ˈɔɾdɜˌaɪnɡɛŋə	0.27
Ordines	ˈɔɾdineːs	0.29
Organizer	ˈɔːɾɡənaɪzɜ	0.44
Organizern	ˈɔːɾɡənaɪzɜn	0.4
Organizers	ˈɔːɾɡənaɪzɜs	0.4
Orgasmusgeräuschen	ɔɾɡˈasmʊsɡərˌɔɪʃən	0.28
Orgie	ˈɔɾɡiə	0.33
Orient	ˈoːriɛnt	0.29
Orientalin	oriɛntˈaːlɪn	0.27
Orientteppichs	ˈoːriɛnttˌɛpɪçs	0.38
Orion	orˈiːɔn	0.4
Orionnebel	orˈiːɔnnˌeːbəl	0.3
Orionnebels	orˈiːɔnnˌeːbəls	0.27
Orions	orˈiːɔns	0.33
Orkney	ˈɔɾkni	0.33
Orkneys	ˈɔɾknis	0.29
Ormocer	ɔɾmotsˈeːɾ	0.38
Ormocere	ɔɾmotsˈeːrə	0.33
Ormoceren	ɔɾmotsˈeːrən	0.3
Ormocers	ɔɾmotsˈeːɾs	0.33
Ornithochorie	ˌɔɾnitokorˈiː	0.3
Orthese	ɔɾtˈeːzə	0.33
Orthoepie	ɔɾtoepˈiː	0.29
Orthogenese	ɔɾtoɡenˈeːzə	0.3
Ortscheit	ˈɔɾtʃˌaɪt	0.33
Ortscheite	ˈɔɾtʃˌaɪtə	0.3
Ortscheiten	ˈɔɾtʃˌaɪtən	0.27
Ortscheites	ˈɔɾtʃˌaɪtəs	0.27
Ortscheits	ˈɔɾtʃˌaɪts	0.3
Oschi	ˈɔʃɪ	0.33
Oshakati	ɔʃakˈatɪ	0.38
Oshana	ɔʃˈaːna	0.33
Oshanas	ɔʃˈaːnas	0.29
Oshikuku	ɔʃɪkˈuːku	0.38
Oshikukus	ɔʃɪkˈuːkus	0.44
Oshivambo	oʃivˈambo	0.33
Oshivambos	oʃivˈambos	0.3
Osprey	ˈɔspɹi	0.67
Ospreys	ˈɔspɹis	0.57
Osterbrunch	ˈoːstɜbrˌantʃ	0.3
Osterbrunche	ˈoːstɜbrˌantʃə	0.27
Osterbrunchs	ˈoːstɜbrˌantʃs	0.27
Othering	ˈʌðəɹɪŋ	0.67
Otherings	ˈʌðəɹɪŋs	0.57
Otjiherero	ˌotʃihɛlˈɛlɔ	0.8
Otjihereros	ˌotʃihɛlˈɛlɔs	0.73
Otorrhöe	otɔrˈøː	0.29
Otterngezücht	ˈɔtɜnɡətsˌʏçt	0.33
Otterngezüchte	ˈɔtɜnɡətsˌʏçtə	0.31
Otterngezüchten	ˈɔtɜnɡətsˌʏçtən	0.29
Otterngezüchtes	ˈɔtɜnɡətsˌʏçtəs	0.29
Otterngezüchts	ˈɔtɜnɡətsˌʏçts	0.31
Ouija	wˈiːdʒi	0.8
Ouija-Brett	wˈiːdʒibrˌɛt	0.44
Ouija-Bretter	wˈiːdʒibrˌɛtɜ	0.4
Ouija-Brettern	wˈiːdʒibrˌɛtɜn	0.36
Ouija-Bretts	wˈiːdʒibrˌɛts	0.4
Ouijas	wˈiːdʒis	0.67
Oukie	ˈɔʊkiː	0.5
Oukies	ˈɔʊkiːs	0.4
Outback	ˈaʊtbɛk	0.5
Outbacks	ˈaʊtbɛks	0.43
Outdoorhose	ˈaʊtdɔːɾhˌoːzə	0.3
Outdoorhosen	ˈaʊtdɔːɾhˌoːzən	0.27
Outdoorjacke	ˈaʊtdɔːɾjˌakə	0.3
Outdoorjacken	ˈaʊtdɔːɾjˌakən	0.27
Outen	ˈaʊtən	0.4
Outens	ˈaʊtəns	0.33
Outfit	ˈaʊtfɪt	0.33
Outfits	ˈaʊtfɪts	0.43
Outing	ˈaʊtɪŋ	0.4
Outings	ˈaʊtɪŋs	0.33
Outlaw	ˈaʊtlɔː	0.8
Outlaws	ˈaʊtlɔːs	0.67
Outlet-Center	ˈaʊtlɛtsˌɛntɜ	0.27
Outletcenter	ˈaʊtlɛtsˌɛntɜ	0.27
Outperformer	ˈaʊtpœːɾfˌɔːɾmɜ	0.27
Outsider	ˈaʊtsˌaɪdɜ	0.5
Outsiderin	ˈaʊtsˌaɪdərɪn	0.4
Outsiderinnen	ˈaʊtsˌaɪdərɪnən	0.42
Outsidern	ˈaʊtsˌaɪdɜn	0.44
Outsiders	ˈaʊtsˌaɪdɜs	0.44
Outsourcing	ˈaʊtsɔːsɪŋ	0.75
Outsourcings	ˈaʊtsɔːsɪŋs	0.67
Outtake	ˈaʊttɛɪk	0.86
Outtakes	ˈaʊttɛɪks	0.75
Ouzo	ˈuːzo	0.5
Ouzos	ˈuːzos	0.4
Oval Office	ˌɔʊvəl ˈɔfɪs	0.33
Oval Offices	ˌɔʊvəl ˈɔfɪsəs	0.45
Over	ˈɔʊvɜ	0.5
Over-the-Counter-Market	ɔʊvəðəkˈaʊntəmˌaːkɪt	0.47
Over-the-Counter-Markets	ɔʊvəðəkˈaʊntəmˌaːkɪts	0.44
Overhead	ˈoːvɜhˌɛt	0.29
Overkill	ˈɔʊvɜkˌɪl	0.29
Overknees	ˈɔʊvɜnˌiːs	0.57
Overs	ɔʊvɜs	0.4
Overstatement	ɔʊvɜstˈɛɪtmənt	0.46
Overstatements	ɔʊvɜstˈɛɪtmənts	0.43
Overtime	ˈɔʊvɜtˌaɪm	0.75
Overtimes	ˈɔʊvɜtˌaɪms	0.67
Owen	ˈaʊən	0.5
Owens	ˈaʊəns	0.4
Oxelösund	uksəløsˈund	0.4
Oxelösunds	uksəløsˈunds	0.36
Oxfordien	ɔksfɔɾdˈiɛ̃ː	0.36
Oxfordiens	ɔksfɔɾdˈiɛ̃ːs	0.33
Oxybiose	ɔksibˈioːzə	0.3
Oxygen	ɔksiɡˈeːn	0.29
Oxytocin	ɔksitotsˈiːn	0.4
Oxytocins	ɔksitotsˈiːns	0.36
Oybin	ɔɪbˈiːn	0.4
Oybins	ɔɪbˈiːns	0.33
Ozelot	ˈoːtselɔt	0.29
Ozongehalt	otsˈoːnɡəhˌalt	0.27
Oʻahu	oˈahu	0.82
Oʻahus	oˈahus	0.79
PET-Flasche	pˈɛtflˌaʃə	0.3
PET-Flaschen	pˈɛtflˌaʃən	0.27
PaKs	paks	0.33
Pace	pɛɪs	0.75
Pacemaker	pˈɛɪsmˌɛɪkɜ	0.56
Pacemakern	pˈɛɪsmˌɛɪkɜn	0.5
Pacemakers	pˈɛɪsmˌɛɪkɜs	0.5
Pachinko	patʃˈɪŋko	0.38
Pachinko-Salon	patʃˈɪŋkozalˌɔŋ	0.38
Pachinko-Salons	patʃˈɪŋkozalˌɔŋs	0.36
Pacho	pˈatʃo	0.4
Pachos	pˈatʃos	0.33
Pachuca	patʃˈuːka	0.29
Pachuco	patʃˈuːko	0.29
Packard	pˈɛkɜt	0.33
Packards	pˈɛkɜts	0.29
Paddys	pˈɛdis	0.4
Padels	pˈedls	0.33
Paella	paˈɛlja	0.33
Paellas	paˈɛljas	0.29
Pager	pˈɛɪdʒɜ	0.67
Pagern	pˈɛɪdʒɜn	0.57
Pagers	pˈɛɪdʒɜs	0.57
Pages	pˈeɪdʒəs	0.57
Pageturner	pˈɛɪtʃtˌœːɾnɜ	0.5
Pageturnern	pˈɛɪtʃtˌœːɾnɜn	0.45
Pageturners	pˈɛɪtʃtˌœːɾnɜs	0.45
Paintball	pˈeːntboːl	0.38
Paintballs	pˈeːntboːls	0.33
Pair	pɛːɾ	0.67
Pairs	pɛːɾs	0.75
Paisley	pˈɛɪsliː	0.43
Paisleys	pˈɛɪsliːs	0.38
Pak Choi	pɑk tʃˈɔɪ	0.57
Palais	palˈɛː	0.5
Paletot	pˈaləto	0.29
Pallywood	pˈɛliwʊt	0.57
Pallywoods	pˈɛliwʊts	0.5
Pandschabis	pandʒˈaːbis	0.33
Panelstudie	pˈɛnəlʃtˌuːdiə	0.33
Panelstudien	pˈɛnəlʃtˌuːdiən	0.31
Pangen	panɡˈeːn	0.5
Pangene	panɡˈeːnə	0.43
Pangenen	panɡˈeːnən	0.38
Pangenesis	panɡˈɛnəzɪs	0.4
Pangenesistheorie	panɡˈɛnəzɪsteorˌiː	0.27
Pangens	panɡˈeːns	0.43
Pangäa	panɡˈɛːa	0.33
Panjabis	pandʒˈaːbis	0.33
Pankow	pˈaŋko	0.33
Pankows	pˈaŋkos	0.29
Papaya	papˈaːja	0.33
Papayas	papˈajaːs	0.29
Paperback	pˈeːpɜbˌɛk	0.29
Papiamentus	pˌaːpɪamˈɛntus	0.27
Paravent	paravˈɑ̃	0.38
Paravents	paravˈɑ̃s	0.33
Parenthese	parɛntˈeːzə	0.33
Parfait	paɾfˈɛ	0.43
Parfaits	paɾfˈɛs	0.38
Pariser	parˈiːzɜ	0.33
Pariser Kommune	parˈiːzɜ kɔmyn	0.33
Parkranger	pˈaɾkɹˌɛɪndʒɜ	0.55
Parkrangern	pˈaɾkɹˌɛɪndʒɜn	0.5
Parkrangers	pˈaɾkɹˌɛɪndʒɜs	0.5
Parthenogenese	paɾtenoɡenˈeːzə	0.31
Partikelverb	paɾtˈɪkəlvˌɛɾp	0.33
Partikelverben	paɾtˈɪkəlvˌɛɾbən	0.29
Partikelverbes	paɾtˈɪkəlvˌɛɾbəs	0.29
Partikelverbs	paɾtˈɪkəlvˌɛɾps	0.31
Partizip I	paɾtitsˈiːp aɪns	0.31
Partizip II	paɾtitsˈiːp tsvaɪ	0.26
Partizips I	paɾtitsˈiːps aɪns	0.29
Parvenu	pˌaɾvenˈyː	0.29
Parvenues	pˌaɾvenˈyːs	0.33
Parys	parˈɛɪs	0.33
Parys’	parˈɛɪs	0.33
Pasadena	pɛsədˈiːnə	0.62
Pasadenas	pɛsədˈiːnəs	0.56
Passagierjet	pasaʒˈiːɾdʒˌɛt	0.27
Passbehörde	pˈasbəhˌøːɾdə	0.3
Passbehörden	pˈasbəhˌøːɾdən	0.27
Passionsspiel	pasˈioːnsʃpˌiːl	0.27
Passivstil	pˈasiːfʃtˌiːl	0.33
Passivstiles	pˈasiːfʃtˌiːləs	0.27
Passivstils	pˈasiːfʃtˌiːls	0.3
Past	baʃd	0.75
Pastiche	pastˈiːʃ	0.5
Pastiches	pastˈiːʃs	0.44
Pastophorion	pastofˈoːriɔn	0.27
Pastrami-Sandwich	pastrˈaːmisˌɛntvɪtʃ	0.31
Pastrami-Sandwiche	pastrˈaːmisˌɛntvɪtʃə	0.29
Pastrami-Sandwichen	pastrˈaːmisˌɛntvɪtʃən	0.28
Pastrami-Sandwiches	pastrˈaːmisˌɛntvɪtʃəs	0.28
Pastrami-Sandwichs	pastrˈaːmisˌɛntvɪtʃs	0.29
Patchworkfamilie	pˈɛtʃvœɾkfamˌiːliə	0.4
Patchworkfamilien	pˈɛtʃvœɾkfamˌiːliən	0.38
Pathogenese	patoɡenˈeːzə	0.3
Patience	pasˈiɑ̃ːs	0.71
Patiencen	pasˈiɑ̃ːsən	0.44
Patiens	pˈaːtsiɛns	0.38
Patientia	patsˈiɛntsia	0.27
Patio	pˈaːtio	0.33
Patios	pˈaːtios	0.29
Patois	patˈoa	0.33
Patois’	patˈoa	0.33
Patrouille	patrˈʊljə	0.38
Patrouillen	patrˈʊljən	0.33
Pavillon	pˈavɪljɔŋ	0.38
Pavillons	pˈavɪljɔŋs	0.33
Pawnee	pɔːnˈiː	0.6
Pawnees	pɔːnˈiːs	0.5
Pay-TV	pˈeːtiːviː	0.75
Pay-TVs	pˈeːtiːviːs	0.7
Paya	pˈaːja	0.5
Pays de la Loire	peidlalwˈaːɾ	0.54
Paywall	pˈeːvˌɔːl	0.5
Paywalls	pˈeːvˌɔːls	0.43
Peacenik	pˈiːsnɪk	0.5
Peaceniks	pˈiːsnɪks	0.44
Peak	piːk	0.5
Peaks	piːks	0.4
Peanuts	pˈiːnats	0.43
Pearl Harbor	pˌœːɾl hˈaːɾbɜ	0.27
Pebibyte	pˈeːbibˌaɪt	0.38
Pebibytes	pˈeːbibˌaɪts	0.33
Pechs	pɛçs	0.4
Pechstein	pˈɛçʃtˌaɪn	0.33
Pechsteines	pˈɛçʃtˌaɪnəs	0.27
Pechsteins	pˈɛçʃtˌaɪns	0.3
Pechsträhne	pˈɛçʃtrˌɛːnə	0.3
Pechsträhnen	pˈɛçʃtrˌɛːnən	0.27
Pedelec	pˈedelɛk	0.29
Peepshow	pˈiːpʃˌɔʊ	0.71
Peepshows	pˈiːpʃˌɔʊs	0.62
Peloton	pelotˈɔ̃ː	0.29
Pen-&-Paper-Rollenspiel	pˈɛnənpɛɪpɜrɔlənʃpiːl	0.26
Penalty	penˈalti	0.29
Penaltys	pˈɛnəltis	0.38
Penchant	pɑ̃ʃˈɑ̃ː	0.75
Penchants	pɑ̃ʃˈɑ̃ːs	0.67
Pendant	pɑ̃dˈɑ̃ː	0.57
Pendants	pɑ̃dˈɑ̃ːs	0.5
Pendentif	pɑ̃dɑ̃tiːf	0.44
Pendentifs	pˈɑ̃dɑ̃tiːfs	0.4
Pendule	pɑ̃dˈyːlə	0.43
Pendulen	pɑ̃dˈyːlən	0.38
Pennsylvania	pɛnsɪlvˈɛɪniə	0.42
Pennsylvania-Deutsch	pɛnsɪlvˈɛɪniədˌɔɪtʃ	0.35
Pennsylvania-Deutsche	pɛnsɪlvˈɛɪniədˌɔɪtʃə	0.33
Pennsylvania-Deutschen	pɛnsɪlvˈɛɪniədˌɔɪtʃən	0.32
Pennsylvania-Deutschs	pɛnsɪlvˈɛɪniədˌɔɪtʃs	0.33
Pennsylvaniadeutsch	pɛnsɪlvˈɛɪniədˌɔɪtʃ	0.35
Pennsylvaniadeutsche	pɛnsɪlvˈɛɪniədˌɔɪtʃə	0.33
Pennsylvaniadeutschen	pɛnsɪlvˈɛɪniədˌɔɪtʃən	0.32
Pennsylvaniadeutschs	pɛnsɪlvˈɛɪniədˌɔɪtʃs	0.33
Pennsylvanias	pɛnsɪlvˈɛɪniəs	0.38
Pension	pɑ̃zˈioːn	0.43
Pensionen	pɑ̃zˈioːnən	0.33
Pensionierung	pɑ̃zionˈiːrʊŋ	0.33
Pensionierungen	pɑ̃zionˈiːrʊŋən	0.29
Pensionsalter	pɑ̃zˈioːnsˌaltɜ	0.38
Pensionsaltern	pɑ̃zˈioːnsˌaltɜn	0.36
Pensionsalters	pɑ̃zˈioːnsˌaltɜs	0.36
Pensionsbetreiber	pɑ̃zˈioːnsbətrˌaɪbɜ	0.29
Pensionsbetreibern	pɑ̃zˈioːnsbətrˌaɪbɜn	0.28
Pensionsbetreibers	pɑ̃zˈioːnsbətrˌaɪbɜs	0.28
Pensionsfonds	pɑ̃zˈioːnsfˌɔ̃ː	0.5
Pensionsgast	pɑ̃zˈioːnsɡˌast	0.31
Pensionsgaste	pɑ̃zˈioːnsɡˌastə	0.29
Pensionsgastes	pɑ̃zˈioːnsɡˌastəs	0.27
Pensionsgasts	pɑ̃zˈioːnsɡˌasts	0.29
Pensionsgäste	pɑ̃zˈioːnsɡˌɛstə	0.29
Pensionsgästen	pɑ̃zˈioːnsɡˌɛstən	0.27
Pensionär	pɑ̃zionˈɛːɾ	0.4
Pensionäre	pɑ̃zionˈɛːrə	0.36
Pensionären	pɑ̃zionˈɛːrən	0.33
Pensionärs	pɑ̃zionˈɛːɾs	0.36
Penthouses	pˈɛnthˌaʊsəs	0.4
Percheron	pɛrʃərˈɔ̃ː	0.56
Percherons	pɛrʃərˈɔ̃ːs	0.5
Perchlorsäure	pɛɾklˈoːɾzɔɪrə	0.31
Performance	pœːɾfˈɔːɾməns	0.3
Performances	pœːɾfˈɔːɾmənsɪs	0.33
Periost	periˈɔst	0.38
Perioste	periˈɔstə	0.33
Periosten	periˈɔstən	0.3
Periostes	periˈɔstəs	0.3
Periosts	periˈɔsts	0.33
Peristyle	peristˈyːlə	0.67
Peristylen	peristˈyːlən	0.45
Pernods	pɛɾnˈoːs	0.29
Perouse	perˈuːs	0.33
Perron	pɛrˈɔ̃ː	0.4
Perrons	pɛrˈɔ̃ːs	0.33
Persillade	pɛɾsijˈaːdə	0.33
Persilladen	pɛɾsijˈaːdən	0.3
Personal Computern	pˈøːɾsənəlkɔmpjˌuːtɜn	0.29
Personal-Computern	pˈøːɾsənəlkɔmpjˌuːtɜn	0.29
Personalcomputer	pˈøːɾsənəlkɔmpjˌuːtɜ	0.31
Personalcomputern	pˈøːɾsənəlkɔmpjˌuːtɜn	0.29
Personalcomputers	pˈøːɾsənəlkɔmpjˌuːtɜs	0.29
Personalmanagement	pɛɾzonˈaːlmˌɛnɪtʃmənt	0.28
Personalmanagements	pɛɾzonˈaːlmˌɛnɪtʃmənts	0.26
Perth	pɜθ	0.75
Perths	pɜθs	0.6
Petabyte	pˈeːtabˌaɪt	0.38
Petabytes	pˈeːtabˌaɪts	0.33
Peter-I.-Insel	pˌeːtɜdˌeːɾˈeːɾstəˌɪnzəl	0.47
Petit Four	pətifˈuːɾ	0.38
Petit Fours	pətifˈuːɾs	0.33
Petits Fours	pətifˈuːɾs	0.3
Petrochemie	pˈetroçemˌiː	0.4
Petroleumgeruch	petrˈoːleʊmɡərˌʊx	0.29
Petroleumgeruche	petrˈoːleʊmɡərˌʊxə	0.27
Petroleumgeruchs	petrˈoːleʊmɡərˌʊxs	0.27
Petroleumherd	petrˈoːleʊmhˌeːɾt	0.31
Petroleumherde	petrˈoːleʊmhˌeːɾdə	0.29
Petroleumherden	petrˈoːleʊmhˌeːɾdən	0.27
Petroleumherdes	petrˈoːleʊmhˌeːɾdəs	0.27
Petroleumherds	petrˈoːleʊmhˌeːɾts	0.29
Peugeot	pøʒˈoː	0.57
Peugeots	pøʒˈoːs	0.5
Peyote	pejˈoːtə	0.33
Pfannkuchenhäuser	pfˈankuːxənhˌɔɪzɜ	0.27
Pfeifgeräuschen	pfˈaɪfɡərˌɔɪʃən	0.33
Pferchs	pfɛɾçs	0.29
Pferdebahnlinie	pfˈeːɾdəbaːnlˌiːniə	0.27
Pferdebestand	pfˈeːɾdəbəʃtˌant	0.31
Pferdebestande	pfˈeːɾdəbəʃtˌandə	0.29
Pferdebestandes	pfˈeːɾdəbəʃtˌandəs	0.27
Pferdebestands	pfˈeːɾdəbəʃtˌants	0.29
Pferdegebiss	pfˈeːɾdəɡəbˌɪs	0.27
Pferdegeruch	pfˈeːɾdəɡərˌʊx	0.27
Pferdegeschirr	pfˈeːɾdəɡəʃˌɪɾ	0.27
Pferdehaar	pfˈeːɾdəhˌaːɾ	0.33
Pferdehaare	pfˈeːɾdəhˌaːrə	0.3
Pferdehaaren	pfˈeːɾdəhˌaːrən	0.27
Pferdehaares	pfˈeːɾdəhˌaːrəs	0.27
Pferdehaars	pfˈeːɾdəhˌaːɾs	0.3
Pferdehacke	pfˈeːɾdəhˌakə	0.3
Pferdehacken	pfˈeːɾdəhˌakən	0.27
Pferdehals	pfˈeːɾdəhˌals	0.3
Pferdehalse	pfˈeːɾdəhˌalzə	0.27
Pferdehaut	pfˈeːɾdəhˌaʊt	0.3
Pferdeherde	pfˈeːɾdəhˌeːɾdə	0.27
Pferdeherz	pfˈeːɾdəhˌɛɾts	0.36
Pferdeherzen	pfˈeːɾdəhˌɛɾtsən	0.31
Pferdeherzens	pfˈeːɾdəhˌɛɾtsəns	0.29
Pferdeherzes	pfˈeːɾdəhˌɛɾtsəs	0.31
Pferdehuf	pfˈeːɾdəhˌuːf	0.33
Pferdehufe	pfˈeːɾdəhˌuːfə	0.3
Pferdehufen	pfˈeːɾdəhˌuːfən	0.27
Pferdehufes	pfˈeːɾdəhˌuːfəs	0.27
Pferdehufs	pfˈeːɾdəhˌuːfs	0.3
Pferdehälse	pfˈeːɾdəhˌɛlzə	0.27
Pferdehäute	pfˈeːɾdəhˌɔɪtə	0.36
Pferdehäuten	pfˈeːɾdəhˌɔɪtən	0.33
Pferdekäufe	pfˈeːɾdəkˌɔɪfə	0.27
Pferdesport	pfˈeːɾdəʃpˌɔɾt	0.27
Pferdespur	pfˈeːɾdəʃpˌuːɾ	0.3
Pferdestall	pfˈeːɾdəʃtˌal	0.3
Pferdestalle	pfˈeːɾdəʃtˌalə	0.27
Pferdestalls	pfˈeːɾdəʃtˌals	0.27
Pferdesterben	pfˈeːɾdəʃtˌɛɾbən	0.31
Pferdesterbens	pfˈeːɾdəʃtˌɛɾbəns	0.29
Pferdeurin	pfˈeːɾdəurˌiːn	0.4
Pferdeurins	pfˈeːɾdəurˌiːns	0.36
Pferdewoilach	pfˈeːɾdəvˌɔɪlax	0.33
Pferdewoilache	pfˈeːɾdəvˌɔɪlaxə	0.31
Pferdewoilachen	pfˈeːɾdəvˌɔɪlaxən	0.29
Pferdewoilachs	pfˈeːɾdəvˌɔɪlaxs	0.31
Pferdewurst	pfˈeːɾdəvˌʊɾst	0.27
Pfg.	pfˈɛnɪç	0.71
Pfirsichschnäpse	pfˈɪɾzɪçʃnˌɛpsə	0.27
Pfrnak	pfɾ̩nˈak	0.44
Pfrnaks	pfɾ̩naks	0.4
Phantomgeräuschen	fantˈoːmɡərˌɔɪʃən	0.38
Phishing	fˈɪʃɪŋ	0.33
Phishing-Mail	fˈɪʃɪŋmˌɛɪl	0.3
Phishing-Mails	fˈɪʃɪŋmˌɛɪls	0.36
Phishingmail	fˈɪʃɪŋmˌɛɪl	0.3
Phishingmails	fˈɪʃɪŋmˌɛɪls	0.27
Phishings	fˈɪʃɪŋs	0.29
Phloem	floˈeːm	0.4
Phloeme	floˈeːmə	0.33
Phloemen	floˈeːmən	0.29
Phloems	floˈeːms	0.33
Phnom Penh	pnɔm pˈɛn	0.45
Phnom Penhs	pnɔm pˈɛns	0.42
Phonien	fonˈiːən	0.29
Phosphorsäureester	fˈɔsfoːɾzɔɪrəˌɛstɜ	0.27
Photoshooting	fˈotoʃˌuːtɪŋ	0.3
Photoshootings	fˈotoʃˌuːtɪŋs	0.27
Photoshop	fˈoːtoʃˌɔp	0.44
Photoshops	fˈoːtoʃˌɔps	0.4
Phraates	fraˈaːtɛs	0.29
Phraates’	fraˈaːtɛs	0.29
Phylogenese	fyloɡenˈeːzə	0.3
Physikochemikern	fˈyːzikoçˌeːmɪkɜn	0.29
Physikochemikers	fˈyːzikoçˌeːmɪkɜs	0.29
Physiologen	fˌyːziolˈoːɡŋ̩	0.36
Pickleball	pˈɪkəlbˌɔːl	0.38
Pickleballs	pˈɪkəlbˌɔːls	0.33
Piece	pˈieːs	0.5
Piecen	pˈieːsn	0.4
Piephahn	pˈiːphˌaːn	0.33
Piephahne	pˈiːphˌaːnə	0.29
Piephahns	pˈiːphˌaːns	0.29
Piephähne	pˈiːphˌɛːnə	0.29
Pierrot	piɛrˈoː	0.4
Pierrots	piɛrˈoːs	0.33
Pigeongramm	pˈɪdʒɪnɡrˌam	0.5
Pigeongramme	pˈɪdʒɪnɡrˌamə	0.45
Pigeongrammen	pˈɪdʒɪnɡrˌamən	0.42
Pigeongramms	pˈɪdʒɪnɡrˌams	0.45
Pignole	pɪnjˈoːlə	0.29
Pikachu	pikˈatʃu	0.29
Pikachus	pikˈatʃu	0.43
Pile	paɪl	0.75
Piles	paɪls	0.6
Pilotballon	pilˈoːtbalˌɔŋ	0.3
Pilotballons	pilˈoːtbalˌɔŋs	0.27
Pilzsaison	pˈɪltszɛzˌɔ̃ː	0.36
Pilzsaisons	pˈɪltszɛzˌɔ̃ːs	0.33
Pin-up	pɪnˈap	0.4
Pin-ups	pɪnˈaps	0.33
Pincenez	pɛ̃snˈeː	0.67
Pinguin	pˈɪŋɡuiːn	0.29
Pinie	pˈiːniə	0.33
Pinien	pˈiːniən	0.29
Pinot Blanc	pinˈoː blɑ̃	0.3
Pinot Blancs	pinˈoː blɑ̃	0.36
Pinot Meunier	pinˈoː mønˈieː	0.27
Pinot Noirs	pinˈoː nˈoaːɾ	0.3
Pinyin	pˈɪnjɪn	0.33
Pionier	pionˈiːɾ	0.29
Pipeline	pˈaɪplaɪn	0.75
Pipelinegas	pˈaɪplaɪnɡˌaːs	0.55
Pipelinegases	pˈaɪplaɪnɡˌaːzəs	0.46
Pipelines	pˈaɪplaɪns	0.67
Pissegestank	pˈɪsəɡəʃtˌaŋk	0.27
Pitbike	pˈɪtbˌaɪk	0.29
Pizzarestaurant	pˈɪtsarɛstorˌɑ̃ː	0.27
Pizzaservice	pˈɪtsasˌøːɾvɪs	0.27
Pizzaservices	pˈɪtsasˌøːɾvɪss	0.38
Pkt.	pʊŋkt	0.67
Placeboeffekt	platsˈeːboɛfˌɛkt	0.31
Placeboeffekte	platsˈeːboɛfˌɛktə	0.29
Placeboeffekten	platsˈeːboɛfˌɛktən	0.27
Placeboeffektes	platsˈeːboɛfˌɛktəs	0.27
Placeboeffekts	platsˈeːboɛfˌɛkts	0.29
Placet	plˈaːtsɛt	0.43
Placets	plˈaːtsɛts	0.38
Plafond	plafˈɔ̃ː	0.29
Planche	plɑ̃ːʃ	0.57
Planchen	plˈɑ̃ːʃən	0.38
Planespotter	plˈɛɪnspˌɔtɜ	0.3
Planespottern	plˈɛɪnspˌɔtɜn	0.27
Planespotters	plˈɛɪnspˌɔtɜs	0.27
Plateaus	platˈoːs	0.38
Plateauschuh	platˈoːʃˌuː	0.33
Plateauschuhe	platˈoːʃˌuːə	0.3
Plateauschuhen	platˈoːʃˌuːən	0.27
Plateauschuhes	platˈoːʃˌuːəs	0.27
Plateauschuhs	platˈoːʃˌuːs	0.3
Plateausohle	platˈoːzˌoːlə	0.27
Playboy	plˈeːbˌɔɪ	0.43
Playboys	plˈeːbˌɔɪs	0.38
Player	plˈɛɪɜ	0.4
Players	plˈɛɪɜs	0.5
Playmate	plˈeːmˌeːt	0.5
Playmates	plˈeːmˌeːts	0.44
Plaza	plˈaθa	0.33
Plazas	plˈaθas	0.29
Plock	plɔtsk	0.33
Plocks	plɔtsks	0.29
Plug-in	plˈʌɡɪn	0.33
Plug-ins	plˈʌɡɪns	0.29
Plugin	plˈakɪn	0.33
Plugins	plˈakɪns	0.29
Plumeaus	plymˈoːs	0.5
Plymouth	plˈɪməθ	0.5
Plymouths	plˈɪməθs	0.43
Plymouth’	plˈɪməθ	0.5
Plädoyer	plɛdoajˈeː	0.5
Plätschergeräuschen	plˈɛtʃɜɡərˌɔɪʃən	0.31
Pläuschen	plˈɔɪʃən	0.44
Pneumonien	pnˌɔɪmonˈiːən	0.27
PoCs	piːɔʊsiːs	0.71
Pocketbike	pˈɔkətbˌaɪk	0.33
Pocketbikes	pˈɔkətbˌaɪks	0.3
Podgorica	pˈɔdɡɔritsa	0.3
Podgoricas	pˈɔdɡɔritsas	0.27
Podien	pˈoːdiən	0.29
Poebene	pˈoːˌeːbənə	0.29
Poetry Slam	pˈɔʊətri slɛm	0.36
Poetry Slams	pˈɔʊətri slɛms	0.33
Poetry-Slam	pˈɔʊətrislˌɛm	0.36
Poetry-Slams	pˈɔʊətrislˌɛms	0.33
Poetryslam	pˈɔʊətrislˌɛm	0.45
Poetryslams	pˈɔʊətrislˌɛms	0.42
Pofese	pofˈeːzə	0.33
Poikilothermie	pˌɔɪkilotɛɾmˈiː	0.33
Point of Sale	pˌɔɪnt ɔf sˈɛɪl	0.55
Pointe	pˈoɛ̃ːtə	0.33
Pointen	pˈoɛ̃ːtən	0.29
Pointillist	poɛ̃tijˈɪst	0.4
Pointillisten	poɛ̃tijˈɪstən	0.33
Points of Sale	pˌɔɪnts ɔf sˈɛɪl	0.5
Poitou-Charentes	pwatˌuʃarˈɑ̃ːt	0.46
Poitou-Charentes’	pwatˌuʃarɑ̃ːts	0.38
Pokerface	pˈoːkɜfˌɛɪs	0.38
Pokerfaces	pˈoːkɜfˌɛɪsɪs	0.4
Polandi	bɔlˈandi	0.29
Polandis	bɔlˈandis	0.38
Polchs	pɔlçs	0.33
Pole-Position	pˈɔʊlpəzˌɪʃən	0.69
Pole-Positions	pˈɔʊlpəzˌɪʃəns	0.64
Poleposition	pˈɔʊlpəzˌɪʃən	0.69
Polepositions	pˈɔʊlpəzˌɪʃəns	0.64
Polio	pˈolio	0.33
Polit-Talkshow	polˈɪttˌoːkʃoː	0.27
Polit-Talkshows	polˈɪttˌoːkʃoːs	0.33
Political Correctness	pəlˈɪtɪkəl kərˈɛktnɪs	0.39
Pollices	pˈɔlitseːs	0.38
Poloshirt	pˈoːloʃˌœːɾt	0.44
Poloshirts	pˈoːloʃˌœːɾts	0.4
Polymer	polimˈeːɾ	0.29
Polyphem	polifˈeːm	0.29
Polysaccharid	polizaxarˈiːt	0.31
Polysaccharide	polizaxarˈiːdə	0.29
Polysacchariden	polizaxarˈiːdən	0.27
Polysaccharids	polizaxarˈiːts	0.36
Polysem	polizˈeːm	0.29
Pommes frites	pɔmfrˈɪt	0.45
Pompfinebrer	pɔmfinˈevrɜ	0.27
Pompon	pɔ̃pˈɔ̃ː	0.5
Pompons	pɔ̃pˈɔ̃ːs	0.43
Poncho	pˈɔntʃo	0.33
Ponchos	pˈɔntʃos	0.29
Ponton	pˈɔntɔŋ	0.33
Pontons	pˈɔntɔŋs	0.29
Ponyhof	pˈɔnihˌoːf	0.29
Ponys	pˈɔnis	0.4
Poolbillard	pˈuːlbˌɪljaɾt	0.5
Poolbillards	pˈuːlbˌɪljaɾts	0.55
Poolheizung	pˈuːlhˌaɪtsʊŋ	0.5
Poolheizungen	pˈuːlhˌaɪtsʊŋən	0.5
Poop	puːp	0.33
Pop-up	pˈɔpˌap	0.4
Pop-up-Store	pˈɔpapstˌɔːɾ	0.5
Pop-up-Stores	pˈɔpapstˌɔːɾs	0.45
Pop-ups	pˈɔpˌaps	0.33
Pophit	pˈɔphˌɪt	0.5
Pophits	pˈɔphˌɪts	0.57
Poriomanien	poriomanˈiːən	0.31
Porno-Websites	pˈɔɾnovˌɛpsaɪts	0.38
Pornobranche	pˈɔɾnobrˌɑ̃ːʃə	0.33
Pornobranchen	pˈɔɾnobrˌɑ̃ːʃən	0.31
Pornoqueen	pˈɔɾnokwˌiːn	0.3
Pornoqueens	pˈɔɾnokwˌiːns	0.27
Porridge	pˈɔrɪtʃ	0.5
Porridges	pˈɔrɪtʃs	0.38
Port-au-Prince	pˌɔɾtoprˈɛ̃s	0.45
Port-au-Prince’	pˌɔɾtoprˈɛ̃s	0.45
Portefeuille	pɔɾtfˈœɪ	0.45
Portefeuilles	pɔɾtfˈœɪs	0.42
Portemonnaies	pɔɾtmɔnˈeːs	0.33
Porterhouse-Steak	pˈɔɾtɜhaʊsstˌɛɪk	0.43
Porterhouse-Steaks	pˈɔɾtɜhaʊsstˌɛɪks	0.4
Portfolio	pˌoɾtfˈoːlio	0.3
Portfolios	pˌoɾtfˈoːlios	0.27
Portrait	pɔɾtrˈɛː	0.38
Porzellangefäß	pɔɾtsɛlˈaːnɡəfˌɛːs	0.29
Porzellangefäße	pɔɾtsɛlˈaːnɡəfˌɛːsə	0.27
Porzellangeschirr	pɔɾtsɛlˈaːnɡəʃˌɪɾ	0.29
Porzellangeschirre	pɔɾtsɛlˈaːnɡəʃˌɪrə	0.27
Porzellangeschirrs	pɔɾtsɛlˈaːnɡəʃˌɪɾs	0.27
Pospisil	pˈɔspɪʃɪl	0.38
Pospisils	pˈɔspɪʃɪls	0.33
Postbehörde	pˈɔstbəhˌøːɾdə	0.27
Poster	pˈoːstɜ	0.5
Posters	pˈoːstɜs	0.57
Potaufeu	potofˈøː	0.38
Potaufeus	potofˈøːs	0.33
Poth	poːt	0.33
Potosís	potosˈiːs	0.29
Powidl	pˈɔvidəl	0.43
Powidln	pˈɔvidəln	0.38
Powidls	pˈɔvidəls	0.38
Predator-Drohne	pɹˈɛdətɜdrˌoːnə	0.31
Predator-Drohnen	pɹˈɛdətɜdrˌoːnən	0.29
Preissenkung	prˈaɪszˌɛŋkʊŋ	0.27
Premier	prəmˈieː	0.5
Premiere	prəmˈieːrə	0.33
Premieren	prəmˈieːrən	0.3
Premierensieg	prəmˈieːrənzˌiːk	0.31
Premierensiege	prəmˈieːrənzˌiːɡə	0.29
Premierensiegen	prəmˈieːrənzˌiːɡən	0.27
Premierensieges	prəmˈieːrənzˌiːɡəs	0.27
Premierensiegs	prəmˈieːrənzˌiːks	0.29
Premierminister	prəmˈieːminˌɪstɜ	0.27
Premiers	prəmˈieːs	0.44
Prepaidhandy	prˈiːpeːthˌɛndi	0.33
Prepaidhandys	prˈiːpeːthˌɛndis	0.38
Prequel	prˈiːkwəl	0.29
Presley	prˈɛsli	0.29
Pressechefin	prˈɛsəʃˌɛfɪn	0.36
Pressechefinnen	prˈɛsəʃˌɛfɪnən	0.31
Presseinterview	prˈɛsəˌɪntɜvjuː	0.31
Presseinterviews	prˈɛsəˌɪntɜvjuːs	0.29
Prestigeerfolg	prɛstˈiːʒəɛɾfˌɔlk	0.29
Prestigeerfolge	prɛstˈiːʒəɛɾfˌɔlɡə	0.27
Prestigeerfolgs	prɛstˈiːʒəɛɾfˌɔlks	0.27
Prestigeobjekt	prɛstˈiːʃɔpjˌɛkt	0.29
Prestigeobjekte	prɛstˈiːʃɔpjˌɛktə	0.27
Prestigeobjekts	prɛstˈiːʃɔpjˌɛkts	0.27
Prestling	brˈɛʃdlɛŋ	0.5
Prestlinge	brˈɛʃdlɛŋ	0.56
Prestlings	brˈɛʃdlɛŋs	0.44
Pretest	prˈiːtˌɛst	0.29
Preview	prˈiːvjuː	0.5
Previews	prˈiːvjuːz	0.57
Pridnestrowien	pridnestroːviən	0.27
Primern	prˈaɪmɜn	0.29
Primers	prˈaɪmɜs	0.29
Primetime	prˈaɪmtˌaɪm	0.67
Primetimes	prˈaɪmtˌaɪms	0.6
Princeton	pɹˈɪnstən	0.44
Princetons	pɹˈɪnstəns	0.4
Prion	prˈiːɔn	0.5
Prions	prˈiɔns	0.43
Prior	prˈiːoːɾ	0.33
Priors	prˈiːoːɾs	0.29
Prischen	prˈiːsçən	0.5
Prischens	prˈiːsçəns	0.44
Prison	prizˈɔ̃ː	0.33
Prisons	prizˈɔ̃ːs	0.29
Priv.-Doz.	privˈaːtdotsˌɛnt	0.46
Privatbankier	privˈaːtbaŋkˌieː	0.29
Privatbankiers	privˈaːtbaŋkˌieːs	0.27
Privatjet	privˈaːtdʒˌɛt	0.3
Privatjets	privˈaːtdʒˌɛts	0.33
Prof.	profˈɛsoːɾ	0.5
Profiler	prɔfˈaɪlɜ	0.38
Profilerin	prɔfˈaɪlərɪn	0.3
Profilerinnen	prɔfˈaɪlərɪnən	0.33
Profilern	prɔfˈaɪlɜn	0.33
Profilers	prɔfˈaɪlɜs	0.33
Profiling	prɔfˈaɪlɪŋ	0.33
Profilings	prɔfˈaɪlɪŋs	0.3
Promis	prˈɔmis	0.33
Propadien	prˌopadiˈeːn	0.3
Propadiens	prˌopadiˈeːns	0.27
Proptech	prˈɔptɛk	0.38
Proskynese	prɔskynˈeːzə	0.3
Prosthese	prɔstˈeːzə	0.38
Proteid	proteˈiːt	0.29
Proteingehalt	proteˈiːnɡəhˌalt	0.31
Proteingehalte	proteˈiːnɡəhˌaltə	0.29
Proteingehalten	proteˈiːnɡəhˌaltən	0.27
Proteingehaltes	proteˈiːnɡəhˌaltəs	0.27
Proteingehalts	proteˈiːnɡəhˌalts	0.29
Prothese	protˈeːzə	0.29
Protostern	protoʃtˈɛɾn	0.3
Protosterne	protoʃtˈɛɾnə	0.27
Protosterns	protoʃtˈɛɾns	0.27
Protze	prˈɔtsə	0.33
Provence-Alpes-Côte d’Azur	prɔvˌɑ̃sˌalpkotdazˈyːɾ	0.35
Proxys	prˈɔksis	0.29
Prämie	prˈɛːmiə	0.29
Präverb	prˌɛvˈɛɾp	0.29
Pschorr	pʃoːɾ	0.4
Pschorrs	pʃoːɾs	0.33
Pseudanthium	psɔɪdˈantsiʊm	0.36
Pseudoentlehnung	psˈɔɪdoɛntlˌeːnʊŋ	0.29
Pseudofossilien	psˈɔɪdofɔsˌiːliən	0.27
Pskow	pskɔf	0.33
Pskows	pskɔfs	0.29
Psychiater	psˌyçˈiaːtɜ	0.3
Psychothriller	psˈyːçoθrˌɪlɜ	0.73
Psychothrillern	psˈyːçoθrˌɪlɜn	0.67
Psychothrillers	psˈyːçoθrˌɪlɜs	0.75
Psychrometer	psyçromˈeːtɜ	0.27
Public Viewing	pˈablɪk vjˈuːɪŋ	0.45
Public Viewings	pˈablɪk vjˈuːɪŋs	0.42
Puget Sound	pjˈuːdʒɪt sˈaʊnd	0.42
Puget Sounds	pjˈuːdʒɪt sˈaʊnds	0.38
Pugio	pˈuːɡio	0.33
Puigdemont	pudʒdəmˈon	0.5
Puigdemonts	pudʒdəmˈons	0.45
Puja	pˈuːdʒa	0.4
Pulverrest	pˈʊlvɜrˌɛst	0.33
Pulverreste	pˈʊlvɜrˌɛstə	0.3
Pulverresten	pˈʊlvɜrˌɛstən	0.27
Pumpgun	pˈampɡan	0.29
Punching-Ball	pˈantʃɪŋbˌɔːl	0.4
Punching-Balls	pˈantʃɪŋbˌals	0.27
Punching-Bälle	pˈantʃɪŋbˌɛlə	0.27
Punchingball	pˈantʃɪŋbˌɔːl	0.4
Punchingballs	pˈantʃɪŋbˌals	0.27
Punchingbälle	pˈantʃɪŋbˌɛlə	0.27
Punjab	pʌndʒˈaːb	0.57
Punjabs	pʌndʒˈaːbs	0.5
Punkerin	pˈaŋkərɪn	0.29
Punkerinnen	pˈaŋkərɪnən	0.3
Punkern	pˈaŋkɜn	0.33
Punkers	pˈaŋkɜs	0.33
Pupse	pˈuːpsə	0.4
Pupsen	pˈuːpsən	0.33
Pupsens	pˈuːpsəns	0.29
Pupses	pˈuːpsəs	0.33
Pupsgeräusch	pˈuːpsɡərˌɔɪʃ	0.3
Pupsgeräusche	pˈuːpsɡərˌɔɪʃə	0.27
Pupsgeräuschen	pˈuːpsɡərˌɔɪʃən	0.43
Pupsgeräuschs	pˈuːpsɡərˌɔɪʃs	0.27
Purple Heart	pˌɜrpəl hˈɑːt	0.55
Purple Hearts	pˌɜrpəl hˈɑːts	0.5
Purser	pˈøːɾsɜ	0.4
Pursern	pˈøːɾsɜn	0.33
Pursers	pˈøːɾsɜs	0.33
Pussyhat	pˈʊsɪhˌɛt	0.29
Pusteblume	pˈuːstəblˌuːmə	0.3
Pusteblumen	pˈuːstəblˌuːmən	0.27
Pustekuchen	pˈuːstəkˌuːxən	0.3
Puszta	pˈʊsta	0.29
Putensandwich	pˈuːtənsˌɛntvɪtʃ	0.38
Putensandwiche	pˈuːtənsˌɛntvɪtʃə	0.36
Putensandwichen	pˈuːtənsˌɛntvɪtʃən	0.33
Putensandwiches	pˈuːtənsˌɛntvɪtʃəs	0.33
Putensandwichs	pˈuːtənsˌɛntvɪtʃs	0.36
Puzzles	pˈʊzəls	0.43
Puzzlespiel	pˈʊsəlʃpˌiːl	0.3
Puzzlespiele	pˈʊsəlʃpˌiːlə	0.27
Puzzlespiels	pˈʊsəlʃpˌiːls	0.27
Puzzleteil	pˈʊzəltˌaɪl	0.3
Puzzleteile	pˈʊzəltˌaɪlə	0.27
Puzzleteils	pˈʊzəltˌaɪls	0.27
Pygostyle	pyɡostˈyːlə	0.6
Pygostylen	pyɡostˈyːlən	0.42
Pyjamaparty	pydʒˈaːmapˌaːɾti	0.33
Pyrheliometer	pyːɾɾheliomˈeːtɜ	0.31
Pyrheliometern	pyːɾɾheliomˈeːtɜn	0.29
Pyrheliometers	pyːɾɾheliomˈeːtɜs	0.29
Pyroshow	pˈyːroʃˌɔʊ	0.62
Pyroshows	pˈyːroʃˌɔʊs	0.56
Päschen	pˈɛʃən	0.43
Pétanques	petˈɑ̃ːks	0.33
Pölichs	pˈøːlɪçs	0.29
Pötzsch	pøːtʃ	0.4
Pötzschs	pøːtʃs	0.33
Qigong	tʃiɡˈʊŋ	0.5
Qigongs	tʃiɡˈʊŋs	0.43
Quaestiones	kvɛstˈioːneːs	0.27
Quai	keː	0.75
Quais	keːs	0.6
Quakgeräuschen	kvˈaːkɡərˌɔɪʃən	0.36
Quart.	kvaɾtˈaːl	0.29
Qubit	kjˈuːbˌɪt	0.5
Qubits	kjˈuːbˌɪts	0.43
Quechua	kˈɛtʃua	0.43
Quechuas	kˈɛtʃuas	0.38
Quedlinburg	kvˈeːtlɪnbˌuɾk	0.27
Queen	kwiːn	0.6
Queen-Anne-Stil	kwiːnˈɛnstˌiːl	0.5
Queen-Anne-Stils	kwiːnɛnstˌiːls	0.46
Queens	kwiːns	0.5
Queenstown	kwˈiːnstaʊn	0.44
Queenstowns	kwˈiːnstaʊns	0.4
Queens’	kwiːns	0.5
Queerness	kvˈiːɾnɛs	0.43
Quengelware	kvˈɛŋəlvˌaːrə	0.73
Querdenkerin	kvˈeːɾdˌɛŋkərɪn	0.27
Querdenkerinnen	kvˈeːɾdˌɛŋkərɪnən	0.29
Querstrichs	kvˈeːɾʃtrˌɪçs	0.27
Quesadilla	kesadˈija	0.44
Quesadillas	kesadˈijas	0.4
Quettabyte	kvˈɛtabˌaɪt	0.33
Quettabytes	kvˈɛtabˌaɪts	0.3
Quiche	kɪʃ	0.67
Quiches	kiʃ	0.86
Quietschgeräuschen	kvˈiːtʃɡərˌɔɪʃən	0.33
Quinceañera	kinseanjˈeːra	0.36
Quinceañeras	kinseanjˈeːras	0.33
Quinquennien	kvɪŋkvˈɛniən	0.33
Quitt.	kvˈɪtʊŋ	0.33
Quivive	kivˈiːf	0.43
Quivives	kivˈiːfs	0.38
Quiz	kvɪs	0.5
Quizshow	kvˈɪsʃˌoː	0.44
Quizshows	kvˈɪsʃoːs	0.4
Québec	kebˈɛk	0.33
Québecs	kebˈɛks	0.29
Racemat	ratsəmˈaːt	0.38
Rack	rɛk	0.33
Radicchio	radˈɪkio	0.4
Radicchios	radˈɪkios	0.36
Radien	rˈaːdiən	0.29
Radio	rˈaːdio	0.33
Radiobranche	rˈaːdiobrˌɑ̃ːʃə	0.38
Radiobranchen	rˈaːdiobrˌɑ̃ːʃən	0.36
Radiobutton	rˈaːdiobˌatən	0.36
Radiobuttons	rˈaːdiobˌatəns	0.33
Radiofeature	rˈaːdiofˌiːtʃɜ	0.46
Radiofeatures	rˈaːdiofˌiːtʃɜs	0.43
Radiogeräusch	rˈaːdioɡərˌɔɪʃ	0.33
Radiogeräusche	rˈaːdioɡərˌɔɪʃə	0.31
Radiogeräuschen	rˈaːdioɡərˌɔɪʃən	0.44
Radiogeräusches	rˈaːdioɡərˌɔɪʃəs	0.29
Radiogeräuschs	rˈaːdioɡərˌɔɪʃs	0.31
Radiointerview	rˈaːdioˌɪntɜvjuː	0.36
Radiointerviews	rˈaːdioˌɪntɜvjuːs	0.33
Radiojournalist	rˈaːdioʒʊɾnalˌɪst	0.27
Radiolarie	radiolˈaːriə	0.3
Radionuklidbatterie	raːdionuklˈiːtbatərˌiː	0.33
Radionuklidbatterien	raːdionuklˈiːtbatərˌiːən	0.3
Radios	rˈaːdios	0.29
Radiosender	rˈaːdiozˌɛndɜ	0.27
Radiostation	rˈaːdioʃtatsˌioːn	0.29
Radiostimme	rˈaːdioʃtˌɪmə	0.27
Radiotelegrafie	rˌadioteleɡrafˈiː	0.27
Radiotelemetrie	rˈaːdioteləmetrˌiː	0.33
Radioteleskop	rˈadioteleskˌoːp	0.29
Radioteleskope	rˈadioteleskˌoːpə	0.27
Radioteleskops	rˈadioteleskˌoːps	0.27
Radiowerbung	rˈaːdiovˌɛɾbʊŋ	0.27
Radscha	rˈaːdʒa	0.4
Radschas	rˈaːdʒas	0.33
Raffinement	rafinəmˈɑ̃ː	0.4
Raffinements	rafinəmˈɑ̃ːs	0.36
Ragout fin	raɡˌuː fˈɛ̃ː	0.38
Ragouts fins	raɡˌuː fˈɛ̃ː	0.5
Ragoût fin	raɡˌuː fˈɛ̃ː	0.38
Ragoûts fins	raɡˌuː fˈɛ̃ː	0.5
Rahmbonbon	rˈaːmbɔ̃bˌɔ̃ː	0.33
Rahmbonbons	rˈaːmbɔ̃bˌɔ̃ːs	0.3
Rahmsauce	rˈaːmzˌoːsə	0.38
Rahmsaucen	rˈaːmzˌoːsən	0.33
Raids	reːts	0.4
Raja	rˈaːdʒa	0.4
Rajah	rˈaːdʒa	0.4
Rajahs	rˈaːdʒas	0.33
Rajas	rˈaːdʒas	0.33
Rajoy	raxˈɔɪ	0.4
Rajoys	raxˈɔɪs	0.33
Rallyefahrerin	rˈɛlifˌaːrərɪn	0.27
Rallyefahrerinnen	rˈɛlifˌaːrərɪnən	0.29
Rallys	rˈɛlis	0.4
Ramschware	rˈamʃvˌaːrə	0.5
Ranch	rɛntʃ	0.6
Ranches	rˈɛntʃɪs	0.57
Ranchhaus	rˈɛːntʃhˌaʊs	0.33
Ranchhause	rˈɛːntʃhˌaʊzə	0.3
Ranchhauses	rˈɛːntʃhˌaʊzəs	0.27
Ranchhäuser	rˈɛːntʃhˌɔɪzɜ	0.4
Ranchhäusern	rˈɛːntʃhˌɔɪzɜn	0.36
Ranchi	rˈantʃiː	0.33
Ranchis	rˈantʃiːs	0.43
Ranchs	rɛntʃs	0.5
Ranger	rˈeːndʒɜ	0.67
Rangern	rˈeːndʒɜn	0.57
Rangers	rˈeːndʒɜs	0.57
Ranghöchste	rˈaŋhˌøːçstə	0.3
Ranghöchstem	rˈaŋhˌøːçstəm	0.27
Ranghöchsten	rˈaŋhˌøːçstən	0.27
Ranghöchster	rˈaŋhˌøːçstɜ	0.3
Ranking	rˈɛŋkɪŋ	0.33
Rankings	rˈɛŋkɪŋs	0.29
Rankingshow	rˈɛŋkɪŋʃˌɔʊ	0.6
Rankingshows	rˈɛŋkɪŋʃˌɔʊs	0.55
Ransomsoftware	rˈɛnsəmsˌɔftvɛːɾ	0.38
Ransomsoftwares	rˈɛnsəmsˌɔftvɛːɾs	0.4
Ransomware	ɹˈɛnsəmwɛːɾ	0.33
Ransomwares	ɹˈɛnsəmwɛːɾs	0.64
Rapstar	ɹˈɛpstˌaːɾ	0.29
Rassevieh	rˈasəfˌiː	0.33
Rasseviehs	rˈasəfˌiːs	0.29
Ratatouille	ratatˈʊɪ	0.33
Ratatouilles	ratatˈujs	0.3
Rating	rˈɛɪtɪŋ	0.33
Ratings	rˈɛɪtɪŋs	0.29
Ratio	rˈaːtsio	0.33
Rattennest	rˈatənnˌɛst	0.33
Rattennests	rˈatənnˌɛsts	0.3
Raucherware	rˈaʊxɜvˌaːrə	0.89
Rauchware	rˈaʊxvˌaːrə	0.88
Raupennest	rˈaʊpənnˌɛst	0.3
Raupennests	rˈaʊpənnˌɛsts	0.27
Rauware	rˈaʊvˌaːrə	0.86
Ravelin	ravəlˈɛ̃ː	0.29
Raves	rɛɪvs	0.6
Ray-Ban	ɹˈɛɪbɛn	0.33
Ray-Bans	ɹɛɪbɛns	0.29
Rayon	rɛjˈɔ̃	0.8
Rayons	rɛjˈɔ̃ːs	0.67
Rayonverbot	rɛjˈɔ̃ːfɛɾbˌoːt	0.36
Rayonverbote	rɛjˈɔ̃ːfɛɾbˌoːtə	0.33
Rayonverboten	rɛjˈɔ̃ːfɛɾbˌoːtən	0.31
Rayonverbotes	rɛjˈɔ̃ːfɛɾbˌoːtəs	0.31
Rayonverbots	rɛjˈɔ̃ːfɛɾbˌoːts	0.33
Readings	rˈɛdɪŋs	0.29
Ready-made	rˈɛdimɛɪd	0.56
Ready-mades	rˈɛdimɛɪdz	0.6
Readymade	rˈɛdimɛɪd	0.67
Readymades	rˈɛdimɛɪdz	0.7
Reagan-Regierung	ɹˈɛɪɡənreɡˌiːrʊŋ	0.31
Reality-TV	riˈɛlɪtitivˌiː	0.62
Reality-TVs	riˈɛlɪtitivˌiːs	0.6
Reallife	rˈiːllaɪf	0.71
Reallifes	rˈiːllaɪfs	0.62
Reaper-Drohne	ɹˈiːpɜdrˌoːnə	0.3
Reaper-Drohnen	ɹˈiːpɜdrˌoːnən	0.27
Rebbau	rˈeːpbˌaʊ	0.33
Rebbaus	rˈeːpbˌaʊs	0.29
Rebberg	rˈeːpbˌɛɾk	0.29
Rebellenregime	rebˈɛlənreʒˌiːm	0.31
Rebellenregimes	rebˈɛlənreʒˌiːms	0.29
Rebellin	rebˈɛlɪn	0.29
Rebirthing	riːbˈœːɾθɪŋ	0.38
Rebirthings	riːbˈœːɾθɪŋs	0.33
Reblaus	rˈeːplˌaʊs	0.29
Rebling	rˈeːplɪŋ	0.33
Reblinge	rˈeːplɪŋə	0.29
Reblings	rˈeːplɪŋs	0.29
Rebläuse	rˈeːplˌɔɪzə	0.38
Rebläusen	rˈeːplˌɔɪzən	0.33
Rebound-Effekt	ɹibˈaʊntɛfˌɛkt	0.33
Rebound-Effekte	ɹibˈaʊntɛfˌɛktə	0.31
Rebound-Effekten	ɹibˈaʊntɛfˌɛktən	0.29
Rebound-Effektes	ɹibˈaʊntɛfˌɛktəs	0.29
Rebound-Effekts	ɹibˈaʊntɛfˌɛkts	0.31
Rebseil	rˈeːpzˌaɪl	0.29
Rebsorte	rˈeːpzˌɔɾtə	0.38
Rebsorten	rˈeːpzˌɔɾtən	0.33
Rebstock	rˈeːpʃtˌɔk	0.29
Rebsäge	rˈeːpzˌɛːɡə	0.29
Receiver	risˈiːvɜ	0.5
Receivern	risˈiːvɜn	0.5
Receivers	risˈiːvɜs	0.57
Rechaud	reʃˈoː	0.86
Rechauds	reʃˈoːs	0.75
Recherche	reʃˈɛɾʃə	0.62
Recherchearbeit	reʃˈɛɾʃəˌaɾbaɪt	0.43
Recherchearbeiten	reʃˈɛɾʃəˌaɾbaɪtən	0.38
Rechercheergebnis	reʃˈɛɾʃəɛɾɡˌeːpnɪs	0.53
Rechercheergebnisse	reʃˈɛɾʃəɛɾɡˌeːpnɪsə	0.5
Rechercheergebnissen	reʃˈɛɾʃəɛɾɡˌeːpnɪsən	0.47
Rechercheergebnisses	reʃˈɛɾʃəɛɾɡˌeːpnɪsəs	0.47
Recherchen	reʃˈɛɾʃən	0.56
Rechercheteam	reʃˈɛɾʃətˌiːm	0.67
Rechercheteams	reʃˈɛɾʃətˌiːms	0.62
Recherchethema	reʃˈɛɾʃətˌeːma	0.5
Recherchethemas	reʃˈɛɾʃətˌeːmas	0.46
Rechercheur	reʃɛɾʃˈøːɾ	0.56
Rechercheure	reʃɛɾʃˈøːrə	0.5
Rechercheuren	reʃɛɾʃˈøːrən	0.45
Rechercheurin	reʃɛɾʃˈøːrɪn	0.5
Rechercheurinnen	reʃɛɾʃˈøːrɪnən	0.43
Rechercheurs	reʃɛɾʃˈøːɾs	0.5
Recherchieren	reʃɛɾʃˈiːrən	0.45
Recherchierens	reʃɛɾʃˈiːrəns	0.42
Recital	risˈaɪtəl	0.62
Recitals	risˈaɪtəls	0.56
Reconnaissance	rəkɔnɛsˈɑ̃ːs	0.27
Reconnaissancen	rəkɔnɛsˈɑ̃ːsn	0.31
Recycling	risˈaɪklɪŋ	0.33
Recyclingbeton	risˈaɪklɪŋbetˌɔŋ	0.36
Recyclingbetons	risˈaɪklɪŋbetˌɔŋs	0.33
Recyclings	risˈaɪklɪŋs	0.3
Recyclingstation	risˈaɪklɪŋʃtatsˌioːn	0.29
Recyclingstationen	risˈaɪklɪŋʃtatsˌioːnən	0.26
Reddemann	rˈɛdəmˌan	0.29
Redneck	ɹˈɛtnɛk	0.5
Rednecks	ɹˈɛtnɛks	0.43
Reduit	redˈyiː	0.5
Reduits	redˈyiːs	0.29
Reenactment	riːɛnˈɛktmənt	0.36
Reenactments	riːɛnˈɛktmənts	0.33
Reeng	ɡˈeːŋ	0.33
Referee	rˈɛfəri	0.5
Referees	rˈɛfəris	0.43
Reflexionsabbruch	reflɛksˈioːnsˌapbrʊx	0.29
Reflexionsabbruchs	reflɛksˈioːnsˌapbrʊxs	0.28
Refrain	rəfrˈɛ̃ː	0.33
Refrains	rəfrˈɛ̃ːs	0.29
Regenbogenbaby	rˈeːɡənboːɡənbˌeːbi	0.5
Regenbogenbabys	rˈeːɡənboːɡənbˌeːbis	0.53
Reggae-DJs	rˈɛɡedˌiːdʒɛɪs	0.55
Regierungswebsite	reɡˈiːrʊŋsvˌɛpsaɪt	0.33
Regierungswebsites	reɡˈiːrʊŋsvˌɛpsaɪts	0.31
Regime	reʒˈiːm	0.33
Regimes	reʒˈiːms	0.29
Regionalliga	reɡionˈaːllˌiːɡa	0.33
Regionalligen	reɡionˈaːllˌiːɡən	0.31
Regionalligist	reɡionˈaːlliɡˌɪst	0.29
Reglement	reɡləmˈɑ̃ː	0.56
Reglemente	reɡləmˈɑ̃ːə	0.5
Reglementen	reɡləmˈɑ̃ːən	0.45
Reglements	reɡləmˈɑ̃ːs	0.5
Rehaut	rəˈoː	0.8
Rehauts	rəˈoːs	0.67
Rehfilet	rˈeːfilˌeː	0.29
Reichsdeutsch	rˈaɪçsdˌɔɪtʃ	0.27
Reichsgebiet	rˈaɪçsɡəbˌiːt	0.27
Reichsitalien	rˈaɪçsitˌaːliən	0.38
Reichsitaliens	rˈaɪçsitˌaːliəns	0.36
Reichskanzlerpalais	rˈaɪçskantslɜpalˌɛː	0.28
Reichsstadt	rˈaɪçsʃtˌat	0.3
Reichsstand	rˈaɪçsʃtˌant	0.27
Reichstagsabgeordnete	rˈaɪçstaːksˌapɡəɔɾdnətə	0.29
Reichstagsabgeordnetem	rˈaɪçstaːksˌapɡəɔɾdnətəm	0.27
Reichstagsabgeordneten	rˈaɪçstaːksˌapɡəɔɾdnətən	0.27
Reichstagsabgeordneter	rˈaɪçstaːksˌapɡəɔɾdnətɜ	0.29
Reifenservices	rˈaɪfənsˌœːɾvɪsəs	0.29
Reihentest	rˈaɪəntˌɛst	0.3
Reihenteste	rˈaɪəntˌɛstə	0.27
Reihentests	rˈaɪəntˌɛsts	0.27
Reims’	rɛ̃ːs	0.6
Reineclaude	rɛnəklˈoːdə	0.45
Reineclauden	rɛnəklˈoːdən	0.42
Reineclaudes	rɛnəklˈoːdəs	0.42
Reisehandbuch	rˈaɪzəhˌantbuːx	0.33
Reisehandbuches	rˈaɪzəhˌantbuːxəs	0.29
Reisehandbuchs	rˈaɪzəhˌantbuːxs	0.31
Reisporridge	rˈaɪspˌɔrɪtʃ	0.5
Reisschnäpse	rˈaɪsʃnˌɛpsə	0.27
Rekordniveaus	rekˈɔɾtnivˌoːs	0.31
Relais	rəlˈɛː	0.67
Relaispferd	rəlˈɛːpfˌeːɾt	0.5
Relaispferde	rəlˈɛːpfˌeːɾdə	0.45
Relaispferden	rəlˈɛːpfˌeːɾdən	0.42
Relaispferdes	rəlˈɛːpfˌeːɾdəs	0.42
Relaispferds	rəlˈɛːpfˌeːɾts	0.45
Relaisstellwerk	rəlˈɛːʃtɛlvˌɛɾk	0.29
Relaisstellwerke	rəlˈɛːʃtɛlvˌɛɾkə	0.27
Relaisstellwerks	rəlˈɛːʃtɛlvˌɛɾks	0.27
Relaxsessel	rilˈɛkszˌɛsl	0.27
Release	rilˈiːs	0.4
Releases	rilˈiːsɪs	0.62
Religionsangelegenheit	reliɡˈioːnsanɡəlˌeːɡənhaɪt	0.27
Religionsausübung	reliɡˈioːnsaʊsˌyːbʊŋ	0.29
Remake	rimˈeɪk	0.33
Remakes	rimˈeɪks	0.57
Remichs	rˈeːmɪçs	0.29
Remis	rəmˈiː	0.6
Remise	remˈiːzə	0.33
Remisen	rəmˈiːzən	0.43
Renaissance	rənɛsˈɑ̃ːs	0.33
Renaissancekunst	rənɛsˈɑ̃ːskˌʊnst	0.4
Renaissanceliteratur	rənɛsˈɑ̃ːslɪtəratˌuːɾ	0.42
Renaissancen	rənɛsˈɑ̃ːsən	0.27
Renaissancepalast	rənɛsˈɑ̃ːspalˌast	0.38
Renaissancepalastes	rənɛsˈɑ̃ːspalˌastəs	0.33
Renaissancepalasts	rənɛsˈɑ̃ːspalˌasts	0.35
Renaissancepaläste	rənɛsˈɑ̃ːspalˌɛstə	0.35
Renaissancepalästen	rənɛsˈɑ̃ːspalˌɛstən	0.33
Renaissanceschloss	rənɛsˈɑ̃ːsʃlˌɔs	0.43
Renaissanceschlosse	rənɛsˈɑ̃ːsʃlˌɔsə	0.4
Renaissanceschlosses	rənɛsˈɑ̃ːsʃlˌɔsəs	0.38
Renaissanceschlösser	rənɛsˈɑ̃ːsʃlˌœsɜ	0.4
Renaissanceschlössern	rənɛsˈɑ̃ːsʃlˌœsɜn	0.38
Renaissancestil	rənɛsˈɑ̃ːsstˌiːl	0.43
Renaissancestile	rənɛsˈɑ̃ːsstˌiːlə	0.4
Renaissancestiles	rənɛsˈɑ̃ːsstˌiːləs	0.38
Renaissancestils	rənɛsˈɑ̃ːsstˌiːls	0.4
Renault	renˈoː	0.57
Renaults	renˈoːs	0.5
Rendzina	rɛndzˈiːna	0.33
Rendzinen	rɛndzˈiːnən	0.3
Renforcé	rɑ̃fɔɾsˈeː	0.38
Renforcés	rɑ̃fɔɾsˈeːs	0.33
Renkontre	rɑ̃kˈɔ̃ːtrə	0.33
Renkontres	rɑ̃kˈɔ̃ːtrəs	0.3
Renonce	rənˈɔ̃ːs	0.5
Renoncen	rənˈɔ̃ːsən	0.38
Renseignement	rɑ̃sɛnjəmˈɑ̃ː	0.85
Renseignements	rɑ̃sɛnjəmˈɑ̃ːs	0.79
Rentenfonds	rˈɛntənfˌɔ̃ː	0.27
Rentenindices	rˈɛntənˌɪnditseːs	0.29
Repaircafé	ripˈɛːɾkafˌeː	0.3
Repaircafés	ripˈɛːɾkafˌeːs	0.27
Repellent	ripˈɛlənt	0.38
Repellents	ripˈɛlənts	0.33
Repertoire	repɛɾtˈoaːɾ	0.33
Repertoires	repɛɾtˈoaːɾs	0.3
Replik	replˈiːk	0.33
Reprise	reprˈiːzə	0.43
Reprisen	reprˈiːzən	0.38
Reptilienfonds	rɛptˈiːliənfˌɔ̃ː	0.31
Republik Seychellen	republˈiːk zeʃˈɛlən	0.29
Reservevorrat	rezˈɛɾvəfˌoːɾraːt	0.31
Reservevorrate	rezˈɛɾvəfˌoːɾraːtə	0.29
Reservevorrates	rezˈɛɾvəfˌoːɾraːtəs	0.27
Reservevorrats	rezˈɛɾvəfˌoːɾraːts	0.29
Reservevorräte	rezˈɛɾvəfˌoːɾrɛːtə	0.29
Reservevorräten	rezˈɛɾvəfˌoːɾrɛːtən	0.27
Resetarits	reʃetˈaːrɪtʃ	0.3
Resetarits’	reʃetˈaːrɪtʃs	0.27
Resort	rɪzˈoːɾt	0.5
Resorts	rɪzˈoːɾs	0.57
Ressentiment	rɛsɑ̃timˈɑ̃ː	0.45
Ressentiments	rɛsɑ̃timˈɑ̃ːs	0.42
Ressort	rɛsˈoːɾ	0.33
Ressortchef	rɛsˈoːɾʃˌɛf	0.33
Ressortchefin	rɛsˈoːɾʃˌɛfɪn	0.27
Ressortchefs	rɛsˈoːɾʃˌɛfs	0.3
Ressorts	rɛsˈoːɾs	0.29
Restalkohol	rˈɛstalkohˌoːl	0.64
Restalkohols	rˈɛstalkohˌoːls	0.67
Restaurantbesitzer	rɛstorˈɑ̃ːbəzˌɪtsɜ	0.29
Restaurantbesitzerin	rɛstorˈɑ̃ːbəzˌɪtsərɪn	0.26
Restaurantbesitzerinnen	rɛstorˈɑ̃ːbəzˌɪtsərɪnən	0.27
Restaurantbesitzern	rɛstorˈɑ̃ːbəzˌɪtsɜn	0.28
Restaurantbesitzers	rɛstorˈɑ̃ːbəzˌɪtsɜs	0.28
Restaurantbesuch	rɛstorˈɑ̃ːbəzˌuːx	0.33
Restaurantbesuche	rɛstorˈɑ̃ːbəzˌuːxə	0.31
Restaurantbesuchen	rɛstorˈɑ̃ːbəzˌuːxən	0.29
Restaurantbesuches	rɛstorˈɑ̃ːbəzˌuːxəs	0.29
Restaurantbesuchs	rɛstorˈɑ̃ːbəzˌuːxs	0.31
Restaurantbetreiber	rɛstorˈɑ̃ːbətrˌaɪbɜ	0.28
Restaurantbetreibern	rɛstorˈɑ̃ːbətrˌaɪbɜn	0.26
Restaurantbetreibers	rɛstorˈɑ̃ːbətrˌaɪbɜs	0.26
Restauranteingang	rɛstorˈɑ̃ːaɪnɡˌaŋ	0.4
Restauranteingangs	rɛstorˈɑ̃ːaɪnɡˌaŋs	0.38
Restauranteingänge	rɛstorˈɑ̃ːaɪnɡˌɛŋə	0.38
Restauranteingängen	rɛstorˈɑ̃ːaɪnɡˌɛŋən	0.35
Restauranteröffnung	rɛstorˈɑ̃ːɛɾˌœfnʊŋ	0.29
Restauranteröffnungen	rɛstorˈɑ̃ːɛɾˌœfnʊŋən	0.26
Restaurantessen	rɛstorˈɑ̃ːˌɛsən	0.29
Restaurantessens	rɛstorˈɑ̃ːˌɛsəns	0.27
Restaurantführer	rɛstorˈɑ̃ːfˌyːrɜ	0.29
Restaurantführern	rɛstorˈɑ̃ːfˌyːrɜn	0.27
Restaurantführers	rɛstorˈɑ̃ːfˌyːrɜs	0.27
Restaurantgast	rɛstorˈɑ̃ːɡˌast	0.29
Restaurantgasts	rɛstorˈɑ̃ːɡˌasts	0.27
Restaurantgäste	rɛstorˈɑ̃ːɡˌɛstə	0.27
Restaurantjob	rɛstorˈɑ̃ːdʒˌɔp	0.46
Restaurantjobs	rɛstorˈɑ̃ːdʒˌɔps	0.43
Restaurantkette	rɛstorˈɑ̃ːkˌɛtə	0.29
Restaurantketten	rɛstorˈɑ̃ːkˌɛtən	0.27
Restaurantkoch	rɛstorˈɑ̃ːkˌɔx	0.31
Restaurantkoches	rɛstorˈɑ̃ːkˌɔxəs	0.27
Restaurantkochs	rɛstorˈɑ̃ːkˌɔxs	0.29
Restaurantkritiker	rɛstorˈɑ̃ːkrˌiːtɪkɜ	0.29
Restaurantkritikerin	rɛstorˈɑ̃ːkrˌiːtɪkərɪn	0.26
Restaurantkritikerinnen	rɛstorˈɑ̃ːkrˌiːtɪkərɪnən	0.27
Restaurantkritikern	rɛstorˈɑ̃ːkrˌiːtɪkɜn	0.28
Restaurantkritikers	rɛstorˈɑ̃ːkrˌiːtɪkɜs	0.28
Restaurantköche	rɛstorˈɑ̃ːkˌœçə	0.27
Restaurantküche	rɛstorˈɑ̃ːkˌʏçə	0.27
Retortenbaby	retˈɔɾtənbˌeːbi	0.33
Retortenbabys	retˈɔɾtənbˌeːbis	0.38
Retraite	rətrˈɛːtə	0.38
Retraiten	rətrˈɛːtən	0.33
Retrospektion	rˌetroʃpɛktsˈioːn	0.29
Rettichs	rˈɛtɪçs	0.29
Rettichsaft	rˈɛtɪçzˌaft	0.3
Rettichsafte	rˈɛtɪçzˌaftə	0.27
Rettichsafts	rˈɛtɪçzˌafts	0.27
Rettichsäfte	rˈɛtɪçzˌɛftə	0.27
Rettungsfonds	rˈɛtʊŋsfˌɔ̃ː	0.27
Returnboard	ritˈœːɾnbˌɔːɾt	0.5
Returnboards	ritˈœːɾnbˌɔːɾts	0.55
Returner	ritˈœːɾnɜ	0.29
Retweet	ɹˈiːtwiːt	0.67
Retweets	ɹˈiːtwiːts	0.57
Reuegefühl	rˈɔɪəɡəfˌyːl	0.33
Reuegefühle	rˈɔɪəɡəfˌyːlə	0.3
Reuegefühlen	rˈɔɪəɡəfˌyːlən	0.27
Reuegefühles	rˈɔɪəɡəfˌyːləs	0.27
Reuegefühls	rˈɔɪəɡəfˌyːls	0.3
Reunionen	reunˈioːnən	0.33
Reuse	rˈɔɪzə	0.4
Reusen	rˈɔɪzən	0.33
Reusse	rˈɔɪzə	0.4
Reusses	rˈɔɪzəs	0.33
Revanche	revˈɑ̃ːʃ	0.5
Revanchekrieg	revˈɑ̃ːʃkrˌiːk	0.33
Revanchekriege	revˈɑ̃ːʃkrˌiːɡə	0.31
Revanchekriegen	revˈɑ̃ːʃkrˌiːɡən	0.29
Revanchekrieges	revˈɑ̃ːʃkrˌiːɡəs	0.29
Revanchekriegs	revˈɑ̃ːʃkrˌiːks	0.31
Revanchen	revˈɑ̃ːʃən	0.33
Reverends	rˈɛvərənts	0.33
Revers	revˈeːɾ	0.33
Review	rivjˈuː	0.6
Reviews	rivjˈuːs	0.5
Revirement	revirəmˈɑ̃ː	0.4
Revirements	revirəmˈɑ̃ːs	0.36
Revisionssenat	revizˈioːnszenˌaːt	0.29
Revisionssenate	revizˈioːnszenˌaːtə	0.27
Revisionssenats	revizˈioːnszenˌaːts	0.27
Revival	rivˈaɪvəl	0.5
Revivals	rivˈaɪvəls	0.44
Reynosa	rɛɪnˈoːsa	0.29
Rez-de-Chaussée	redəʃosˈeː	0.45
Rhapsodien	rˌapsodˈiːən	0.3
Rheingau	rˈaɪnɡaʊ	0.29
Rheinknien	rˈaɪnknˌiːən	0.3
Rhode Island	ɹˌoʊdˈaɪlənd	0.6
Rhode Islands	ɹˌoʊdˈaɪlənds	0.55
Rhodes-Stipendiat	ɹˈɔʊtsʃtipɛndˌiaːt	0.44
Rhodes-Stipendiaten	ɹˈɔʊtsʃtipɛndˌiaːtən	0.39
Rhodes-Stipendium	ɹˈɔʊtsʃtipˌɛndiʊm	0.27
Rhodos	rˈɔdɔs	0.4
Rhodos’	rˈɔdɔs	0.4
Rhône-Alpes	roːnˈalp	0.33
Rib-Eye-Steak	ɹˈɪpaɪstˌɛɪk	0.55
Rib-Eye-Steaks	ɹɪpaɪstˌɛɪks	0.5
Ricin	ritsˈiːn	0.5
Ricine	ritsˈiːnə	0.29
Ricins	ritsˈiːns	0.43
Ricochet	rikɔʃˈeː	0.43
Ricochets	rikɔʃˈeːs	0.38
Ridgeback	ɹˈɪdʒbɛk	0.5
Ridgebacks	ɹˈɪdʒbɛks	0.44
Riechsalz	rˈiːçzˌalts	0.33
Riechsalze	rˈiːçzˌaltsə	0.3
Riechsalzen	rˈiːçzˌaltsən	0.27
Riechsalzes	rˈiːçzˌaltsəs	0.27
Rieneck	rˈiːnɛk	0.43
Rienecks	rˈiːnɛks	0.38
Riesenchaos	rˈiːzənkˌaːɔs	0.3
Riesenidiot	rˈiːzənidˌioːt	0.27
Riesenparty	rˈiːzənpˌaːɾti	0.3
Riesenshow	rˈiːzənʃˌɔʊ	0.44
Riesenshows	rˈiːzənʃˌɔʊs	0.4
Riesenstern	rˈiːzənʃtˌɛɾn	0.3
Riesensterns	rˈiːzənʃtˌɛɾns	0.27
Riesenwuchses	rˈiːzənvˌuːksəs	0.27
Rikers	ɹˈaɪkɜs	0.5
Rikers’	ɹˈaɪkɜs	0.5
Riksmål	rˈiːksmoːl	0.29
Rinderbouillon	rˈɪndɜbuljˌɔŋ	0.36
Rinderbouillons	rˈɪndɜbuljˌɔŋs	0.33
Rindsbouillon	rˈɪntsbuljˌɔŋ	0.36
Rindsbouillons	rˈɪntsbuljˌɔŋs	0.33
Rindvieh	rˈɪntfˌiː	0.33
Rindviehs	rˈɪntfˌiːs	0.29
Rio de Janeiro	rˈiːo deː ʒanˈeːro	0.38
Rio de Janeiros	rˈiːo deː ʒanˈeːros	0.36
Rioja	rˈiɔxa	0.67
Riojas	rˈiɔxas	0.57
Rios	rˈiːoːs	0.4
Risikomanagement	rˈiːzikomˌɛnɪtʃmənt	0.31
Risikomanagements	rˈiːzikomˌɛnɪtʃmənts	0.29
Rizinusölsäure	rˌiːtsinʊsˈøːlzˌɔɪrə	0.27
Road-Captain	rˈɔʊtkˌɛptən	0.45
Road-Captains	rˈɔʊtkˌɛptəns	0.42
Roadmovie	rˈoːtmˌuːvi	0.38
Roadmovies	rˈoːtmˌuːvis	0.33
Roadshow	rˈoʊdʃˌɔʊ	0.75
Roadshows	rˈoʊdʃˌoʊs	0.56
Roadster	rˈɔʊtstɜ	0.43
Roadtrip	rˈɔʊttrˌɪp	0.5
Roadtrips	rˈɔʊttrˌɪps	0.44
Roaming	rˈɔʊmɪŋ	0.33
Roaminggebühr	rˈɔʊmɪŋɡəbˌyːɾ	0.27
Roamings	rˈɔʊmɪŋs	0.29
Roastbeef	rˈɔstbˌiːf	0.38
Roastbeef-Sandwich	rˈoːstbiːfsˌɛntvɪtʃ	0.5
Roastbeef-Sandwiche	rˈoːstbiːfsˌɛntvɪtʃə	0.47
Roastbeef-Sandwichen	rˈoːstbiːfsˌɛntvɪtʃən	0.44
Roastbeef-Sandwiches	rˈoːstbiːfsˌɛntvɪtʃəs	0.44
Roastbeef-Sandwichs	rˈoːstbiːfsˌɛntvɪtʃs	0.5
Roastbeefs	rˈɔstbˌiːfs	0.33
Robben Island	rɔbənˈaɪlənt	0.27
Robbenbabys	rˈɔbənbˌeːbis	0.27
Robote	rˈɔbɔtə	0.33
Roboten	rˈɔbɔtən	0.29
Roboter	rˈɔbɔtɜ	0.33
Roboterarm	rˈɔbɔtɜˌaɾm	0.3
Roboterarme	rˈɔbɔtɜˌaɾmə	0.27
Roboterarms	rˈɔbɔtɜˌaɾms	0.27
Roboterauto	rˈɔbɔtɜˌaʊto	0.27
Roboterinnen	rˈɔbɔtərɪnən	0.27
Robotern	rˈɔbɔtɜn	0.29
Roboters	rˈɔbɔtɜs	0.29
Robotes	rˈɔbɔtəs	0.29
Robotik	rɔbˈɔtɪk	0.43
Rocaille	rokˈaːj	0.43
Rocailles	rokˈaːjs	0.38
Rochester	rˈɔtʃɪstə	0.5
Rochesters	rˈɔtʃɪstəs	0.44
Rock-DJs	rˈɔkdˌiːdʒɛɪs	0.5
Rocky Mountains	rˈɔki mˈaʊntɪnz	0.33
Roderichs	rˈoːdərɪçs	0.38
Rodt	roːt	0.33
Roetgen	rˈøːtçən	0.43
Roetgens	rˈøːtçəns	0.38
Roggenwhiskey	rˈɔɡənwˌɪski	0.33
Roggenwhiskeys	rˈɔɡənwˌɪskis	0.31
Rohhäute	rˈoːhˌɔɪtə	0.29
Roigheim	rˈɔɪkhˌaɪm	0.33
Roigheims	rˈɔɪkhˌaɪms	0.3
Rollout	rɔʊlˈaʊt	0.43
Rollouts	rɔʊlˈaʊts	0.38
Romagna	romˈanja	0.29
Romanis	rˈɔmanis	0.29
Ronnabyte	rˈɔnabˌaɪt	0.38
Ronnabytes	rˈɔnabˌaɪts	0.33
Root Beer	ɹˈuːtbˌiːɾ	0.5
Root Beers	ɹˈuːtbˌiːɾs	0.5
Rootkit	ɹˈuːtkˌɪt	0.33
Rootkits	ɹˈuːtkˌɪts	0.43
Rosl	rˈoːzəl	0.6
Rosln	rˈoːzəln	0.5
Rosls	rˈoːzəls	0.5
Rotationsellipsoids	rotatsˈioːnsɛlɪpsoˌiːts	0.26
Rotbuche	rˈoːtbˌuːxə	0.29
Rotchina	rˈoːtçˌiːna	0.38
Rotchinas	rˈoːtçˌiːnas	0.33
Rotfuchs	rˈoːtfˌʊks	0.29
Roth	roːt	0.33
Rothaut	rˈoːthˌaʊt	0.29
Rothenfels	rˈoːtənfˌɛls	0.33
Rothenfels’	rˈoːtənfˌɛls	0.33
Rothirsch	rˈoːthˌɪɾʃ	0.29
Rothneusiedl	rˌoːtnˈɔɪziːdəl	0.27
Rothäute	rˈoːthˌɔɪtə	0.38
Rothäuten	rˈoːthˌɔɪtən	0.33
Rotluchs	rˈoːtlˌʊks	0.29
Rotluchse	rˈoːtlˌʊksə	0.38
Rotluchsen	rˈoːtlˌʊksən	0.33
Rotluchses	rˈoːtlˌʊksəs	0.33
Rotorengeräuschen	rotˈoːrənɡərˌɔɪʃən	0.35
Rotspohn	rˈoːtʃpˌoːn	0.29
Rotspon	rˈoːtʃpˌoːn	0.29
Rotstichs	rˈoːtʃtˌɪçs	0.44
Rottanne	rˈoːttˌanə	0.29
Rottier	rˈoːttˌiːɾ	0.33
Rottiere	rˈoːttˌiːrə	0.29
Rottiers	rˈoːttˌiːɾs	0.29
Rotton	rˈoːttˌoːn	0.33
Rottone	rˈoːttˌoːnə	0.29
Rottons	rˈoːttˌoːns	0.29
Rottöne	rˈoːttˌøːnə	0.29
Rotweinglas	rˈoːtvaɪnɡlˌaːs	0.27
Roubaiser	rubˈɛːzɜ	0.29
Rouen	ruɑ̃ː	0.5
Rouens	ruɑ̃ːs	0.4
Rouge	ruːʃ	0.5
Rouges	ruːʃs	0.4
Rouleaus	rulˈoːs	0.43
Rouleaux	rulˈoːs	0.5
Roundhouse-Kick	ɹˈaʊnthaʊskˌɪk	0.5
Roundhouse-Kicks	ɹˈaʊnthaʊskˌɪks	0.46
Roundup	ɹˈaʊndˌap	0.57
Roundups	ɹˈaʊndˌaps	0.5
Rout	raʊt	0.5
Routern	rˈaʊtɜn	0.33
Routers	rˈaʊtɜs	0.33
Routineangelegenheit	rutˈiːnəˌanɡəleːɡənhaɪt	0.26
Routs	raʊts	0.4
Rover	rˈɔʊvɜ	0.4
Rovern	rˈɔʊvɜn	0.33
Rovers	rˈɔʊvɜs	0.33
Rowdy	rˈaʊdi	0.4
Rowdys	rˈaʊdis	0.5
Rowdytum	rˈaʊdituːm	0.38
Rowdytums	rˈaʊdituːms	0.33
Royal Flush	ɹˌɔɪəlflˈaʃ	0.56
Royals	rˈɔɪəls	0.5
Rubefaziens	ruːbəfˈaːtsiɛns	0.31
Ruch	ruːx	0.33
Rugbyball	rˈakbibˌal	0.38
Rugbyballe	rˈakbibˌalə	0.33
Rugbyballes	rˈakbibˌaləs	0.3
Rugbyballs	rˈakbibˌals	0.33
Rugbybälle	rˈakbibˌɛlə	0.33
Rugbybällen	rˈakbibˌɛlən	0.3
Rugbyfan	rˈakbifˌɛn	0.5
Rugbyfans	rˈakbifˌɛns	0.44
Rugbyfeld	rˈakbifˌɛlt	0.33
Rugbyfelder	rˈakbifˌɛldɜ	0.3
Rugbyfeldern	rˈakbifˌɛldɜn	0.27
Rugbyfeldes	rˈakbifˌɛldəs	0.27
Rugbyfelds	rˈakbifˌɛlts	0.3
Rugbys	rˈakbis	0.5
Rugbyspiel	rˈakbiʃpˌiːl	0.33
Rugbyspiele	rˈakbiʃpˌiːlə	0.3
Rugbyspielen	rˈakbiʃpˌiːlən	0.27
Rugbyspieler	rˈakbiʃpˌiːlɜ	0.3
Rugbyspielern	rˈakbiʃpˌiːlɜn	0.27
Rugbyspielers	rˈakbiʃpˌiːlɜs	0.27
Rugbyspieles	rˈakbiʃpˌiːləs	0.27
Rugbyspiels	rˈakbiʃpˌiːls	0.3
Rugbystar	rˈakbistˌaːɾ	0.33
Rugbystars	rˈakbistˌaːɾs	0.3
Rugbyteam	rˈakbitˌiːm	0.56
Rugbyteams	rˈakbitˌiːms	0.5
Rugbytrainer	rˈakbitrˌɛːnɜ	0.3
Rugbytrainern	rˈakbitrˌɛːnɜn	0.27
Rugbytrainers	rˈakbitrˌɛːnɜs	0.27
Rugbytraining	rˈakbitrˌɛːnɪŋ	0.27
Ruhestandsalter	rˈuːəʃtantsˌaltɜ	0.31
Ruhestandsaltern	rˈuːəʃtantsˌaltɜn	0.29
Ruhestandsalters	rˈuːəʃtantsˌaltɜs	0.29
Ruhestatt	rˈuːəʃtˌat	0.29
Rumelien	rumˈeːliən	0.33
Rumeliens	rumˈeːliəns	0.3
Running Gag	rˌanɪŋɡˈɛk	0.38
Running Gags	rˌanɪŋɡˈɛks	0.33
Runs	rans	0.75
Rupert	rˈʊpɛɾt	0.33
Rupie	rˈuːpiə	0.33
Rusine	rʊsˈiːnə	0.33
Rusinen	rʊsˈiːnən	0.29
Rusinin	rʊsˈiːnɪn	0.29
Rusinisch	rʊsˈiːnɪʃ	0.29
Ruth	ruːt	0.33
Ruthenien	rutˈeːniən	0.33
Rutheniens	rutˈeːniəns	0.3
Ruzicka	rˈuːʃɪtʃka	0.5
Ruzickas	rˈuːʃɪtʃkas	0.44
Räson	rɛzˈɔ̃ː	0.4
Räsonnement	rɛzɔnəmˈɑ̃ː	0.4
Räsonnements	rɛzɔnəmˈɑ̃ːs	0.36
Räucherlachse	rˈɔɪçɜlˌaksə	0.27
Räuschen	rˈɔɪʃən	0.5
Résistance	rezɪstˈɑ̃ːs	0.3
Réunion	reynˈiɔ̃ː	0.57
Réunions	reynˈiɔ̃ːs	0.5
Röcken	rˈœkŋ̩	0.4
Röschens	rˈøːsçəns	0.5
Röstis	rˈøːstis	0.33
Rübsens	rˈyːpsəns	0.29
Rückzugsabsicht	rˈʏktsuːksˌapzɪçt	0.27
Rüstzeuge	rˈʏsttsˌɔɪkə	0.3
SA-Mann	ɛsˈaːmˌan	0.33
SEAL	siːl	0.75
SEALs	siːls	0.6
SIM-Karte	zˈɪmkˌaɾtə	0.4
SIM-Karten	zˈɪmkˌaɾtən	0.36
SIM-Swapping	zˈɪmsvˌɔpɪŋ	0.45
SIM-Swappings	zˈɪmsvˌɔpɪŋs	0.42
SMSen	ɛsɛmˈɛsən	0.38
SUVs	ɛsuːfˈaʊs	0.57
SWAT-Team	swˈɔttˌiːm	0.29
SWAT-Teams	swɔttˌiːms	0.38
Saaldiener	zˈaːldˌiːnɜ	0.33
Saaleufer	zˈaːləˌuːfɜ	0.29
Saarlouis	zˌaːɾlˈui	0.29
Sabah	sˈabah	0.4
Sabahs	sˈabahs	0.33
Sabbatical	səbˈɛtɪkəl	0.56
Sabbaticals	səbˈɛtɪkəls	0.5
Saccharomyces cerevisiae	zaxaromˌyːtseːs tserevˈiːziɛ	0.36
Saccharose	zaxarˈoːzə	0.3
Saccharosen	zaxarˈoːzən	0.27
Sachet	zaʃˈeː	0.6
Sachets	zaʃˈeːs	0.5
Sachsa	zˈaksa	0.4
Sachsas	zˈaksas	0.33
Sackware	zˈakvˌaːrə	0.57
Sadhu	sˈaːdu	0.6
Sadhus	sˈaːdus	0.67
Safe Houses	sˈɛɪfhˌaʊzɪs	0.4
Safe Spaces	sˈɛɪfspˌɛɪsɪs	0.27
Safed	sˈafɛt	0.6
Safeds	sˈafɛts	0.67
Safeknackers	sˈɛɪfknˌakɜs	0.3
Safer Sexes	sˈɛɪfɜ sˈɛksəs	0.36
Safer Space	sˈɛɪfɜ spˌɛɪs	0.3
Safer Spaces	sˈɛɪfɜ spˌɛɪsɪs	0.33
Safespaces	sˈɛɪfspˌɛɪsɪs	0.27
Safetys	sˈɛɪftis	0.29
Sahel	zahˈeːl	0.4
Sahels	zahˈeːls	0.33
Sahib	zˈaːhɪp	0.4
Sahibs	zˈaːhɪps	0.33
Sahnebonbon	zˈaːnəbɔ̃bˌɔ̃ː	0.4
Sahnebonbons	zˈaːnəbɔ̃bˌɔ̃ːs	0.36
Sahnehäubchen	zˈaːnəhˌɔɪpçən	0.33
Sahnejoghurt	zˈaːnəjˌoːɡʊɾt	0.36
Sahnejoghurts	zˈaːnəjˌoːɡʊɾts	0.33
Saigoner	sˈaɪɡɔnɜ	0.29
Saint George’s	sntdʒˈɔːdʒɪz	0.75
Saint George’s’	sntdʒˈɔːdʒɪz	0.75
Saint John’s	əntdʒˈɔns	0.67
Saint John’s’	əntdʒˈɔns	0.67
Saint-Brieuc	sɛ̃brijˈø	0.7
Saint-Brieucs	sɛ̃brijˈøs	0.64
Saint-Étienne	sɛ̃tetjˈɛn	0.7
Saint-Étiennes	sɛ̃tetjɛns	0.64
Saisonabbruch	zɛzˈɔ̃ːapbrˌʊx	0.45
Saisonabbruches	zɛzˈɔ̃ːapbrˌʊxəs	0.38
Saisonabbruchs	zɛzˈɔ̃ːapbrˌʊxs	0.42
Saisonabbrüche	zɛzˈɔ̃ːapbrˌʏçə	0.38
Saisonabbrüchen	zɛzˈɔ̃ːapbrˌʏçən	0.36
Saisonarbeit	zɛzˈɔ̃ːaɾbˌaɪt	0.33
Saisonarbeiten	zɛzˈɔ̃ːaɾbˌaɪtən	0.29
Saisonarbeiter	zɛzˈɔ̃ːaɾbˌaɪtɜ	0.31
Saisonarbeiterin	zɛzˈɔ̃ːaɾbˌaɪtərɪn	0.27
Saisonarbeiterinnen	zɛzˈɔ̃ːaɾbˌaɪtərɪnən	0.28
Saisonarbeitern	zɛzˈɔ̃ːaɾbˌaɪtɜn	0.29
Saisonarbeiters	zɛzˈɔ̃ːaɾbˌaɪtɜs	0.29
Saisonauftakt	zɛzˈɔ̃ːaʊftˌakt	0.31
Saisonauftakte	zɛzˈɔ̃ːaʊftˌaktə	0.29
Saisonauftakten	zɛzˈɔ̃ːaʊftˌaktən	0.27
Saisonauftaktes	zɛzˈɔ̃ːaʊftˌaktəs	0.27
Saisonauftakts	zɛzˈɔ̃ːaʊftˌakts	0.29
Saisonbeginn	zɛzˈɔ̃ːbəɡˌɪn	0.36
Saisonbeginne	zɛzˈɔ̃ːbəɡˌɪnə	0.33
Saisonbeginnen	zɛzˈɔ̃ːbəɡˌɪnən	0.31
Saisonbeginnes	zɛzˈɔ̃ːbəɡˌɪnəs	0.31
Saisonbeginns	zɛzˈɔ̃ːbəɡˌɪns	0.33
Saisoneröffnung	zɛzˈɔ̃ːɛɾˌœfnʊŋ	0.38
Saisoneröffnungen	zɛzˈɔ̃ːɛɾˌœfnʊŋən	0.33
Saisonier	zɛzɔnˈieː	0.5
Saisoniere	zɛzɔnˈiɛːrə	0.44
Saisonieren	zɛzɔnˈiɛːrən	0.4
Saisoniers	zɛzɔnˈieːs	0.44
Saisonjob	zɛzˈɔ̃ːdʒˌɔp	0.67
Saisonjobs	zɛzˈɔ̃ːdʒˌɔps	0.6
Saisonnier	zɛzɔnˈieː	0.38
Saisonniers	zɛzɔnˈieːs	0.33
Saisonrennen	zɛzˈɔ̃ːrˌɛnən	0.27
Saisonstart	zɛzˈɔ̃ːʃtˌaɾt	0.27
Saisontreffer	zɛzˈɔ̃ːtrˌɛfɜ	0.27
Salamisandwich	zalˈaːmizˌɛntvɪtʃ	0.29
Salamisandwiche	zalˈaːmizˌɛntvɪtʃə	0.27
Salamisandwichs	zalˈaːmizˌɛntvɪtʃs	0.27
Salariat	salarˈiaːt	0.33
Salatbuffet	zalˈaːtbʏfˌeː	0.3
Salatbuffets	zalˈaːtbʏfˌeːs	0.27
Salems	sˈɛɪləms	0.57
Salon	zalˈɔ̃ː	0.4
Salons	zalˈɔ̃ːs	0.33
Saloon	səlˈuːn	0.6
Saloonbesitzer	səlˈuːnbəzˌɪtsɜ	0.33
Saloonbesitzern	səlˈuːnbəzˌɪtsɜn	0.31
Saloonbesitzers	səlˈuːnbəzˌɪtsɜs	0.31
Saloons	səlˈuːns	0.5
Salt Lake City	sˈɔːlt lɛɪk sˈɪti	0.42
Salt Lake Citys	sˈɔːlt lɛɪk sˈɪtis	0.62
Saltillo	saltˈiːjo	0.43
Saltillos	saltˈiːjos	0.38
Samenspende	zˈaːmənʃpˌɛndə	0.27
Samenspender	zˈaːmənʃpˌɛndɜ	0.27
Samichlaus	sˈamixlˌaʊs	0.4
Samichlauses	sˈamixlˌaʊsəs	0.42
Samichläuse	sˈamixlˌɔɪsə	0.55
Samichläusen	sˈamixlˌɔɪsən	0.5
Samisen	zˈaːmizɛn	0.43
Samosa	samˈoːsa	0.33
Samosas	samˈoːsas	0.29
Samoware	zamovˈaːrə	0.62
Samples	sˈɛmpəls	0.57
Samttuch	zˈamttˌuːx	0.29
San Jose	saŋxosˈe	0.71
Sandhi	zˈandi	0.33
Sandhis	zˈandis	0.43
Sandschak	zandʒˈak	0.29
Sandsteingebäude	zˈantʃtaɪnɡəbˌɔɪdə	0.31
Sandsteingebäuden	zˈantʃtaɪnɡəbˌɔɪdən	0.29
Sandsteingebäudes	zˈantʃtaɪnɡəbˌɔɪdəs	0.29
Sandwedges	sˈɛndwˌedʒɪs	0.6
Sandwich	zˈɛntvɪtʃ	0.5
Sandwichbelag	sˈɛntvɪtʃbəlˌaːk	0.46
Sandwichbelags	sˈɛntvɪtʃbəlˌaːks	0.43
Sandwichbeläge	sˈɛntvɪtʃbəlˌɛːɡə	0.43
Sandwichbelägen	sˈɛntvɪtʃbəlˌɛːɡən	0.4
Sandwiche	zˈɛntvɪtʃə	0.44
Sandwichen	zˈɛntvɪtʃən	0.4
Sandwiches	zˈɛntvɪtʃɪs	0.5
Sandwichladen	sˈɛntvɪtʃlˌaːdən	0.38
Sandwichladens	sˈɛntvɪtʃlˌaːdəns	0.36
Sandwichläden	sˈɛntvɪtʃlˌɛːdən	0.38
Sandwichs	zˈɛntvɪtʃs	0.44
Sandwichtüte	sˈɛntvɪtʃtˌyːtə	0.42
Sandwichtüten	sˈɛntvɪtʃtˌyːtən	0.38
Sangiovese	zˌandʒovˈeːze	0.6
Sangioveses	zˌandʒovˈeːzes	0.55
Sanssouci	sˈɑ̃ːsusi	0.43
Sanssoucis	sˈɑ̃ːsusis	0.5
Santa Monica	sˌɛntɜmˈɔnɪka	0.45
Santa Monicas	sˌɛntɜmˈɔnɪkas	0.42
Sapris	sˈaːpris	0.33
Sarape	sarˈaːpe	0.33
Sarapes	sarˈaːpes	0.29
Saratow	sarˈaːtɔf	0.29
Sardana	sərðˈanə	0.57
Sardanas	sərðˈanəs	0.5
Sardellenfilets	zaɾdˈɛlənfilˌeːs	0.29
Sashimi	sˈaʃimiː	0.43
Sashimi-Messer	sˈaʃimiːmˌɛsɜ	0.27
Sashimis	sˈaʃimiːs	0.5
Saskatchewan	səskˈɛtʃɪwən	0.55
Saskatchewans	səskˈɛtʃɪwəns	0.5
Satellit	zatɛlˈiːt	0.29
Satellitenreceiver	zatɛlˈiːtənrisˌiːvɜ	0.31
Satellitenreceivern	zatɛlˈiːtənrisˌiːvɜn	0.29
Satellitenreceivers	zatɛlˈiːtənrisˌiːvɜs	0.29
Satin	zatˈɛ̃ː	0.4
Satins	zatˈɛ̃ːs	0.33
Satsuma	sˈatsuma	0.29
Sauce	zˈoːsə	0.6
Sauce béarnaise	zˈoːs beaɾnˈɛːs	0.57
Sauce hollandaise	zoːs ɔlɑ̃dˈɛːs	0.67
Saucen	zˈoːsən	0.5
Saucenlöffel	zˈoːsənlˌœfəl	0.27
Saucenschüssel	zˈoːsənʃˌʏsəl	0.27
Saucier	zosˈieː	0.5
Sauciere	zosˈieːrə	0.43
Saucieren	zosˈieːrən	0.38
Sauciers	zosˈieːs	0.43
Sauf-conduit	sˈofkɔ̃dˈyi	0.64
Sauf-conduits	sˈofkɔ̃dˈyis	0.5
Saugroboter	zˈaʊkrˌɔbɔtɜ	0.3
Saugrobotern	zˈaʊkrˌɔbɔtɜn	0.27
Saugroboters	zˈaʊkrˌɔbɔtɜs	0.27
Sauteuse	zotˈøːzə	0.29
Sauvignon Blanc	sovɪnjˈɔ̃ blɑ̃	0.64
Sauvignon Blancs	sovɪnjˈɔ̃ blɑ̃	0.67
Savant	savˈɑ̃ː	0.5
Savants	savˈɑ̃ːs	0.43
Savegame	sˈɛɪfɡˌɛɪm	0.88
Savegames	sˈɛɪfɡˌɛɪms	0.78
Saze	sˈaːsə	0.4
Sazen	sˈaːsən	0.33
Scanner	skˈɛnɜ	0.4
Scanners	skˈɛnɜs	0.5
Schabgeräusch	ʃˈaːpɡərˌɔɪʃ	0.33
Schabgeräusche	ʃˈaːpɡərˌɔɪʃə	0.3
Schabgeräuschen	ʃˈaːpɡərˌɔɪʃən	0.46
Schabgeräusches	ʃˈaːpɡərˌɔɪʃəs	0.27
Schabgeräuschs	ʃˈaːpɡərˌɔɪʃs	0.3
Schachty	ʃˈaxtɨ	0.5
Schadsoftware	ʃˈaːtsɔftvˌɛːɾ	0.4
Schadsoftwares	ʃˈaːtsɔftvˌɛːɾs	0.33
Schaeuffelens	ʃˈɔɪfələns	0.33
Schafchampignon	ʃˈaːfʃˌɑ̃pɪnjɔŋ	0.54
Schafchampignons	ʃˈaːfʃˌɑ̃pɪnjɔŋs	0.5
Schamisen	ʃˈaːmizɛn	0.43
Schanzzeug	ʃˈantstsˌɔɪk	0.3
Schanzzeuge	ʃˈantstsˌɔɪɡə	0.27
Schanzzeugs	ʃˈantstsˌɔɪks	0.27
Schattenspender	ʃˈatənʃpˌɛndɜ	0.27
Schaufelgeräuschen	ʃˈaʊfəlɡərˌɔɪʃən	0.31
Schauspielensemble	ʃˈaʊʃpiːlãsˌãːbəl	0.47
Schauspielensembles	ʃˈaʊʃpiːlãsˌãːbəls	0.44
Scheingefecht	ʃˈaɪnɡəfˌɛçt	0.27
Scheingeschwulst	ʃˈaɪnɡəʃvˌʊlst	0.33
Scheingeschwulste	ʃˈaɪnɡəʃvˌʊlstə	0.31
Scheingeschwulsten	ʃˈaɪnɡəʃvˌʊlstən	0.29
Scheingeschwulstes	ʃˈaɪnɡəʃvˌʊlstəs	0.29
Scheingewinn	ʃˈaɪnɡəvˌɪn	0.33
Scheingewinne	ʃˈaɪnɡəvˌɪnə	0.3
Scheingewinnen	ʃˈaɪnɡəvˌɪnən	0.27
Scheingewinnes	ʃˈaɪnɡəvˌɪnəs	0.27
Scheingewinns	ʃˈaɪnɡəvˌɪns	0.3
Scheißjob	ʃˈaɪsdʒˌɔp	0.38
Scheißjobs	ʃˈaɪsdʒˌɔps	0.33
Scheißviechs	ʃˈaɪsfˌiːçs	0.33
Schelesnogorsk	ʃɛleːznɔɡˈoːɾsk	0.42
Schelesnogorsks	ʃɛleːznɔɡˈoːɾsks	0.38
Schem	ʃɛm	0.33
Scheu	ʃɔɪ	0.33
Schifffahrtsbehörde	ʃˈɪffaːɾtsbəhˌøːɾdə	0.27
Schiffscrews	ʃˈɪfskɹˌuːs	0.33
Schiffsfonds	ʃˈɪfsfˌɔ̃ː	0.33
Schiffsrestaurant	ʃˈɪfsrɛstorˌɑ̃ː	0.29
Schiffsrestaurants	ʃˈɪfsrɛstorˌɑ̃ːs	0.27
Schiffsunglück	ʃˈɪfsˌʊnɡlʏk	0.3
Schiffsunglücke	ʃˈɪfsˌʊnɡlʏkə	0.27
Schiffsunglücks	ʃˈɪfsˌʊnɡlʏks	0.27
Schifliegen	ʃˈiːfliːɡŋ̩	0.38
Schifliegens	ʃˈiːfliːɡŋ̩s	0.33
Schinkensandwich	ʃˈɪŋkənsˌɛntvɪtʃ	0.43
Schinkensandwiche	ʃˈɪŋkənsˌɛntvɪtʃə	0.4
Schinkensandwichen	ʃˈɪŋkənsˌɛntvɪtʃən	0.38
Schinkensandwiches	ʃˈɪŋkənsˌɛntvɪtʃəs	0.38
Schinkensandwichs	ʃˈɪŋkənsˌɛntvɪtʃs	0.4
Schiphol	sxˈɪphɔl	0.86
Schiphols	sxˈɪphɔls	0.75
Schismogenese	ʃˌɪsmoɡenˈeːzə	0.27
Schkeuditz	ʃkˈɔɪdɪts	0.57
Schkeuditz’	ʃkˈɔɪdɪts	0.57
Schlachtgeräuschen	ʃlˈaxtɡərˌɔɪʃən	0.33
Schlafgeräuschen	ʃlˈaːfɡərˌɔɪʃən	0.36
Schlager-DJs	ʃlˈaːɡɜdˌiːdʒɛɪs	0.42
Schlangennest	ʃlˈaŋənnˌɛst	0.3
Schlangennests	ʃlˈaŋənnˌɛsts	0.27
Schlichs	ʃlɪçs	0.33
Schlussplädoyer	ʃlˈʊsplɛdoajˌeː	0.33
Schlängellinie	ʃlˈɛŋəllˌiːniə	0.27
Schmatzgeräuschen	ʃmˈatsɡərˌɔɪʃən	0.33
Schmerzerlebnise	ʃmˈɛɾtsɛɾlˌeːpnɪzə	0.27
Schmiedeeisen	ʃmˈiːdəˌaɪzən	0.3
Schmiedeeisens	ʃmˈiːdəˌaɪzəns	0.27
Schmiergeldangebot	ʃmˈiːɾɡɛltˌanɡəboːt	0.33
Schmiergeldangebote	ʃmˈiːɾɡɛltˌanɡəboːtə	0.31
Schmiergeldangeboten	ʃmˈiːɾɡɛltˌanɡəboːtən	0.29
Schmiergeldangebotes	ʃmˈiːɾɡɛltˌanɡəboːtəs	0.29
Schmiergeldangebots	ʃmˈiːɾɡɛltˌanɡəboːts	0.31
Schmuggelware	ʃmˈʊɡəlvˌaːrə	0.5
Schmugglerware	ʃmˈʊɡlɜvˌaːrə	0.5
Schmuse	ʃmˈuːzə	0.4
Schmuses	ʃmˈuːzəs	0.33
Schnarchgeräuschen	ʃnˈaɾçɡərˌɔɪʃən	0.31
Schnaufgeräuschen	ʃnˈaʊfɡərˌɔɪʃən	0.33
Schneechaos	ʃnˈeːkˌaːɔs	0.38
Schnellrestaurant	ʃnˈɛlrɛstorˌɑ̃ː	0.29
Schnellrestaurants	ʃnˈɛlrɛstorˌɑ̃ːs	0.27
Schnellstudie	ʃnˈɛlʃtˌuːdiə	0.27
Schnurlostelefon	ʃnˈuːɾloːstˌeːləfoːn	0.29
Schnurlostelefone	ʃnˈuːɾloːstˌeːləfoːnə	0.27
Schnurlostelefons	ʃnˈuːɾloːstˌeːləfoːns	0.27
Schnäpschen	ʃnˈɛpsçən	0.33
Schnäpschens	ʃnˈɛpsçəns	0.3
Schoggis	ʃˈɔkis	0.4
Schokocroissant	ʃˈoːkokroasˌɑ̃ː	0.33
Schokocroissants	ʃˈoːkokroasˌɑ̃ːs	0.31
Schola	skˈoːla	0.4
Scholae	skˈoːlɛ	0.4
Scholien	ʃˈoːliən	0.29
Schongau	ʃˈoːnɡaʊ	0.33
Schongaus	ʃˈoːnɡaʊs	0.29
Schothorn	ʃˈoːthˌɔɾn	0.29
Schraubengeräuschen	ʃrˈaʊbənɡərˌɔɪʃən	0.29
Schreckenserlebnis	ʃrˈɛkənsɛɾlˌeːpnɪs	0.27
Schreibaby	ʃrˈaɪbˌeːbi	0.33
Schreibabys	ʃrˈaɪbˌeːbis	0.4
Schrittgeräuschen	ʃrˈɪtɡərˌɔɪʃən	0.36
Schrumpffolie	ʃrˈʊmpffˌoːliə	0.27
Schtetl	ʃtˈɛtəl	0.73
Schtetln	ʃtˈɛtəln	0.67
Schtetls	ʃtˈɛtəls	0.67
Schtschi	ʃtʃiː	0.7
Schturmowik	ʃtˈʊɾmovɪk	0.47
Schturmowiks	ʃtˈʊɾmovɪks	0.44
Schubdüse	ʃˈuːpdˌyːzə	0.29
Schublade	ʃˈuːplˌaːdə	0.29
Schubladendenkens	ʃˈuːplaːdəndˌɛŋkəns	0.27
Schublehre	ʃˈuːplˌeːrə	0.29
Schubserei	ʃʊpsərˈaɪ	0.38
Schubsereien	ʃʊpsərˈaɪən	0.3
Schubspiegelung	ʃˈuːpʃpˌiːɡəlʊŋ	0.27
Schubverband	ʃˈuːpfɛɾbˌant	0.3
Schubverbande	ʃˈuːpfɛɾbˌandə	0.27
Schubverbands	ʃˈuːpfɛɾbˌants	0.27
Schubverbände	ʃˈuːpfɛɾbˌɛndə	0.27
Schubverlust	ʃˈuːpfɛɾlˌʊst	0.3
Schubverluste	ʃˈuːpfɛɾlˌʊstə	0.27
Schubverlusts	ʃˈuːpfɛɾlˌʊsts	0.27
Schuehle	ʃˈyːlə	0.4
Schuehles	ʃˈyːləs	0.33
Schuhcreme	ʃˈuːkrˌɛːm	0.29
Schuldiener	ʃˈuːldˌiːnɜ	0.44
Schulskikurs	ʃˈuːlʃˌiːkʊɾs	0.3
Schultercello	ʃˈʊltɜtʃˌɛlo	0.4
Schultercellos	ʃˈʊltɜtʃˌɛlos	0.45
Schummelsoftware	ʃˈʊməlsˌɔftvɛːɾ	0.42
Schussgeräuschen	ʃˈʊsɡərˌɔɪʃən	0.38
Schussw.	ʃˈʊsvˌafə	0.43
Schwadronschef	ʃvadrˈoːnsʃˌɛf	0.27
Schwalbennest	ʃvˈalbənnˌɛst	0.27
Schwammerlsauce	ʃvˈɑmɜlsˌoːs	0.45
Schwammerlsaucen	ʃvˈɑmɜlsˌoːsn	0.42
Schwangau	ʃvˈaːnɡˌaʊ	0.29
Schwarzmarktware	ʃvˈaɾtsmaɾktvˌaːrə	0.6
Schwarzstorches	ʃvˈaɾtsʃtˌɔɾçəs	0.29
Schwefeldioxids	ʃvˈeːfəldˌiːɔksiːts	0.27
Schwegle	ʃvˈeːklə	0.33
Schwegles	ʃvˈeːkləs	0.29
Schweinefilet	ʃvˈaɪnəfilˌeː	0.27
Schweinepferchs	ʃvˈaɪnəpfˌɛɾçs	0.31
Schweinewurst	ʃvˈaɪnəvˌʊɾst	0.45
Schweinewürste	ʃvˈaɪnəvˌʏɾstə	0.58
Schweinewürsten	ʃvˈaɪnəvˌʏɾstən	0.46
Schängelche	ʃˈɛŋəlʃə	0.38
Schängelcher	ʃˈɛŋəlʃɜ	0.38
Schöchl	ʃˈœxəl	0.4
Schöchle	ʃˈœxlə	0.33
Schöchles	ʃˈœxləs	0.29
Schöchls	ʃˈœxəls	0.33
Schönbuch	ʃˈøːnbˌuːx	0.33
Schönbuchs	ʃˈøːnbˌuːxs	0.29
Schöneweide	ʃøːnəvˈaɪdə	0.56
Schöneweides	ʃøːnəvˈaɪdəs	0.6
Schöngeist	ʃˈøːnɡˌaɪst	0.38
Schöngeiste	ʃˈøːnɡˌaɪstə	0.33
Schöngeister	ʃˈøːnɡˌaɪstɜ	0.33
Schöngeistern	ʃˈøːnɡˌaɪstɜn	0.3
Schöngeistes	ʃˈøːnɡˌaɪstəs	0.3
Schöngeists	ʃˈøːnɡˌaɪsts	0.33
Schönheitschirurg	ʃˈøːnhaɪtsçirˌʊɾk	0.27
Science-Fiction	sˌaɪənsfˈɪkʃən	0.29
Science-Fiction-Serie	saɪənsfˈɪkʃənzˌeːriə	0.3
Sciencefiction	sˈaiənsfˈikʃən	0.64
Scientologe	saɪəntolˈoːɡə	0.27
Scientology	saɪəntˈɔlədʒi	0.58
Scifi	sˈaɪfi	0.4
Scirocco	ʃirˈɔko	0.29
Scone	skɔn	0.4
Scones	skɔns	0.33
Scottsdale	skˈɔtsdɛɪl	0.33
Scottsdales	skˈɔtsdɛɪls	0.3
Scout	skaʊt	0.4
Scouts	skaʊts	0.33
Scrabble	skrˈɛbəl	0.43
Scrabbles	skrˈɛbəls	0.38
Scratchen	skrˈɛtʃən	0.33
Scratchens	skrˈɛtʃəns	0.3
Screens	skriːns	0.33
Sdp.	zˈiːdəpˌʊŋkt	0.78
Seaborgium	siːbˈɔːɡiʊm	0.4
Seaborgiums	siːbˈɔːɡiʊms	0.36
Sean	ʃɔːn	0.75
Seans	ʃɔːns	0.6
Seattle	siˈɛtəl	0.83
Seattles	siˈɛtəls	0.71
Sebcha	zˈɛpxa	0.33
Sebchas	zˈɛpxas	0.29
Second Ladies	sˌɛkənt lˈɛɪdiːs	0.42
Second Lady	sˌɛkənt lˈɛɪdi	0.36
Second Ladys	sˌɛkənt lˈɛɪdiːs	0.42
Secondhandladen	sˈɛkənthɛntlˌaːdən	0.33
Secondhandladens	sˈɛkənthɛntlˌaːdəns	0.31
Secondhandläden	sˈɛkənthɛntlˌɛːdən	0.33
Security	sɪkjˈuːrɪti	0.3
Securitys	sɪkjˈuːrɪtis	0.5
Sedantag	sədˈɑ̃tˌaːk	0.38
Sedantage	sədˈɑ̃tˌaːɡə	0.33
Sedantagen	sədˈɑ̃tˌaːɡən	0.3
Sedantages	sədˈɑ̃tˌaːɡəs	0.3
Sedantags	sədˈɑ̃tˌaːks	0.33
Seebrise	zˈeːbrˌiːzə	0.29
Seelachse	zˈeːlˌaksə	0.29
Seelenstriptease	zˈeːlənstrˌɪptiːs	0.27
Seengebiet	zˈeːənɡəbˌiːt	0.44
Seengebiete	zˈeːənɡəbˌiːtə	0.4
Seengebieten	zˈeːənɡəbˌiːtən	0.36
Seengebietes	zˈeːənɡəbˌiːtəs	0.36
Seengebiets	zˈeːənɡəbˌiːts	0.4
Seersucker	sˈiːɾsakɜ	0.57
Seersuckers	sˈiːɾsakɜs	0.5
Seestern	zˈeːʃtˌɛɾn	0.29
Seeungeheuer	zˈeːʊnɡəhˌɔɪɜ	0.5
Seeungeheuern	zˈeːʊnɡəhˌɔɪɜn	0.45
Seeungeheuers	zˈeːʊnɡəhˌɔɪɜs	0.45
Segolatum	zɛɡɔlˈaːtʊm	0.33
Segolatums	zɛɡɔlˈaːtʊms	0.3
Segregations	sɛɡrɪɡˈeɪʃəns	0.54
Segway	sˈɛkwɛɪ	0.5
Segways	sˈɛkwɛɪs	0.57
Sehprothese	zˈeːprotˌeːzə	0.33
Seiches	sɛʃ	1.0
Seigniorage	zɛnjorˈaːʒ	0.58
Seimerichs	zˈaɪmərɪçs	0.33
Seineufer	zˈɛːnəˌuːfɜ	0.5
Seineufern	zˈɛːnəˌuːfɜn	0.44
Seineufers	zˈɛːnəˌuːfɜs	0.44
Sekler	sˈeːklɜ	0.4
Seklern	sˈeːklɜn	0.33
Seklers	sˈeːklɜs	0.33
Sekret	zekrˈeːt	0.33
Sekrete	zekrˈeːtə	0.29
Sekrets	zekrˈeːts	0.29
Selbstmanagement	zˈɛlpstmˌɛnɪtʃmənt	0.31
Selbstmanagements	zˈɛlpstmˌɛnɪtʃmənts	0.29
Seldschuke	zɛldʒˈʊkə	0.38
Seldschuken	zɛldʒˈʊkən	0.33
Self-Publisherin	sˈɛlfpˌablɪʃərɪn	0.29
Self-Publisherinnen	sˈɛlfpˌablɪʃərɪnən	0.29
Self-Publishern	sˈɛlfpˌablɪʃɜn	0.31
Self-Publishers	sˈɛlfpˌablɪʃɜs	0.31
Selfmademan	sˈɛlfmɛɪtmˌɛn	0.45
Selfmademans	sˈɛlfmɛɪtmˌɛns	0.42
Selfmademen	sˈɛlfmɛɪtmˌɛn	0.45
Selfpublisherin	sˈɛlfpˌablɪʃərɪn	0.29
Selfpublisherinnen	sˈɛlfpˌablɪʃərɪnən	0.29
Selfpublishern	sˈɛlfpˌablɪʃɜn	0.31
Selfpublishers	sˈɛlfpˌablɪʃɜs	0.31
Sellerichs	sˈɛlərɪçs	0.5
Semicha	sˌɛmixˈaː	0.71
Semichot	sˌɛmixˈɔt	0.75
Semiotik	zemˈioːtɪk	0.33
Semiotiker	zemˈioːtɪkɜ	0.3
Semiotikerinnen	zemˈioːtɪkərɪnən	0.27
Semiotikern	zemˈioːtɪkɜn	0.27
Semiotikers	zemˈioːtɪkɜs	0.27
Sengerichs	zˈɛŋərɪçs	0.38
Senior	zˈeːnioːɾ	0.29
Seniorchefin	zˈeːnioːɾʃˌɛfɪn	0.38
Seniorchefinnen	zˈeːnioːɾʃˌɛfɪnən	0.33
Seniorenhandys	zenˈioːrənhˌɛndis	0.27
Seoul	sɔʊl	0.75
Seouler	sˈɔʊlɜ	0.6
Seoulern	sˈɔʊlɜn	0.5
Seoulers	sˈɔʊlɜs	0.5
Seouls	sɔʊls	0.6
Sepoy	zˈiːpɔɪ	0.4
Sepoyaufstand	sˈiːpɔɪˌaʊfʃtant	0.38
Sepoyaufstandes	sˈiːpɔɪˌaʊfʃtandəs	0.33
Sepoyaufstands	sˈiːpɔɪˌaʊfʃtants	0.36
Sepoys	zˈiːpɔɪs	0.33
Seppukus	zɛpˈʊkuːs	0.29
Septennien	zɛptˈɛniən	0.3
Sequel	sˈiːkwəl	0.5
Sequels	sˈiːkwəls	0.43
Serge	sɛɾʃ	0.6
Sergen	sɛɾʒən	0.33
Serges	sɛɾʃs	0.5
Serial	zˈiːriəl	0.33
Serials	zˈiːriəls	0.29
Serie	zˈeːriə	0.33
Serienbrief	zˈeːriənbrˌiːf	0.27
Serienkiller	zˈeːriənkˌɪlɜ	0.27
Serienkrimi	zˈeːriənkrˌɪmi	0.33
Serienkrimis	zˈeːriənkrˌɪmis	0.38
Serienmord	zˈeːriənmˌɔɾt	0.27
Seriennummer	zˈeːriənnˌʊmɜ	0.3
Seriennummern	zˈeːriənnˌʊmɜn	0.27
Serienräuber	zˈeːriənrˌɔɪbɜ	0.33
Serienräubern	zˈeːriənrˌɔɪbɜn	0.31
Serienräubers	zˈeːriənrˌɔɪbɜs	0.31
Seriensieger	zˈeːriənzˌiːɡɜ	0.27
Serientod	zˈeːriəntˌoːt	0.3
Serientode	zˈeːriəntˌoːdə	0.27
Serientods	zˈeːriəntˌoːts	0.36
Serientäter	zˈeːriəntˌɛːtɜ	0.27
Serienvergewaltiger	zˈeːriənfɛɾɡəvˌaltɪɡɜ	0.28
Serienvergewaltigerinnen	zˈeːriənfɛɾɡəvˌaltɪɡərɪnən	0.26
Serienvergewaltigern	zˈeːriənfɛɾɡəvˌaltɪɡɜn	0.26
Serienvergewaltigers	zˈeːriənfɛɾɡəvˌaltɪɡɜs	0.26
Server	sˈœːvər	0.57
Server-Anwendung	sˈœːvəranvɛndʊŋ	0.27
Serveranwendung	sˈœːvəranvɛndʊŋ	0.47
Serveranwendungen	sˈœːɾvɜˌanvɛndʊŋən	0.31
Serverfarm	sˈœːɾvɜfˌaɾm	0.33
Serverfarmen	sˈœːɾvɜfˌaɾmən	0.27
Servern	sˈœːɾvɜn	0.5
Servers	sˈœːɾvɜs	0.5
Serviceberatung	sˈœːɾvɪsbərˌaːtʊŋ	0.43
Serviceberatungen	sˈœːɾvɪsbərˌaːtʊŋən	0.38
Servicekraft	sˈœːɾvɪskrˌaft	0.42
Servicekräfte	sˈœːɾvɪskrˌɛftə	0.38
Servicekräften	sˈœːɾvɪskrˌɛftən	0.36
Serviceleistung	sˈœːɾvɪslˌaɪstʊŋ	0.36
Serviceleistungen	sˈœːɾvɪslˌaɪstʊŋən	0.31
Servicepersonal	zˈøːɾvɪspɛɾzonˌaːl	0.27
Serviceroboter	zˈøːɾvɪsrˌɔbɔtɜ	0.46
Servicerobotern	zˈøːɾvɪsrˌɔbɔtɜn	0.43
Serviceroboters	zˈøːɾvɪsrˌɔbɔtɜs	0.43
Sessions	sˈɛʃəns	0.57
Sets	sɛts	0.5
Seuchenherd	zˈɔɪçənhˌeːɾt	0.27
Severin	zeverˈiːn	0.43
Sewastopol	sevastˈoːpɔl	0.3
Sewastopols	sevastˈoːpɔls	0.27
Sex-Appeals	zˈɛksɛpˌiːls	0.33
Sexappeal	sˈɛksəpˈiːl	0.44
Sexappeals	zˈɛksɛpˌiːls	0.3
Sexes	zˈɛksəs	0.5
Sexgeräusch	sˈɛksɡərˌɔɪʃ	0.3
Sexgeräusche	sˈɛksɡərˌɔɪʃə	0.27
Sexgeräuschen	sˈɛksɡərˌɔɪʃən	0.43
Sexgeräuschs	sˈɛksɡərˌɔɪʃs	0.27
Seychellen	zeʃˈɛlən	0.44
Seycheller	zeʃˈɛlɜ	0.5
Seychellerin	zeʃˈɛlərɪn	0.5
Seychellerinnen	zeʃˈɛlərɪnən	0.46
Seychellern	zeʃˈɛlɜn	0.44
Seychellers	zeʃˈɛlɜs	0.44
Shaker	ʃˈɛikɜ	0.4
Shakern	ʃˈɛikɜn	0.33
Shakers	ʃˈɛikɜs	0.33
Shakespeare	ʃˈɛikspiːɾ	0.6
Shakespeare-Aufführung	ʃˈɛikspiːɾˌaʊffyːrʊŋ	0.33
Shakespeare-Aufführungen	ʃˈɛikspiːɾˌaʊffyːrʊŋən	0.3
Shakespeare-Zitat	ʃˈɛikspiːɾtsitˌaːt	0.38
Shakespeare-Zitate	ʃˈɛikspiːɾtsitˌaːtə	0.35
Shakespeare-Zitaten	ʃˈɛikspiːɾtsitˌaːtən	0.33
Shakespeare-Zitates	ʃˈɛikspiːɾtsitˌaːtəs	0.33
Shakespeare-Zitats	ʃˈɛikspiːɾtsitˌaːts	0.35
Shakespeares	ʃˈɛikspiːɾs	0.55
Shakespearestück	ʃˈɛikspiːɾʃtˌʏk	0.43
Shakespearestücke	ʃˈɛikspiːɾʃtˌʏkə	0.4
Shakespearestücken	ʃˈɛikspiːɾʃtˌʏkən	0.38
Shakespearestücks	ʃˈɛikspiːɾʃtˌʏks	0.4
Shamisen	ʃˈaːmizɛn	0.43
Shantys	ʃˈɛntis	0.33
Sharehoster	ʃˈɛːɾhˌɔʊstɜ	0.33
Sharehostern	ʃˈɛːɾhˌɔʊstɜn	0.3
Sharehosters	ʃˈɛːɾhˌɔʊstɜs	0.3
Shareware	ʃˈɛːɾvˌɛːɾ	0.83
Sharewares	ʃˈɛːɾvˌɛːɾs	0.44
Shawls	ʃɔːlz	0.6
Shawnee	ʃˈɔːni	0.6
Sheabutter	ʃˈiːɾbˌʊtɜ	0.29
Shebeen	ʃibˈiːn	0.5
Shebeens	ʃibˈiːns	0.43
Sheriffstern	ʃˈɛrɪfʃtˌɛɾn	0.3
Sheriffsterne	ʃˈɛrɪfʃtˌɛɾnə	0.27
Sheriffsterns	ʃˈɛrɪfʃtˌɛɾns	0.27
Shire Horse	ʃˈaɪə hˈɔːs	0.56
Shire Horses	ʃˈaɪə hˈɔsɪz	0.6
Shisha	ʃˈiːʃa	0.6
Shisha-Bar	ʃˈiːʃabˌaːɾ	0.38
Shisha-Bars	ʃˈiːʃabˌaːɾs	0.33
Shishabar	ʃˈiːʃabˌaːɾ	0.38
Shishabars	ʃˈiːʃabˌaːɾs	0.33
Shishas	ʃˈiːʃas	0.5
Shit	ʃɪt	0.33
Shoppingtouren	ʃˈɔpɪŋtˌuːrən	0.27
Shoreditch	ʃˈɔːdɪtʃ	0.38
Shoreditchs	ʃˈɔːdɪtʃs	0.33
Short Story	ʃˈɔːɾt stɔːrɪ	0.33
Short Storys	ʃˈɔːɾt stɔːrɪs	0.3
Shortbread	ʃˈoːɾtbɹɛt	0.44
Shortbreads	ʃˈoːɾtbɹɛts	0.4
Shorttrack	ʃˈoːɾttrˈɛk	0.38
Shorttracks	ʃˈoːɾttrˈɛks	0.33
Shoshone	ʃəʊʃˈəʊnɪ	0.75
Shoshones	ʃəʊʃˈəʊnɪs	0.67
Shotgun Houses	ʃˈɔtɡanhˌaʊzɪs	0.33
Show	ʃɔʊ	0.33
Showdown	ʃˈoːdaʊn	0.29
Showdowns	ʃˈoːdaʊns	0.38
Showrunner	ʃˈɔʊrˌanɜ	0.29
Shows	ʃoːs	0.75
Showstopper	ʃˈoːʃtˌɔpɜ	0.38
Showstoppern	ʃˈoːʃtˌɔpɜn	0.33
Showstoppers	ʃˈoːʃtˌɔpɜs	0.33
Shriner	ʃɹˈaɪnɜ	0.5
Shrinern	ʃɹˈaɪnɜn	0.43
Shriners	ʃɹˈaɪnɜs	0.43
Shutdown	ʃˈatdaʊn	0.43
Shutdowns	ʃˈatdaʊns	0.38
Shuttles	ʃˈatəls	0.5
Shylock	ʃˈaɪlɔk	0.33
Shylocks	ʃˈaɪlɔks	0.29
Sialorrhoe	zialɔrˈøː	0.33
Sibesiech	sˈɪbəsˌiəx	0.75
Sibesieche	sˈɪbəsˌiəxə	0.67
Sibesiechen	sˈɪbəsˌiəxən	0.6
Sibesiechs	sˈɪbəsˌiəxs	0.67
Sicherheitssoftware	zˈɪçɜhaɪtssˌɔftvɛːɾ	0.53
Sichuan	sɨtʃuan	0.57
Sichuans	sˈɨtʃuans	0.5
Sideboard	sˈaɪtbˌɔːɾt	0.38
Sideboards	sˈaɪtbˌɔːɾts	0.44
Siebensiechs	zˈiːbənzˌiːçs	0.3
Siegerski	zˈiːɡɜʃˌiː	0.29
Siegerskis	zˈiːɡɜʃˌiːs	0.38
Siegesprämie	zˈiːɡəsprˌɛːmiə	0.27
Siegesräuschen	zˈiːɡəsrˌɔɪʃən	0.38
Siegessäule	zˈiːɡəszˌɔɪlə	0.3
Siegessäulen	zˈiːɡəszˌɔɪlən	0.27
Sierra Leones	siˌɛra leˈoːnəs	0.27
Sierra Morena	siˌɛra morˈeːna	0.27
Sierra-Leoner	siˌɛraleˈoːnɜ	0.3
Sievering	zˈiːvərɪŋ	0.29
Sigloch	zˈiːklˌɔx	0.33
Siglochs	zˈiːklˌɔxs	0.29
Sigmar	zˈiːkmaːɾ	0.33
Signation	sɪɡnˈɛɪʃən	0.6
Signations	sɪɡnˈɛɪʃəns	0.55
Signet	zinjˈeː	0.67
Signete	zinjˈeːə	0.57
Signeten	zinjˈeːən	0.5
Signets	zinjˈeːs	0.57
Signifiant	zɪnjifˈiɑ̃ː	0.4
Signifiants	zɪnjifˈiɑ̃ːs	0.42
Signifié	sinjifˈieː	0.5
Signifiés	sinjifˈieː	0.56
Signor	sɪnjˈoːɾ	0.5
Signora	sɪnjˈoːra	0.43
Signoras	sɪnjˈoːras	0.38
Signore	sɪnjˈoːrə	0.43
Signori	sɪnjˈoːri	0.43
Signorina	sɪnjorˈiːna	0.33
Signorinas	sɪnjorˈiːnas	0.3
Signorine	sɪnjorˈiːnə	0.33
Sigrid	zˈiːɡrɪt	0.33
Sikh	ziːk	0.5
Sikhreligion	zˈiːkreliɡˌioːn	0.38
Sikhs	ziːks	0.4
Silage	zɪlˈaːʒə	0.33
Silagen	zɪlˈaːʒən	0.29
Silberware	zˈɪlbɜvˌaːrə	0.56
Silhouette	zilˈʊɛtə	0.38
Silhouetten	zilˈʊɛtən	0.33
Silvesterparty	zɪlvˈɛstɜpˌaːɾti	0.31
Silvestershow	zɪlvˈɛstɜʃˌɔʊ	0.33
Silvestershows	zɪlvˈɛstɜʃˌɔʊs	0.31
Simferopol	sɪmfərˈoːpɔl	0.3
Simferopols	sɪmfərˈoːpɔls	0.27
Simplices	zˈɪmplitseːs	0.3
Sindhi	zˈɪndi	0.33
Sindhis	zˈɪndis	0.43
Sing Sing	sˈɪŋ sɪŋ	0.33
Sing Sings	sˈɪŋ sɪŋs	0.29
Singer-Songwriter	sˈɪŋɜsˈɔŋrˌaɪtɜ	0.42
Singer-Songwritern	sˈɪŋɜsˈɔŋrˌaɪtɜn	0.38
Singer-Songwriters	sˈɪŋɜsˈɔŋrˌaɪtɜs	0.38
Single Malt	sˈɪŋəlmˌɔːlt	0.27
Single-Action-Revolvern	sɪŋəlˈɛktʃənrevˌɔlvɜn	0.29
Single-Action-Revolvers	sɪŋəlˈɛktʃənrevˌɔlvɜs	0.29
Single-Malt-Whiskys	sˈɪŋəlmɔːlttwˌɪskis	0.29
Singledasein	sˈɪŋəldˌaːzaɪn	0.27
Singles	sˈɪŋəls	0.5
Singletrail	sˈɪŋəltrˌɛɪl	0.4
Singletrails	sˈɪŋəltrˌɛɪls	0.36
Sinkern	sˈɪŋkɜn	0.33
Sinkers	sˈɪŋkɜs	0.33
Sinnenräuschen	zˈɪnənrˌɔɪʃən	0.31
Sinnesäußerung	zˈɪnəsˌɔɪsərʊŋ	0.27
Sinngehalt	zˈɪnɡəhˌalt	0.33
Sinngehalte	zˈɪnɡəhˌaltə	0.3
Sinngehalten	zˈɪnɡəhˌaltən	0.27
Sinngehaltes	zˈɪnɡəhˌaltəs	0.27
Sinngehalts	zˈɪnɡəhˌalts	0.3
Sinnkrise	zˈɪnkrˌiːzə	0.33
Sinnkrisen	zˈɪnkrˌiːzən	0.3
Sinsemilla	sinsemˈiːja	0.56
Sioux	zˈiːʊks	0.43
Sioux Falls	suːfˈɔːls	0.73
Sioux Falls’	suːfˈɔːls	0.73
Siphon	zˈiːfɔ̃	0.4
Siphons	zˈiːfɔ̃s	0.33
Sirenengeheul	zirˈeːnənɡəhˌɔɪl	0.38
Sirenengeheules	zirˈeːnənɡəhˌɔɪləs	0.33
Sirenengeheuls	zirˈeːnənɡəhˌɔɪls	0.36
Sirs	sœːɾs	0.5
Sirzenichs	zˈɪɾtsənɪçs	0.27
Sit-up	sˈɪtap	0.6
Sit-ups	sɪtaps	0.5
Sitcom	sˈɪtkɔm	0.33
Sitcoms	sˈɪtkɔms	0.29
Sittichs	zˈɪtɪçs	0.29
Sixpack	sˈɪkspɛk	0.29
Skateboard	skˈɛɪtboːɾt	0.44
Skateboarder	skˈɛɪtbɔːɾdɜ	0.3
Skateboarderin	skˈɛɪtbɔːɾdərɪn	0.33
Skateboarderinnen	skˈɛɪtbɔːɾdərɪnən	0.29
Skateboardern	skˈɛɪtbɔːɾdɜn	0.27
Skateboarders	skˈɛɪtbɔːɾdɜs	0.36
Skateboards	skˈɛɪtboːɾts	0.5
Skeireins	skˈiːriːns	0.44
Skeleton	skˈɛlətən	0.38
Skeletons	skˈɛlətəns	0.33
Sketchen	skˈɛtʃən	0.38
Skiathlon	ʃˈiːatlɔn	0.38
Skiathlons	ʃˈiːatlɔns	0.33
Skibergsteiger	ʃˈiːbɛɾkʃtˌaɪɡɜ	0.33
Skibergsteigern	ʃˈiːbɛɾkʃtˌaɪɡɜn	0.31
Skibergsteigers	ʃˈiːbɛɾkʃtˌaɪɡɜs	0.31
Skibrille	ʃˈiːbrˌɪlə	0.38
Skibrillen	ʃˈiːbrˌɪlən	0.33
Skier	ʃˈiːɜ	0.5
Skiern	ʃˈiːɜn	0.4
Skifahrer	ʃˈiːfˌaːrɜ	0.29
Skiffle	skˈɪfəl	0.33
Skiffles	skˈɪfəls	0.29
Skifliegen	ʃˈiːflˌiːɡŋ̩	0.56
Skifliegens	ʃˈiːflˌiːɡŋ̩s	0.5
Skifreak	ʃˈiːfrˌiːk	0.62
Skifreaks	ʃˈiːfrˌiːks	0.56
Skigebiet	ʃˈiːɡəbˌiːt	0.38
Skigebiete	ʃˈiːɡəbˌiːtə	0.33
Skigebieten	ʃˈiːɡəbˌiːtən	0.3
Skigebietes	ʃˈiːɡəbˌiːtəs	0.3
Skigebiets	ʃˈiːɡəbˌiːts	0.33
Skihalle	ʃˈiːhˌalə	0.5
Skihallen	ʃˈiːhˌalən	0.43
Skihaserl	ʃˈiːhˌaːzɜl	0.43
Skihaserln	ʃˈiːhˌaːzɜln	0.38
Skihaserls	ʃˈiːhˌaːzɜls	0.38
Skihelm	ʃˈiːhˌɛlm	0.5
Skihelme	ʃˈiːhˌɛlmə	0.43
Skihelmen	ʃˈiːhˌɛlmən	0.38
Skihelmes	ʃˈiːhˌɛlməs	0.38
Skihelms	ʃˈiːhˌɛlms	0.43
Skihose	ʃˈiːhˌoːzə	0.5
Skihosen	ʃˈiːhˌoːzən	0.43
Skihütte	ʃˈiːhˌʏtə	0.5
Skihütten	ʃˈiːhˌʏtən	0.43
Skikurs	ʃˈiːkˌʊɾs	0.43
Skilager	ʃˈiːlˌaːɡɜ	0.29
Skilangläufe	ʃˈiːlˌaŋlɔɪfə	0.27
Skilangläufer	ʃˈiːlaŋlˌɔɪfɜ	0.27
Skilehrer	ʃˈiːlˌeːrɜ	0.29
Skilift	ʃˈiːlˌɪft	0.29
Skilltree	skˈɪltɹˌiː	0.29
Skiläufer	ʃˈiːlˌɔɪfɜ	0.38
Skiläuferin	ʃˈiːlˌɔɪfərɪn	0.3
Skiläuferinnen	ʃˈiːlˌɔɪfərɪnən	0.31
Skiläufern	ʃˈiːlˌɔɪfɜn	0.33
Skiläufers	ʃˈiːlˌɔɪfɜs	0.33
Skiort	ʃˈiːˌɔɾt	0.71
Skiorte	ʃˈiːˌɔɾtə	0.62
Skiorten	ʃˈiːˌɔɾtən	0.56
Skiortes	ʃˈiːˌɔɾtəs	0.56
Skiorts	ʃˈiːˌɔɾts	0.62
Skipass	ʃˈiːpˌas	0.33
Skiprofi	ʃˈiːprˌoːfi	0.38
Skiprofis	ʃˈiːprˌoːfis	0.44
Skipässe	ʃˈiːpˌɛsə	0.29
Skiroute	ʃˈiːrˌuːtə	0.29
Skis	ʃiːs	0.5
Skischaukel	ʃˈiːʃˌaʊkəl	0.33
Skischaukeln	ʃˈiːʃˌaʊkəln	0.3
Skischuh	ʃˈiːʃˌuː	0.6
Skischuhe	ʃˈiːʃˌuːə	0.5
Skischuhen	ʃˈiːʃˌuːən	0.43
Skischuhes	ʃˈiːʃˌuːəs	0.43
Skischuhs	ʃˈiːʃˌuːs	0.5
Skischule	ʃˈiːʃˌuːlə	0.43
Skischulen	ʃˈiːʃˌuːlən	0.38
Skisport	ʃˈiːʃpˌɔɾt	0.5
Skisporte	ʃˈiːʃpˌɔɾtə	0.44
Skisporten	ʃˈiːʃpˌɔɾtən	0.4
Skisportes	ʃˈiːʃpˌɔɾtəs	0.4
Skisports	ʃˈiːʃpˌɔɾts	0.44
Skispringen	ʃˈiːʃprˌɪŋən	0.3
Skispringens	ʃˈiːʃprˌɪŋəns	0.27
Skispringer	ʃˈiːʃprˌɪŋɜ	0.33
Skispringerin	ʃˈiːʃprˌɪŋərɪn	0.27
Skispringerinnen	ʃˈiːʃprˌɪŋərɪnən	0.29
Skispringern	ʃˈiːʃprˌɪŋɜn	0.3
Skispringers	ʃˈiːʃprˌɪŋɜs	0.3
Skistar	ʃˈiːstˌaːɾ	0.43
Skistars	ʃˈiːstˌaːɾs	0.38
Skistecken	ʃˈiːʃtˌɛkən	0.44
Skisteckens	ʃˈiːʃtˌɛkəns	0.4
Skistiefel	ʃˈiːʃtˌiːfəl	0.44
Skistiefeln	ʃˈiːʃtˌiːfəln	0.4
Skistiefels	ʃˈiːʃtˌiːfəls	0.4
Skistock	ʃˈiːʃtˌɔk	0.57
Skistocke	ʃˈiːʃtˌɔkə	0.5
Skistockes	ʃˈiːʃtˌɔkəs	0.44
Skistocks	ʃˈiːʃtˌɔks	0.5
Skistöcke	ʃˈiːʃtˌœkə	0.38
Skistöcken	ʃˈiːʃtˌœkən	0.33
Skiteller	ʃˈiːtˌɛlɜ	0.29
Skiurlaub	ʃˈiːuːɾlˌaʊp	0.33
Skiurlaube	ʃˈiːuːɾlˌaʊbə	0.3
Skiurlauben	ʃˈiːuːɾlˌaʊbən	0.27
Skiurlauber	ʃˈiːuːɾlˌaʊbɜ	0.3
Skiurlaubern	ʃˈiːuːɾlˌaʊbɜn	0.27
Skiurlaubers	ʃˈiːuːɾlˌaʊbɜs	0.27
Skiurlaubes	ʃˈiːuːɾlˌaʊbəs	0.27
Skiurlaubs	ʃˈiːuːɾlˌaʊps	0.3
Skiverband	ʃˈiːfɛɾbˌant	0.44
Skiverbande	ʃˈiːfɛɾbˌandə	0.4
Skiverbandes	ʃˈiːfɛɾbˌandəs	0.36
Skiverbands	ʃˈiːfɛɾbˌants	0.4
Skiverbände	ʃˈiːfɛɾbˌɛndə	0.4
Skiverbänden	ʃˈiːfɛɾbˌɛndən	0.36
Sklodowskit	sklɔdɔfskˈiːt	0.27
Skorpionstichs	skɔɾpˈioːnʃtˌɪçs	0.36
Skyphoi	skˈyːfɔɪ	0.29
Skyphos	skˈyːfɔs	0.62
Skyr	skiːɾ	0.6
Skyrs	skiːɾs	0.5
Skythe	skˈyːtə	0.6
Skythen	skˈyːtən	0.43
Slackline	slˈɛklˌaɪn	0.5
Slackliner	slˈɛklˌaɪnɜ	0.33
Slacklinerin	slˈɛklˌaɪnərɪn	0.27
Slacklinerinnen	slˈɛklˌaɪnərɪnən	0.31
Slacklinern	slˈɛklˌaɪnɜn	0.3
Slackliners	slˈɛklˌaɪnɜs	0.3
Slacklines	slˈɛklˌaɪns	0.44
Slalomskis	slˈaːlɔmʃˌiːs	0.3
Slampoetry	slˈɛmpˌɔʊətri	0.36
Slice	slaɪs	0.6
Slices	slˈaɪsəs	0.43
Slideshow	slˈaɪtʃˌɔʊ	0.78
Slideshows	slˈaɪtʃˌɔʊs	0.7
Slipon	slˈɪpɔn	0.33
Slipons	slˈɪpɔns	0.29
Slovio	slˈɔvio	0.43
Slovios	slˈɔvios	0.38
Slow Food	slˈɔʊfˌuːd	0.57
Slow Foods	slˈɔʊfˌuːds	0.5
Slums	slams	0.4
Slumviertel	slˈamfˌɪɾtəl	0.3
Slumvierteln	slˈamfˌɪɾtəln	0.27
Slumviertels	slˈamfˌɪɾtəls	0.27
Small Talk	smˈoːltoːk	0.29
Smileys	smˈaɪliːs	0.57
Smith & Wesson	smˌɪθɛntwˈɛsən	0.33
Smith & Wessons	smˌɪθɛntwˈɛsəns	0.31
Smith-Regime	smˈɪθreʒˌiːm	0.3
Smith-Regimes	smˈɪθreʒˌiːms	0.27
Smooth Jazz	smˈuːðdʒˌɛs	0.62
Smoothie	smˈuːði	0.4
Smoothies	smˈuːðis	0.33
Smut	ʃmʊt	0.5
Smuts	ʃmʊts	0.4
Snaresinselpinguin	snˈɛːɾsˌɪnzəlpˌɪŋɡuiːn	0.29
Snaresinselpinguins	snˈɛːɾsˌɪnzəlpˌɪŋɡuiːns	0.28
Sneaker	snˈiːkɜ	0.33
Sneakern	snˈiːkɜn	0.29
Sneakers	snˈiːkɜs	0.29
Sneakpreview	snˈiːkprˌɪvjuː	0.45
Sneakpreviews	snˈiːkprˌɪvjuːs	0.42
Sniper	snˈaɪpɜ	0.33
Sniperinnen	snˈaɪpərɪnən	0.3
Snipern	snˈaɪpɜn	0.29
Snipers	snˈaɪpɜs	0.29
Snobs	snɔps	0.4
Snowboard	snˈoːbˌoːɾt	0.71
Snowboarder	snˈoːbˌoːɾdɜ	0.62
Snowboarderin	snˈoːbˌoːɾdərɪn	0.55
Snowboarderinnen	snˈoːbˌɔːɾdərɪnən	0.38
Snowboardern	snˈoːbˌɔːɾdɜn	0.44
Snowboarders	snˈoːbˌɔːɾdɜs	0.56
Snowboardfahrer	snˈoːboːɾtfˌaːrɜ	0.64
Snowboardfahrerin	snˈoːboːɾtfˌaːrərɪn	0.57
Snowboardfahrerinnen	snˈoːboːɾtfˌaːrərɪnən	0.5
Snowboardfahrern	snˈoːboːɾtfˌaːrɜn	0.58
Snowboardfahrers	snˈoːboːɾtfˌaːrɜs	0.67
Snowboards	snˈoːboːɾts	0.75
Snowciety	snoːsˈaɪəti	0.3
Snowden	snˈoʊdən	0.29
Soap	sɔʊp	0.75
Soaps	sɔʊps	0.6
Soba	sˈoːbɜ	0.5
Sobas	sˈoːbɜs	0.4
Sobriket	sɔbrikˈɛ	0.38
Sobrikets	sɔbrikˈɛs	0.33
Sobrinje	sobrˈɪnjə	0.62
Sobrinjo	sobrˈɪnjo	0.67
Sobriquet	sɔbrikˈɛ	0.44
Sobriquets	sɔbrikˈɛs	0.4
Social Engineering	sˈɔʊʃəl ɛndʒinˈiːrɪŋ	0.56
Social Engineerings	sˈɔʊʃəl ɛndʒinˈiːrɪŋs	0.53
Social Freezing	sˈɔʊʃəl frˈiːzɪŋ	0.5
Social Freezings	sˈɔʊʃəl frˈiːzɪŋs	0.54
Sofer	sˈofɛɾ	0.4
Soferet	sofˈɛrɛt	0.43
Soferetim	sofɛrɛtˈim	0.33
Soferim	sofɛrˈim	0.29
Softcopys	sˈɔftkˌɔpis	0.33
Software	sˈɔftvˌɛːɾ	0.43
Softwarebibliothek	sˈɔftvɛːɾbibliotˌeːk	0.33
Softwarebibliotheken	sˈɔftvɛːɾbibliotˌeːkən	0.3
Softwarefehler	sˈɔftwɛːɾfˌeːlɜ	0.33
Softwarefehlern	sˈɔftwɛːɾfˌeːlɜn	0.31
Softwarefehlers	sˈɔftwɛːɾfˌeːlɜs	0.31
Softwarehersteller	sˈɔftwɛːɾhˌeːɾʃtɛlɜ	0.27
Softwarekrise	sˈɔftwɛːɾkrˌiːzə	0.46
Softwares	sˈɔftvˌɛːɾs	0.33
Softwareschmiede	sˈɔftwɛːɾʃmˌiːdə	0.31
Softwareschmieden	sˈɔftwɛːɾʃmˌiːdən	0.29
Softwaresystem	sˈɔftwɛːɾzʏstˌeːm	0.29
Softwaresysteme	sˈɔftwɛːɾzʏstˌeːmə	0.27
Softwaresystems	sˈɔftwɛːɾzʏstˌeːms	0.27
Softwaretest	sˈɔftvɛːɾtˌɛst	0.33
Softwaretesten	sˈɔftwɛːɾtˌɛstən	0.36
Softwaretestens	sˈɔftwɛːɾtˌɛstəns	0.33
Softwaretester	sˈɔftvɛːɾtˌɛstɜ	0.31
Softwaretesters	sˈɔftvɛːɾtˌɛstɜs	0.29
Softwaretests	sˈɔftvɛːɾtˌɛsts	0.31
Softwarewerkzeug	sˈɔftvɛːɾvˌɛɾktsɔɪk	0.31
Softwarewerkzeuge	sˈɔftvɛːɾvˌɛɾktsɔɪɡə	0.29
Softwarewerkzeugen	sˈɔftvɛːɾvˌɛɾktsɔɪɡən	0.28
Softwarewerkzeuges	sˈɔftvɛːɾvˌɛɾktsɔɪɡəs	0.28
Softwarewerkzeugs	sˈɔftvɛːɾvˌɛɾktsɔɪks	0.29
Sogdisch	sˈɔkdɪʃ	0.33
Sogdische	sˈɔkdɪʃə	0.29
Sogdischs	sˈɔkdɪʃs	0.29
Soiréen	zoarˈeːən	0.29
Sojalecithin	zˈoːjalɛtsitˌiːn	0.42
Sojalecithine	zˈoːjalɛtsitˌiːnə	0.31
Sojalecithinen	zˈoːjalɛtsitˌiːnən	0.29
Sojalecithins	zˈoːjalɛtsitˌiːns	0.38
Sojasauce	zˈoːjazˌoːsə	0.33
Sojasaucen	zˈoːjazˌoːsən	0.3
Soju	sˈoːdʒu	0.6
Soldbuch	zˈɔltbˌuːx	0.29
Solfeggio	zɔlfˈɛdʒo	0.33
Solfeggios	zɔlfˈɛdʒos	0.3
Solfège	sɔlfˈɛʒ	0.57
Solfègen	sɔlfˈɛʒən	0.38
Sollergebnis	zˈɔlɛɾɡˌeːpnɪs	0.27
Solutréen	zolytreˈɛ̃ː	0.33
Solutréens	zolytreˈɛ̃ːs	0.3
Somme	sɔm	0.5
Sommerjob	zˈɔmɜdʒˌɔp	0.38
Sommerjobs	zˈɔmɜdʒˌɔps	0.33
Sommersaison	zˈɔmɜzɛzˌɔ̃ː	0.4
Sommersaisons	zˈɔmɜzɛzˌɔ̃ːs	0.36
Soncino	sontʃˈiːno	0.5
Soncinos	sontʃˈiːnos	0.44
Sonderangebot	zˈɔndɜanɡəbˌoːt	0.33
Sonderangebote	zˈɔndɜanɡəbˌoːtə	0.31
Sonderangeboten	zˈɔndɜanɡəbˌoːtən	0.29
Sonderangebotes	zˈɔndɜanɡəbˌoːtəs	0.29
Sonderangebots	zˈɔndɜanɡəbˌoːts	0.31
Song	zɔŋ	0.33
Songpremiere	sˈɔŋprəmˌieːrə	0.33
Songpremieren	sˈɔŋprəmˌieːrən	0.31
Songs	zɔŋs	0.5
Songwriter	sˈɔŋrˌaɪtɜ	0.5
Songwriterin	sˈɔŋrˌaɪtərɪn	0.4
Songwriterinnen	sˈɔŋrˌaɪtərɪnən	0.38
Songwritern	sˈɔŋrˌaɪtɜn	0.44
Songwriters	sˈɔŋrˌaɪtɜs	0.44
Sonnenröschen	zˈɔnənrˌøːsçən	0.33
Sonnenröschens	zˈɔnənrˌøːsçəns	0.31
Sonnenstichs	zˈɔnənʃtˌɪçs	0.27
Sorghum	zˈɔɾɡʊm	0.29
Sotschis	sˈɔtʃis	0.33
Sottise	zˌɔtˈiːzə	0.33
Sottisen	zˌɔtˈiːzən	0.29
Soul	sɔʊl	0.75
Soul-DJ	sˈɔʊldˌiːdʒɛɪ	0.3
Soul-DJs	sˈɔʊldˌiːdʒɛɪs	0.73
Souls	sɔʊls	0.6
Soundcheck	sˈaʊnttʃˌɛk	0.33
Soundchecks	sˈaʊnttʃˌɛks	0.3
Soundso	zˈoːʊntzoː	0.43
Soundsos	zˈoːʊntzoːs	0.38
Sour Cream	sˈaʊə krˈiːm	0.75
Sour Creams	sˈaʊə krˈiːms	0.67
Sourcream	sˈaʊə krˈiːm	0.75
Sourcreams	sˈaʊə krˈiːms	0.67
Sous	suːs	0.33
Souterrain	zutɛrˈɛ̃ː	0.5
Souterrains	zutɛrˈɛ̃ːs	0.44
Souterrainwohnung	zutɛrˈɛ̃ːvˌoːnʊŋ	0.31
Souterrainwohnungen	zutɛrˈɛ̃ːvˌoːnʊŋən	0.27
South Carolina	sˈaʊθ kɛrəlˈaɪnə	0.69
South Carolinas	sˈaʊθ kɛrəlˈaɪnəs	0.64
South Dakota	sˈaʊθ dəkˈoʊtə	0.64
South Dakotas	sˈaʊθ dakˈoːtas	0.36
South Tarawa	zaʊθ tˈarava	0.3
South Tarawas	zaʊθ tˈaravas	0.27
Southampton	saʊθˈɛmptən	0.6
Southamptons	saʊθˈɛmptəns	0.55
Southern Rock	sˌʌðən rˈɔk	0.5
Southern Rocks	sˌʌðən rˈɔks	0.44
Souvenirverkäufer	zuvənˈiːɾfɛɾkˌɔɪfɜ	0.27
Sovereign	sˈɔvɹɪn	0.67
Sovereigns	sˈɔvɹɪns	0.6
Sowchos	sɔfxˈɔs	0.71
Sowchoses	sɔfxˈɔzəs	0.56
Sowjetismen	sovjɛtˈɪsmən	0.27
Sowjetismus	sovjɛtˈɪsmʊs	0.27
Sozio	zˈoːtsio	0.29
Soziobiologie	zˈoːtsiobioloɡˌiː	0.27
Soziologiestudien	zotsioloɡˈiːʃtˌuːdiən	0.26
Space Needle	spˈɛɪsnˌiːdəl	0.4
Spaceshuttle	spˈɛɪsʃˌatəl	0.73
Spaceshuttles	spˈɛɪsʃˌatəls	0.67
Spaghetti bolognese	ʃpaɡˈɛti bolɔnjˈeːzə	0.35
Spam-Mails	spɛmmˌɛɪls	0.33
Spammail	spˈɛmmˌɛɪl	0.5
Spammails	spˈɛmmˌɛɪls	0.44
Spams	spɛms	0.4
Spanglish	spˈɛŋlɪʃ	0.29
Spareribs	spˈɛɾrˌɪps	0.44
Spargelsaison	ʃpˈaɾɡəlzɛzˌɔ̃ː	0.31
Spatzennest	ʃpˈatsənnˌɛst	0.27
Speakeasy	spiːkˈiːzi	0.56
Speakeasys	spiːkˈiːzis	0.6
Special Activities Center	spɛʃəlɛktˈɪvɪtissˌɛntɜ	0.38
Special Activities Centers	spɛʃəlɛktˈɪvɪtissˌɛntɜs	0.36
Special Activities Division	spɛʃəlɛktˈɪvɪtisdɪvˌɪʒən	0.54
Special K	spɛʃəlkˈɛɪ	0.78
Speed-Junkies	spˈiːtdʒˌaŋkis	0.36
Speedbergsteiger	spˈiːtbɛɾkʃtˌaɪɡɜ	0.64
Speedbergsteigern	spˈiːtbɛɾkʃtˌaɪɡɜn	0.6
Speedbergsteigers	spˈiːtbɛɾkʃtˌaɪɡɜs	0.67
Speedrun	spˈiːtrˌan	0.43
Speeds	spiːts	0.4
Speiseeise	ʃpˈaɪzəˌaɪzə	0.3
Speiseeises	ʃpˈaɪzəˌaɪzəs	0.27
Speisehäuser	ʃpˈaɪzəhˌɔɪzɜ	0.27
Spezereiware	ʃpeːtsərˈaɪvˌaːrə	0.75
Spezies	ʃpˈeːtsiɛs	0.33
Spezl	ʃpˈeːtsəl	0.29
Sphynx	sfɪŋks	0.33
Sphynxe	sfˈɪŋksə	0.29
Spielangebot	ʃpˈiːlˌanɡəboːt	0.27
Spielarrangement	ʃpˈiːlarɑ̃ʒəmˌɑ̃ː	0.46
Spielarrangements	ʃpˈiːlarɑ̃ʒəmˌɑ̃ːs	0.43
Spielengagement	ʃpˈiːlɑ̃ɡaʒmˌɑ̃ː	0.5
Spielengagements	ʃpˈiːlɑ̃ɡaʒmˌɑ̃ːs	0.47
Spielgenre	ʃpˈiːlʒˌɑ̃ːrə	0.33
Spielgenres	ʃpˈiːlʒˌɑ̃ːrəs	0.3
Spielniveaus	ʃpˈiːlnivˌoːs	0.27
Spielsaison	ʃpˈiːlzɛzˌɔ̃ː	0.4
Spielsoftware	ʃpˈiːlsɔftvˌɛːɾ	0.36
Spielversion	ʃpˈiːlvɛɾzˌioːn	0.27
Spielware	ʃpˈiːlvˌaːrə	0.5
Spikereifen	ʃpˈaɪkrˌaɪfən	0.27
Spikes	ʃpaɪks	0.33
Spillover	spˈɪlˌɔʊvɜ	0.38
Spillovers	spˈɪlˌɔʊvɜs	0.33
Spin	spɪn	0.5
Spinnerichs	ʃpˈɪnərɪçs	0.33
Spins	spɪns	0.4
Spion	ʃpiˈoːn	0.33
Spionageabwehr	ʃpionˈaːʒəapvˌeːɾ	0.36
Spionagearbeit	ʃpionˈaːʒəˌaɾbaɪt	0.27
Spionagedrohne	ʃpionˈaːʒədrˌoːnə	0.29
Spionagedrohnen	ʃpionˈaːʒədrˌoːnən	0.27
Spionagefall	ʃpionˈaːʒəfˌal	0.33
Spionagefalle	ʃpionˈaːʒəfˌalə	0.31
Spionagefalles	ʃpionˈaːʒəfˌaləs	0.29
Spionagefalls	ʃpionˈaːʒəfˌals	0.31
Spionagefilm	ʃpionˈaːʒəfˌɪlm	0.31
Spionagefilme	ʃpionˈaːʒəfˌɪlmə	0.29
Spionagefilmen	ʃpionˈaːʒəfˌɪlmən	0.27
Spionagefilmes	ʃpionˈaːʒəfˌɪlməs	0.27
Spionagefilms	ʃpionˈaːʒəfˌɪlms	0.29
Spionageflug	ʃpionˈaːʒəflˌuːk	0.31
Spionagefluge	ʃpionˈaːʒəflˌuːɡə	0.29
Spionagefluges	ʃpionˈaːʒəflˌuːɡəs	0.27
Spionageflugs	ʃpionˈaːʒəflˌuːks	0.29
Spionageflugzeug	ʃpionˈaːʒəflˌuːktsɔɪk	0.33
Spionageflugzeuge	ʃpionˈaːʒəflˌuːktsɔɪɡə	0.32
Spionageflugzeugen	ʃpionˈaːʒəflˌuːktsɔɪɡən	0.3
Spionageflugzeuges	ʃpionˈaːʒəflˌuːktsɔɪɡəs	0.3
Spionageflugzeugs	ʃpionˈaːʒəflˌuːktsɔɪks	0.32
Spionageflüge	ʃpionˈaːʒəflˌyːɡə	0.29
Spionageflügen	ʃpionˈaːʒəflˌyːɡən	0.27
Spionagefälle	ʃpionˈaːʒəfˌɛlə	0.31
Spionagefällen	ʃpionˈaːʒəfˌɛlən	0.29
Spionagegruppe	ʃpionˈaːʒəɡrˌʊpə	0.29
Spionagegruppen	ʃpionˈaːʒəɡrˌʊpən	0.27
Spionagekamera	ʃpionˈaːʒəkˌaməra	0.33
Spionagekameras	ʃpionˈaːʒəkˌaməras	0.31
Spionageoperation	ʃpionˈaːʒəopəratsˌioːn	0.32
Spionageoperationen	ʃpionˈaːʒəopəratsˌioːnən	0.29
Spionagering	ʃpionˈaːʒərˌɪŋ	0.33
Spionageringe	ʃpionˈaːʒərˌɪŋə	0.31
Spionageringen	ʃpionˈaːʒərˌɪŋən	0.29
Spionageringes	ʃpionˈaːʒərˌɪŋəs	0.29
Spionagerings	ʃpionˈaːʒərˌɪŋs	0.31
Spionageroman	ʃpionˈaːʒəromˌaːn	0.29
Spionageromane	ʃpionˈaːʒəromˌaːnə	0.27
Spionageromans	ʃpionˈaːʒəromˌaːns	0.27
Spionagesatellit	ʃpionˈaːʒəzatɛlˌiːt	0.38
Spionagesatelliten	ʃpionˈaːʒəzatɛlˌiːtən	0.28
Spionagesoftware	ʃpionˈaːʒəsˌɔftvɛːɾ	0.65
Spionagesoftwares	ʃpionˈaːʒəsˌɔftvɛːɾs	0.39
Spionagethriller	ʃpionˈaːʒəθrˌɪlɜ	0.36
Spionagethrillern	ʃpionˈaːʒəθrˌɪlɜn	0.33
Spionagethrillers	ʃpionˈaːʒəθrˌɪlɜs	0.33
Spionageverdacht	ʃpionˈaːʒəfɛɾdˌaxt	0.33
Spionageverdachtes	ʃpionˈaːʒəfɛɾdˌaxtəs	0.29
Spionageverdachts	ʃpionˈaːʒəfɛɾdˌaxts	0.31
Spionagevorwurf	ʃpionˈaːʒəfˌoːɾvʊɾf	0.38
Spionagevorwurfes	ʃpionˈaːʒəfˌoːɾvʊɾfəs	0.33
Spionagevorwurfs	ʃpionˈaːʒəfˌoːɾvʊɾfs	0.35
Spionagevorwürfe	ʃpionˈaːʒəfˌoːɾvʏɾfə	0.35
Spionagevorwürfen	ʃpionˈaːʒəfˌoːɾvʏɾfən	0.33
Spione	ʃpiˈoːnə	0.29
Spions	ʃpiˈoːns	0.29
Spirochäte	ʃpiroçˈɛːtə	0.3
Spirochäten	ʃpiroçˈɛːtən	0.27
Spitfire	spˈɪtfˌaɪɜ	0.5
Spitfires	spˈɪtfˌaɪɜs	0.44
Spitzenjob	ʃpˈɪtsəndʒˌɔp	0.27
Splattermovie	splˈɛtɜmˌuːvi	0.3
Splattermovies	splˈɛtɜmˌuːvis	0.27
Spleen	ʃpliːn	0.33
Spleens	spliːns	0.43
Spoiler	spˈɔɪlɜ	0.5
Spoilern	spˈɔɪlɜn	0.43
Spoilers	spˈɔɪlɜs	0.43
Spolien	spˈoːliən	0.38
Sportjargon	ʃpˈɔɾtʒˌaɾɡɔŋ	0.27
Sportshirt	ʃpˈɔɾtʃˌœːɾt	0.3
Sportshirts	ʃpˈɔɾtʃˌœːɾts	0.27
Spot	spɔt	0.5
Spots	spɔts	0.4
Spracherkennungssoftware	ʃprˈaːxɛɾkɛnʊŋssˌɔftvɛːɾ	0.5
Sprayer	ʃprˈeːɜ	0.33
Sprayern	ʃprˈeːɜn	0.29
Sprayers	ʃprˈeːɜs	0.29
Sprechs	ʃprɛçs	0.29
Sprechsilbe	ʃprˈɛçzˌɪlbə	0.27
Sprechstil	ʃprˈɛçʃtˌiːl	0.3
Sprechstile	ʃprˈɛçʃtˌiːlə	0.27
Sprechstils	ʃprˈɛçʃtˌiːls	0.27
Sprungskis	ʃprˈʊŋʃˌiːs	0.33
Spyware	spˈaɪvˌɛːɾ	0.43
Spywares	spˈaɪvˌɛːɾs	0.62
Spätherbste	ʃpˈɛːthˌɛɾpstə	0.27
Squaw	skvoː	0.5
Squaws	skvoːs	0.6
Squire	skvˈaɪɜ	0.5
Squires	skvˈaɪɜs	0.43
St. Blasien	zaŋkt blˈaːziən	0.42
St. Blasiens	zaŋkt blˈaːziəns	0.54
St. Gallen	zaŋkt ɡˈalən	0.5
St. Gallens	zaŋkt ɡˈaləns	0.45
St. Helena	zaŋkt hˈɛlena	0.64
St. Helenas	zaŋkt hˈɛlenas	0.58
St. Johann	zaŋkt jˈoːhan	0.5
St. Johanns	zaŋkt jˈoːhans	0.45
St. Kitts und Nevis	sənt kˌɪts ʊnt nˈɛvɪs	0.31
St. Kitts und Nevis’	sənt kˌɪts ʊnt nˈɛvɪs	0.31
St. Leon	zaŋkt lˈeːɔn	0.56
St. Leon-Rot	zaŋkt lˈeːɔn rˈoːt	0.42
St. Leon-Rots	zaŋkt lˈeːɔn rˈoːts	0.38
St. Leons	zaŋkt lˈeːɔns	0.5
St. Lucia	sənt lˈuːʃə	0.78
St. Lucias	sənt lˈuːʃəs	0.7
St. Pauli	zaŋkt pˈaʊli	0.5
St. Paulis	zaŋkt pˈaʊlis	0.55
St. Pölten	zaŋkt pˈœltən	0.45
St. Pöltens	zaŋkt pˈœltəns	0.42
StVO	ɛsteːfaʊˈoː	0.38
Staatsangehörige	ʃtˈaːtsanɡəhˌøːrɪɡə	0.33
Staatsangehörigem	ʃtˈaːtsanɡəhˌøːrɪɡəm	0.31
Staatsangehörigen	ʃtˈaːtsanɡəhˌøːrɪɡən	0.31
Staatsangehöriger	ʃtˈaːtsanɡəhˌøːrɪɡɜ	0.33
Staatsangehörigkeit	ʃtˈaːtsanɡəhˌøːrɪçkaɪt	0.26
Staatsangelegenheit	ʃtˈaːtsanɡəlˌeːɡənhaɪt	0.28
Staatsbudget	ʃtˈaːtsbydʒˌeː	0.36
Staatsbudgets	ʃtˈaːtsbydʒˌeːs	0.33
Staatsdiener	ʃtˈaːtsdˌiːnɜ	0.27
Staatsfonds	ʃtˈaːtsfˌɔ̃ː	0.3
Stack	stɛk	0.5
Stacks	stɛks	0.4
Stadion	ʃtˈaːdiɔn	0.29
Stadionbesuch	ʃtˈaːdiɔnbəzˌuːx	0.31
Stadionbesuche	ʃtˈaːdiɔnbəzˌuːxə	0.29
Stadionbesuchen	ʃtˈaːdiɔnbəzˌuːxən	0.27
Stadionbesuches	ʃtˈaːdiɔnbəzˌuːxəs	0.27
Stadionbesuchs	ʃtˈaːdiɔnbəzˌuːxs	0.29
Stadiongewalt	ʃtˈaːdiɔnɡəvˌalt	0.29
Stadionnähe	ʃtˈaːdiɔnnˌɛːə	0.3
Stadionverbot	ʃtˈaːdiɔnfɛɾbˌoːt	0.31
Stadionverbote	ʃtˈaːdiɔnfɛɾbˌoːtə	0.29
Stadionverboten	ʃtˈaːdiɔnfɛɾbˌoːtən	0.27
Stadionverbotes	ʃtˈaːdiɔnfɛɾbˌoːtəs	0.27
Stadionverbotler	ʃtˈaːdiɔnfɛɾbˌoːtlɜ	0.33
Stadionverbotlern	ʃtˈaːdiɔnfɛɾbˌoːtlɜn	0.31
Stadionverbotlers	ʃtˈaːdiɔnfɛɾbˌoːtlɜs	0.31
Stadionverbots	ʃtˈaːdiɔnfɛɾbˌoːts	0.29
Stagediving	stˈɛɪdʒdˌaɪvɪŋ	0.58
Stagedivings	stˈɛɪdʒdˌaɪvɪŋs	0.54
Stahlgehäuse	ʃtˈaːlɡəhˌɔɪzə	0.27
Stahlware	ʃtˈaːlvˌaːrə	0.5
Stakeholder	stˈɛɪkhˌɔʊldɜ	0.45
Stakeholderin	stˈɛɪkhˌɔʊldərɪn	0.38
Stakeholderinnen	stˈɛɪkhˌɔʊldərɪnən	0.4
Stakeholdern	stˈɛɪkhˌɔʊldɜn	0.42
Stakeholders	stˈɛɪkhˌɔʊldɜs	0.42
Stalkers	stˈɔːkɜs	0.33
Stammesangehörige	ʃtˈaməsˌanɡəhøːrɪɡə	0.38
Stammesangehörigem	ʃtˈaməsˌanɡəhøːrɪɡəm	0.35
Stammesangehörigen	ʃtˈaməsˌanɡəhøːrɪɡən	0.35
Stammesangehöriger	ʃtˈaməsˌanɡəhøːrɪɡɜ	0.38
Stammrestaurant	ʃtˈamrɛstorˌɑ̃ː	0.29
Stammrestaurants	ʃtˈamrɛstorˌɑ̃ːs	0.27
Stamnoi	stˈamnɔɪ	0.43
Stamnos	stˈamnɔs	0.29
Stand-up-Comedy	stˈɛndapkˌɔmedi	0.38
Stand-up-Comedys	stˈɛndapkˌɔmedis	0.43
Standard Average European	stˈɛndəd ˈɛvərɪdʒ jʊərəpˈiːən	0.65
Standby	ʃtˈɛntbˌaɪ	0.5
Standbys	ʃtˈɛntbˌaɪs	0.44
Standing Ovation	stˌɛndɪŋ ovˈɛɪʃən	0.47
Standing Ovations	stˌɛndɪŋ ovˈɛɪʃəns	0.44
Stanford	stˈɛːnfət	0.5
Stanfords	stˈɛːnfəts	0.44
Stanglpass	ʃtˈanɡəlpˌas	0.3
Stanglpasse	ʃtˈanɡəlpˌasə	0.27
Stanglpässe	ʃtˈanɡəlpˌɛsə	0.27
Stanley	stˈɛnli	0.57
Stanleymesser	stˈɛnlimˌɛsɜ	0.36
Stanleymessern	stˈɛnlimˌɛsɜn	0.33
Stanleymessers	stˈɛnlimˌɛsɜs	0.33
Stanleys	stˈɛnlis	0.5
Stanzeer	ʃdɜnsˈeːɜ	0.38
Stanz’	ʃdans	0.33
Starfighters	stˈaːɾfˌaɪtɜs	0.3
Start-up	stˈaɾtap	0.29
Statement	stˈɛɪtmənt	0.56
Statements	stˈɛɪtmənts	0.5
Staten Island	stˈɛtən ˈaɪlənd	0.5
Steak	stɛɪk	0.6
Steakbrötchens	stˈɛɪkbrˌøːtçəns	0.29
Steakfett	stˈɛɪkfˌɛt	0.38
Steakfettes	stˈɛɪkfˌɛtəs	0.3
Steakfetts	stˈɛɪkfˌɛts	0.33
Steakhaus	stˈɛɪkhˌaʊs	0.33
Steakhauses	stˈɛɪkhˌaʊzəs	0.27
Steakhäuser	stˈɛɪkhˌɔɪzɜ	0.4
Steakhäusern	stˈɛɪkhˌɔɪzɜn	0.36
Steakmesser	stˈɛɪkmˌɛsɜ	0.33
Steakmessern	stˈɛɪkmˌɛsɜn	0.3
Steakmessers	stˈɛɪkmˌɛsɜs	0.3
Steaks	stɛɪks	0.5
Steaksandwich	stˈɛɪksˌɛntvɪtʃ	0.62
Steaksandwiche	stˈɛɪksˌɛntvɪtʃə	0.57
Steaksandwichen	stˈɛɪksˌɛntvɪtʃən	0.53
Steaksandwiches	stˈɛɪksˌɛntvɪtʃəs	0.53
Steaksandwichs	stˈɛɪksˌɛntvɪtʃs	0.57
Steamer	stˈiːmɜ	0.5
Steamern	stˈiːmɜn	0.43
Steamers	stˈiːmɜs	0.43
Stechschritt	ʃtˈɛçʃrˌɪt	0.3
Stechschritte	ʃtˈɛçʃrˌɪtə	0.27
Stechschritts	ʃtˈɛçʃrˌɪts	0.27
Steckens	ʃtˈɛkŋ̩s	0.29
Steeplechase	stˈiːpəltʃˌɛɪs	0.82
Steeplechases	stˈiːpəltʃˌɛɪsəs	0.62
Stegmann	ʃtˈeːkmˌan	0.29
Steinewerfer	ʃtˈaɪnəvˌɛɾfɜ	0.55
Steinewerfern	ʃtˈaɪnəvˌɛɾfɜn	0.5
Steinewerfers	ʃtˈaɪnəvˌɛɾfɜs	0.58
Steingebäude	ʃtˈaɪnɡəbˌɔɪdə	0.33
Steingebäuden	ʃtˈaɪnɡəbˌɔɪdən	0.31
Steingebäudes	ʃtˈaɪnɡəbˌɔɪdəs	0.31
Steingefäß	ʃtˈaɪnɡəfˌɛːs	0.3
Steingefäße	ʃtˈaɪnɡəfˌɛːsə	0.27
Sterbehäuser	ʃtˈɛɾbəhˌɔɪzɜ	0.27
Sternerestaurant	ʃtˈɛɾnərɛstorˌɑ̃ː	0.31
Sternerestaurants	ʃtˈɛɾnərɛstorˌɑ̃ːs	0.29
Stetson	stˈɛtsən	0.43
Stetsons	stˈɛtsəns	0.38
Steuererhöhung	ʃtˈɔɪɜɛɾhˌøːʊŋ	0.27
Steward	stjˈuːɜt	0.57
Stewardess	stjˈuːɜdɛs	0.44
Stewardessen	stjˈuːɜdɛsən	0.36
Stewards	stjˈuːɜts	0.5
Stichs	ʃtɪçs	0.33
Stichstraße	ʃtˈɪçʃtrˌaːsə	0.27
Stichsäge	ʃtˈɪçzˌɛːɡə	0.33
Stichsägen	ʃtˈɪçzˌɛːɡən	0.3
Stieffamilie	ʃtˈiːffamˌiːliə	0.27
Stilbuch	ʃtˈiːlbˌuːx	0.29
Stillwater	stˈɪlwˌɔːtɜ	0.38
Stillwaters	stˈɪlwˌɔːtɜs	0.33
Stipendiat	ʃtˌipɛndˈiaːt	0.27
Stipendienangebot	ʃtipˈɛndiənˌanɡəboːt	0.29
Stipendienangebote	ʃtipˈɛndiənˌanɡəboːtə	0.28
Stipendienangeboten	ʃtipˈɛndiənˌanɡəboːtən	0.26
Stipendienangebotes	ʃtipˈɛndiənˌanɡəboːtəs	0.26
Stipendienangebots	ʃtipˈɛndiənˌanɡəboːts	0.28
Stipsits	stˈɪpʃɪtʃ	0.5
Stipsits’	stˈɪpʃɪtʃ	0.5
Stirling	stˈøːɾlɪŋ	0.29
Stk.	ʃtʏk	0.67
Stoen	ʃtˈoːən	0.4
Stoiber	ʃtˈɔɪbɜ	0.33
Stoibers	ʃtˈɔɪbɜs	0.29
Stoisits	stˈɔɪʃɪtʃ	0.75
Stoisits’	stˈɔɪʃɪtʃs	0.67
Stoke-on-Trent	stəʊk ɒn trɛnt	0.42
Stoke-on-Trents	stəʊk ɒn trɛnts	0.38
Stokes	stɔʊks	0.67
Stonehenge	stˈɔʊnhɛntʃ	0.7
Stonehenges	stˈɔʊnhɛntʃs	0.64
Storches	ʃtˈɔɾçəs	0.38
Storchs	ʃtɔɾçs	0.29
Storchschnabelgewächs	ʃtˈɔɾçʃnaːbəlɡəvˌɛks	0.26
Story	stˈɔːrɪ	0.6
Storyboard	stˈoːribˌoːɾt	0.56
Storyboards	stˈoːribˌoːɾts	0.6
Storys	stˈɔːrɪz	0.67
Stracchino	strakˈiːno	0.3
Stracchinos	strakˈiːnos	0.27
Stracciatella	stratʃatˈɛla	0.27
Stracciatellas	stratʃatˈɛlas	0.33
Stracciatelle	stratʃatˈɛlɛ	0.36
Straight Flushes	stɹˌɛɪtflˈaʃɪz	0.33
Strandrestaurant	ʃtrˈantrɛstorˌɑ̃ː	0.31
Strandrestaurants	ʃtrˈantrɛstorˌɑ̃ːs	0.29
Streamer	strˈiːmɜ	0.43
Streamern	strˈiːmɜn	0.38
Streamers	strˈiːmɜs	0.38
Streaming	strˈiːmɪŋ	0.38
Streamings	strˈiːmɪŋs	0.33
Streatham	stɹˈɛtəm	0.62
Streathams	stɹˈɛtəms	0.56
Streetfoods	strˈiːtfˌuːts	0.33
Strehlers	lˈɔɪʃnɜs	0.71
Streikfonds	ʃtrˈaɪkfˌɔ̃ː	0.27
Strichs	ʃtrɪçs	0.29
Strickware	ʃtrˈɪkvˌaːrə	0.56
Strigl	ʃtrˈiːɡəl	0.29
Strike	straɪk	0.5
Strikeout	strˈaɪkˌaʊt	0.56
Strikeouts	strˈaɪkˌaʊts	0.5
Strikes	straɪks	0.43
Striptease	ʃtrˈɪptiːs	0.4
Striptease-Club	ʃtrˈɪptiːsklˌʊp	0.36
Striptease-Clubs	ʃtrˈɪptiːsklˌʊps	0.33
Stripteases	ʃtrˈɪptiːzɪz	0.36
Stripteasetänzer	strˈɪptiːstˌɛntsɜ	0.31
Stripteasetänzerin	strˈɪptiːstˌɛntsərɪn	0.28
Stripteasetänzerinnen	strˈɪptiːstˌɛntsərɪnən	0.29
Stripteasetänzern	strˈɪptiːstˌɛntsɜn	0.29
Stripteasetänzers	strˈɪptiːstˌɛntsɜs	0.29
Stromableser	ʃtrˈoːmaplˌeːzɜ	0.27
Strombolis	strˈombolis	0.3
Stromsteuer	ʃtrˈoːmʃtˌɔɪɜ	0.3
Stromsteuern	ʃtrˈoːmʃtˌɔɪɜn	0.27
Stuart	stjˈuːɜt	0.5
Stuarts	stjˈuːɜts	0.43
Studentenparty	ʃtudˈɛntənpˌaːɾti	0.36
Studie	ʃtˈuːdiə	0.29
Studiengang	ʃtˈuːdiənɡˌaŋ	0.3
Studiengange	ʃtˈuːdiənɡˌaŋə	0.27
Studiengangs	ʃtˈuːdiənɡˌaŋs	0.27
Studiengebühr	ʃtˈuːdiənɡəbˌyːɾ	0.33
Studiengebühren	ʃtˈuːdiənɡəbˌyːrən	0.29
Studiengänge	ʃtˈuːdiənɡˌɛŋə	0.27
Studienteam	ʃtˈuːdiəntˌiːm	0.3
Studienteams	ʃtˈuːdiəntˌiːms	0.27
Studio	ʃtˈuːdio	0.29
Stunt	stant	0.4
Stuntleute	stˈantlˌɔɪtə	0.3
Stuntleuten	stˈantlˌɔɪtən	0.27
Stuntman	stˈantmˌɛn	0.38
Stuntmans	stˈantmˌɛns	0.33
Stuntmen	stˈantmˌɛn	0.38
Stunts	stants	0.33
Styling	stˈaɪlɪŋ	0.43
Stylings	stˈaɪlɪŋs	0.38
Ständehäuser	ʃtˈɛndəhˌɔɪzɜ	0.27
Störgeräusch	ʃtˈøːɾɡərɔɪʃ	0.3
Störgeräusche	ʃtˈøːɾɡərɔɪʃə	0.27
Störgeräuschen	ʃtˈøːɾɡərɔɪʃən	0.43
Störgeräuschs	ʃtˈøːɾɡərɔɪʃs	0.27
Störungsmanagement	ʃtˈøːrʊŋsmˌɛnɪtʃmənt	0.29
Störungsmanagements	ʃtˈøːrʊŋsmˌɛnɪtʃmənts	0.28
Suaheli	zuahˈeːli	0.29
Suahelis	zuahˈeːlis	0.38
Subdivisio	zʊpdivˈiːzio	0.27
Subdomain	zˈapdəmˌɛɪn	0.44
Subdomains	zˈapdəmˌɛɪns	0.4
Subilei	zʊpˈiːlei	0.57
Subileus	zʊpˈiːleʊs	0.5
Submersion	zʊpmɛɾzˈioːn	0.3
Subordines	zˌʊpˈɔɾdineːs	0.4
Subordo	zˌʊpˈɔɾdo	0.29
Suboxids	zˈʊpɔksˌiːts	0.33
Subsellien	zʊpzˈɛliən	0.3
Subsidien	zʊpzˈiːdiən	0.3
Subspecies	zˈʊpʃpeːtsiɛs	0.27
Subtest	zˈʊptˌɛst	0.29
Suburb	zˈabøːɾp	0.33
Suburbs	zˈabøːɾps	0.29
Subvention	zʊpvɛntsˈioːn	0.27
Subwoofer	sˈapvuːfɜ	0.57
Subwoofern	sˈapvuːfɜn	0.5
Subwoofers	sˈapvuːfɜs	0.5
Sufitum	zufˈɪtʊm	0.29
Sugardaddy	ʃˈʊɡɜdˌɛdi	0.44
Sugardaddys	ʃˈʊɡɜdˌɛdis	0.5
Suite	sˈuiːtə	0.4
Sujet	zyʒˈeː	0.8
Sujets	zyʒˈeːs	0.67
Sulfonsäureester	zʊlfˈoːnzɔɪrəˌɛstɜ	0.27
Sumerer	zumˈeːrɜ	0.33
Sumpfungeheuer	zˈʊmpfʊnɡəhˌɔɪɜ	0.38
Sumpfungeheuern	zˈʊmpfʊnɡəhˌɔɪɜn	0.36
Sumpfungeheuers	zˈʊmpfʊnɡəhˌɔɪɜs	0.36
Sundowner	sˈandaʊnɜ	0.5
Sundownern	sˈandaʊnɜn	0.44
Sundowners	sˈandaʊnɜs	0.44
Superspreader	zˈuːpɜsprˌɛdɜ	0.27
Surcot	syrkˈo	0.5
Surcots	syrkˈos	0.43
Surf and Turf	sˌœːɾf ənt tˈœːɾf	0.36
Surf and Turfs	sˌœːɾf ənt tˈœːɾfs	0.33
Surfen	sˈœːɾfən	0.33
Surfer	sˈøːɾfɜ	0.4
Surferin	sˈøːɾfərɪn	0.29
Surferinnen	sˈøːɾfərɪnən	0.3
Surfern	sˈøːɾfɜn	0.33
Surfers	sˈøːɾfɜs	0.33
Suris	sˈuːris	0.4
Survey	səvˈeɪ	0.67
Surveys	səvˈeɪs	0.57
Susen	sˈuːsən	0.4
Susens	sˈuːsəns	0.33
Sushi	sui	1.0
Sushibar	zˈuʃibˌaːɾ	0.38
Sushibars	zˈuʃibˌaːɾs	0.33
Sushimesser	zˈuʃimˌɛsɜ	0.33
Sushimessern	zˈuʃimˌɛsɜn	0.3
Sushimessers	zˈuʃimˌɛsɜs	0.3
Sushirolle	zˈuːʃirˌɔlə	0.33
Sushirollen	zˈuːʃirˌɔlən	0.3
Sushis	zˈuːʃis	0.67
Svamis	svˈaːmis	0.29
Sweater	swˈɛtɜ	0.5
Sweatern	swˈɛtɜn	0.43
Sweaters	swˈɛtɜs	0.43
Swingstate	swˈɪŋstɛɪt	0.44
Swingstates	swˈɪŋstɛɪts	0.4
Switchen	svˈɪtʃən	0.38
Sydney	sˈɪdnɪ	0.5
Sykes-Picot-Abkommen	saɪkspikˈoːˌapkɔmən	0.29
Sykes-Picot-Abkommens	saɪkspikˈoːˌapkɔməns	0.28
Symbiogenese	zˌymbioɡenˈɛzə	0.38
Symbiogenesen	zˌymbioɡenˈɛzən	0.29
Symbiont	zʏmbˈiɔnt	0.33
Symbionten	zʏmbˈiɔntən	0.27
Synthese	zʏntˈeːzə	0.29
Synthese-Indices	zʏntˈeːzəˌɪnditseːs	0.33
Synthesizer	zˈʏntəzaɪzɜ	0.5
Synthesizern	zˈʏntəzaɪzɜn	0.64
Synthesizers	zˈʏntəzaɪzɜs	0.55
Szablowski	sablˈɔfski	0.27
Szablowskis	sablˈɔfskis	0.33
Szczebrzeszyn	ʃtʃɛbʒˈɛʃɨn	0.77
Szczebrzeszyns	ʃtʃɛbʒˈɛʃɨns	0.74
Szekler	sˈeːklɜ	0.43
Szeklerin	sˈeːklərɪn	0.33
Szeklerinnen	sˈeːklərɪnən	0.33
Szeklerland	sˈeːklɜlˌant	0.27
Szeklern	sˈeːklɜn	0.38
Szeklers	sˈeːklɜs	0.38
Székler	sˈeːklɜ	0.29
Säugling	zˈɔɪklɪŋ	0.29
Säuglingsernährung	zˈɔɪklɪŋsɛɾnˌɛːrʊŋ	0.27
Säumnisurteil	zˈɔɪmnɪsˌuːɾtaɪl	0.31
Säumnisurteile	zˈɔɪmnɪsˌuːɾtaɪlə	0.29
Säumnisurteilen	zˈɔɪmnɪsˌuːɾtaɪlən	0.27
Säumnisurteils	zˈɔɪmnɪsˌuːɾtaɪls	0.29
Säuregehalt	zˈɔɪrəɡəhˌalt	0.36
Säuregehalte	zˈɔɪrəɡəhˌaltə	0.33
Säuregehalten	zˈɔɪrəɡəhˌaltən	0.31
Säuregehaltes	zˈɔɪrəɡəhˌaltəs	0.31
Säuregehalts	zˈɔɪrəɡəhˌalts	0.33
Séance	zeˈɑ̃ːs	0.67
Séancen	zeˈɑ̃ːsən	0.29
Sönke	zˈøːnkə	0.4
Sücke	zˈiɡe	0.75
Südasiens	zˈyːtˌaːziəns	0.3
Südbabylonien	zˈyːtbabylˌoːniən	0.5
Südbabyloniens	zˈyːtbabylˌoːniəns	0.53
Südeingang	zˈyːtaɪnɡˌaŋ	0.33
Südeingange	zˈyːtaɪnɡˌaŋə	0.3
Südeinganges	zˈyːtaɪnɡˌaŋəs	0.27
Südeingangs	zˈyːtaɪnɡˌaŋs	0.3
Südeingänge	zˈyːtaɪnɡˌɛŋə	0.3
Südeingängen	zˈyːtaɪnɡˌɛŋən	0.27
Südende	zˈyːtˌɛndə	0.29
Südengland	zˈyːtɛŋlˌant	0.4
Südenglands	zˈyːtɛŋlˌants	0.36
Südgallien	zˈyːtɡˌaliən	0.3
Südgalliens	zˈyːtɡˌaliəns	0.27
Südindien	zˈyːtˌɪndiən	0.3
Südindiens	zˈyːtˌɪndiəns	0.27
Südisrael	zˈyːtˌiːsraeːl	0.33
Südisraels	zˈyːtˌiːsraeːls	0.3
Süditalien	zˈyːtitˌaːliən	0.36
Süditaliens	zˈyːtitˌaːliəns	0.33
Südrhodesiens	zˈyːtrodˈeːziəns	0.29
Südsudanese	zˈyːtzudanˌeːzə	0.27
Süßstoff	sˈyːsʃtˌɔf	0.29
Süßware	zˈyːsvˌaːrə	0.71
T-Bone-Steak	tˈiːboːnstˌeːk	0.36
T-Bone-Steaks	tˈiːboːnstˌeːks	0.33
T-Shirt	tˈiːʃˌœːɾt	0.33
T-Shirts	tiːʃˌœːɾts	0.29
TGVs	teʒeveːs	0.56
Tabakware	tˈabakvˌaːrə	0.44
Tabellenneunte	tabˈɛlənnˌɔɪntə	0.31
Tabellenneuntem	tabˈɛlənnˌɔɪntəm	0.29
Tabellenneunten	tabˈɛlənnˌɔɪntən	0.29
Tabellenneunter	tabˈɛlənnˌɔɪntɜ	0.31
Tabellenviertel	tabˈɛlənfˌɪɾtəl	0.31
Tabellenvierteln	tabˈɛlənfˌɪɾtəln	0.29
Tabellenviertels	tabˈɛlənfˌɪɾtəls	0.29
Tabgha	tˈaːpɡa	0.5
Tabghas	tˈaːpɡas	0.43
Table d’Hôte	tˌablədˈoːt	0.27
Tableaus	tablˈoːs	0.38
Tackle	tˈɛkəl	0.6
Tackles	tˈɛkəls	0.5
Tadschike	tadʒˈiːkə	0.43
Tadschiken	tadʒˈiːkən	0.38
Tagebuch	tˈaːɡəbˌuːx	0.29
Tagesablauf	tˈaːɡəsˌaplaʊf	0.27
Tagesabläufe	tˈaːɡəsˌaplɔɪfə	0.33
Tagesabläufen	tˈaːɡəsˌaplɔɪfən	0.31
Tagesangriff	tˈaːɡəsˌanɡrɪf	0.27
Tagescreme	tˈaːɡəskrˌɛːm	0.3
Tagescremes	tˈaːɡəskrˌɛːms	0.27
Tageshöchsttemperatur	tˌaːɡəshˈøːçsttɛmpəratuːɾ	0.3
Tageshöchsttemperaturen	tˌaːɡəshˈøːçsttɛmpəratuːrən	0.27
Tagesjournal	tˈaːɡəsʒʊɾnˌaːl	0.27
Tagesschau	tˈaːɡəsʃˌaʊ	0.33
Tagesschauen	tˈaːɡəsʃˌaʊən	0.27
Tagesvisen	tˈaːɡəsvˌiːzən	0.3
Tagetes	taɡˈeːtes	0.29
Taglilien	tˈaːklˌiːliən	0.3
Tahin	taxˈiːn	0.4
Tahines	taxˈiːnəs	0.29
Tahins	taxˈiːns	0.33
Tahitis	tahˈitis	0.29
Tai-Chi	taɪtʃˈiː	0.33
Tai-Chis	taɪtʃˈiːs	0.29
Tailback	tˈɛɪlbˌɛk	0.29
Taille	tˈaljə	0.4
Taillen	tˈaljən	0.33
Tailormade	tˈɛɪlɜmɛɪt	0.5
Tailormades	tˈɛɪlɜmɛɪts	0.45
Taj Mahal	tˌaːdʒmahˈal	0.33
Talkerin	tˈɔːkərɪn	0.29
Talkesseln	tˈaːlkˌɛsəln	0.44
Talkessels	tˈaːlkˌɛsəls	0.33
Talkrunde	tˈɔːkrˌʊndə	0.38
Talkshows	tˈɔːkʃˌɔʊs	0.29
Talkum	tˈalkʊm	0.5
Talkums	tˈalkʊms	0.57
Talon	talˈɔ̃ː	0.4
Talons	talˈɔ̃ːs	0.33
Tamashek	tˈamaʃɛk	0.38
Tamasheks	tˈamaʃɛks	0.33
Tamazight	tˌamazˈɪɡt	0.56
Tampon	tˈampɔŋ	0.33
Tampons	tˈampɔŋs	0.29
Tangens	tˈaŋɡɛns	0.29
Tangentenviereck	tanɡˈɛntənfˌiːɾɛk	0.29
Tangentenvierecke	tanɡˈɛntənfˌiːɾɛkə	0.27
Tangentenvierecks	tanɡˈɛntənfˌiːɾɛks	0.27
Tantalkern	tˈantalkˌɛɾn	0.4
Tantalkerne	tˈantalkˌɛɾnə	0.45
Tantalkernen	tˈantalkˌɛɾnən	0.33
Tantalkernes	tˈantalkˌɛɾnəs	0.5
Tantalkerns	tˈantalkˌɛɾns	0.45
Tapes	tɛɪps	0.6
Tarnkappenjet	tˈaɾnkapəndʒˌɛt	0.31
Tarnkappenjets	tˈaɾnkapəndʒˌɛts	0.29
Taschenkrebse	tˈaʃənkrˌeːpsə	0.36
Taschenkrebsen	tˈaʃənkrˌeːpsən	0.33
Taschenkrebses	tˈaʃənkrˌeːpsəs	0.33
Task-Force	tˈaːskfˌoːɾs	0.33
Task-Forces	tˈaːskfˌoːɾsɪs	0.3
Taskforce	tˈaːskfˌoːɾs	0.33
Taskforces	tˈaːskfˌoːɾsɪs	0.3
Tatterichs	tˈatərɪçs	0.38
Taubennest	tˈaʊbənnˌɛst	0.3
Taubennests	tˈaʊbənnˌɛsts	0.27
Tauberichs	tˈaʊbərɪçs	0.33
Taunton	tˈɔːntən	0.43
Tauntons	tˈɔːntəns	0.38
Taupe	toːp	0.6
Taupes	toːps	0.5
Tauschangebot	tˈaʊʃanɡəbˌoːt	0.27
Tauschware	tˈaʊʃvˌaːrə	0.38
Taxichauffeur	tˈaksiʃɔfˌøːɾ	0.42
Taxichauffeure	tˈaksiʃɔfˌøːrə	0.38
Taxichauffeuren	tˈaksiʃɔfˌøːrən	0.36
Taxichauffeurin	tˈaksiʃɔfˌøːrɪn	0.4
Taxichauffeurinnen	tˈaksiʃɔfˌøːrɪnən	0.35
Taxichauffeurs	tˈaksiʃɔfˌøːɾs	0.38
Taxiservice	tˈaksisˌœːɾvɪs	0.27
Taxiservices	tˈaksisˌœːɾvɪss	0.38
TeXs	tɛçs	0.71
Teach-in	tiːtʃˈɪn	0.5
Teach-ins	tiːtʃˈɪns	0.43
Teak	tiːk	0.5
Teakbäume	tˈiːkbˌɔɪmə	0.33
Teakbäumen	tˈiːkbˌɔɪmən	0.3
Teaks	tiːks	0.4
Teambus	tˈiːmbˌʊs	0.29
Teamchef	tˈiːmʃˌɛf	0.29
Teamfoul	tˈiːmfˌaʊl	0.57
Teamfouls	tˈiːmfˌaʊls	0.5
Teamhotel	tˈiːmhotˌɛl	0.33
Teamhotels	tˈiːmhotˌɛls	0.3
Tebibyte	tˈeːbibˌaɪt	0.38
Tebibytes	tˈeːbibˌaɪts	0.33
Techno	tˈɛkno	0.33
Techno-DJs	tˈɛknodˌiːdʒɛɪs	0.54
Technos	tˈɛknos	0.29
Technosphäre	tˈɛknosfˌɛːrə	0.27
Teddyboy	tˈɛdibˌɔɪ	0.29
Teenageralter	tˈiːnɛɪdʒɜˌaltɜ	0.38
Teenageralters	tˈiːnɛɪdʒɜˌaltɜs	0.43
Teenageridol	tˈiːnɛɪdʒɜidˌoːl	0.38
Teenageridole	tˈiːnɛɪdʒɜidˌoːlə	0.5
Teenageridolen	tˈiːnɛɪdʒɜidˌoːlən	0.38
Teenageridols	tˈiːnɛɪdʒɜidˌoːls	0.43
Teenagerin	tˈiːnɛɪdʒərɪn	0.27
Teenagerjahr	tˈiːnɛɪdʒɜjˌaːɾ	0.45
Teenagerjahre	tˈiːnɛɪdʒɜjˌaːrə	0.38
Teenagerjahren	tˈiːnɛɪdʒɜjˌaːrən	0.36
Teenagerjahrs	tˈiːnɛɪdʒɜjˌaːɾs	0.38
Teenagerpärchen	tˈiːnɛɪdʒɜpˌɛːɾçən	0.33
Teenagerpärchens	tˈiːnɛɪdʒɜpˌɛːɾçəns	0.38
Teenagers	tˈiːnɛɪdʒɜs	0.33
Teenagerschwangerschaft	tˈiːnɛɪdʒɜʃvˌaŋɜʃaft	0.37
Teenagerschwangerschaften	tˈiːnɛɪdʒɜʃvˌaŋɜʃaftən	0.33
Teenagersprache	tˈiːneːdʒɜʃprˌaːxə	0.5
Teesteuer	tˈeːʃtˌɔɪɜ	0.29
Teevorrat	tˈeːfˌoːɾraːt	0.38
Teevorrats	tˈeːfˌoːɾraːts	0.33
Teevorräte	tˈeːfˌoːɾrɛːtə	0.33
Teevorräten	tˈeːfˌoːɾrɛːtən	0.3
Teichschlamm	tˈaɪçʃlˌam	0.3
Teichschlamms	tˈaɪçʃlˌams	0.27
Teichschlämme	tˈaɪçʃlˌɛmə	0.27
Teigware	tˈaɪkvˌaːrə	0.62
Teilhardina	tɛjaɾdˈiːna	0.36
Teint	tɛ̃ː	0.33
Tel.	tˈeːləfoːn	0.57
Telefonbuch	teləfˈoːnbˌuːx	0.3
Telefonbuche	teləfˈoːnbˌuːxə	0.27
Telefonbuchs	teləfˈoːnbˌuːxs	0.27
Telefongehäuse	tˈeːləfoːnɡəhˌɔɪzə	0.36
Telefongehäusen	tˈeːləfoːnɡəhˌɔɪzən	0.33
Telefongehäuses	tˈeːləfoːnɡəhˌɔɪzəs	0.33
Telefoninterview	tˈeːləfoːnˌɪntɜvjuː	0.27
Telefonklingelns	teləfˈoːnklˌɪŋəlns	0.27
Telefonnetz	teləfˈoːnnˌɛts	0.27
Telefonnummer	teləfˈoːnnˌʊmɜ	0.27
Telefonscatophilien	teləfˈoːnskatofilˌiːən	0.26
Telefonsex	teləfˈoːnsˌɛks	0.27
Telefonverkäufer	teləfˈoːnfɛɾkˌɔɪfɜ	0.27
Telekinese	teləkinˈeːzə	0.3
Telekom	tˈeːləkɔm	0.29
Telelearning	tˈeːləlˌœːɾnɪŋ	0.27
Telencephalon	telɛntsˈeːfalɔn	0.31
Telencephalons	telɛntsˈeːfalɔns	0.29
Telos	tˈɛlɔs	0.4
Temp.	tɛmpəratˈuːɾ	0.56
Tempeldiener	tˈɛmpəldˌiːnɜ	0.33
Temperaturdurchsage	tɛmpəratˈuːɾdʊɾçzˌaːɡə	0.28
Temperaturdurchsagen	tɛmpəratˈuːɾdʊɾçzˌaːɡən	0.26
Template	tˈɛmplɛɪt	0.38
Templates	tˈɛmplɛɪts	0.33
Tennessee	tˌɛnəsˈiː	0.33
Teppichs	tˈɛpɪçs	0.29
Terabyte	tˈeːrabˌaɪt	0.38
Terabytes	tˈeːrabˌaɪts	0.33
Terminals	tˈœːɾminəls	0.33
Termingeld	tɛɾmˈiːnɡˌɛlt	0.3
Termingelder	tɛɾmˈiːnɡˌɛldɜ	0.27
Termingelds	tɛɾmˈiːnɡˌɛlts	0.27
Terpsichore	tɛɾpsˈiːçore	0.36
Terr.	tɛrˈasə	0.5
Terrorregime	tˈɛroːɾreʒˌiːm	0.4
Terrorregimes	tˈɛroːɾreʒˌiːms	0.36
Testversion	tˈɛstvɛɾzˌioːn	0.27
Tetraeder	tetraˈeːdɜ	0.38
Tetraedern	tetraˈeːdɜn	0.33
Tetraeders	tetraˈeːdɜs	0.33
Tetraederstumpf	tetraˈeːdɜʃtˌʊmpf	0.29
Tetraederstumpfs	tetraˈeːdɜʃtˌʊmpfs	0.27
Teufelskerl	tˈɔɪfəlskˌɛɾl	0.27
Tewet	tɛvˈeːt	0.4
Texas Ranger	tˈɛksasɹˌɛɪndʒɜ	0.46
Texas Rangern	tˈɛksasɹˌɛɪndʒɜn	0.43
Texas Rangers	tˈɛksasɹˌɛɪndʒɜs	0.43
Textilbranche	tɛkstˈiːlbrˌɑ̃ːʃə	0.29
Thaddäus	tadˈɛːʊs	0.33
Thanksgiving	θˈɛŋksɡɪvɪŋ	0.3
Thanksgiving-Truthahn	θɛŋksɡˈɪvɪŋtrˌuːthaːn	0.29
Thanksgiving-Truthahnes	θɛŋksɡˈɪvɪŋtrˌuːthaːnəs	0.26
Thanksgiving-Truthahns	θɛŋksɡˈɪvɪŋtrˌuːthaːns	0.28
Thanksgiving-Truthähne	θɛŋksɡˈɪvɪŋtrˌuːthɛːnə	0.28
Thanksgiving-Truthähnen	θɛŋksɡˈɪvɪŋtrˌuːthɛːnən	0.26
Thanksgivingfest	θˈɛŋksɡɪvɪŋfˌɛst	0.29
Thanksgivingfeste	θˈɛŋksɡɪvɪŋfˌɛstə	0.27
Thanksgivingfests	θˈɛŋksɡɪvɪŋfˌɛsts	0.27
Theatereingang	teˈaːtɜˌaɪnɡaŋ	0.27
Theaterensemble	teˈaːtɜãsˌãːbəl	0.57
Theaterensembles	teˈaːtɜãsˌãːbəls	0.53
Thein	teˈiːn	0.5
Theins	teˈiːns	0.4
Thetas	tˈɛtas	0.33
Theurg	teˈʊɾk	0.4
Theurgen	teˈʊɾɡən	0.29
Thimphus	tɪmpˈuːs	0.33
Thiol	tiˈoːl	0.4
Thiole	tiˈoːlə	0.33
Thiolen	tiˈoːlən	0.29
Thiols	tiˈoːls	0.33
Thiomer	tiomˈeːɾ	0.5
Thiomere	tiomˈeːrə	0.43
Thiomeren	tiomˈeːrən	0.38
Thiomers	tiomˈeːɾs	0.43
Tholoi	tˈoːlɔɪ	0.4
Thoraces	torˈaːtseːs	0.38
Thread	θrɛt	0.6
Threads	θrɛts	0.5
Thriller	θrˈɪlɜ	0.4
Thrillern	θrˈɪlɜn	0.33
Thrillers	θrˈɪlɜs	0.5
Thrills	θrɪls	0.4
Thum	tuːm	0.33
Thunfisch-Sandwich	tˈuːnfɪʃsˌɛntvɪtʃ	0.43
Thunfisch-Sandwiche	tˈuːnfɪʃsˌɛntvɪtʃə	0.4
Thunfisch-Sandwichen	tˈuːnfɪʃsˌɛntvɪtʃən	0.38
Thunfisch-Sandwiches	tˈuːnfɪʃsˌɛntvɪtʃəs	0.38
Thunfisch-Sandwichs	tˈuːnfɪʃsˌɛntvɪtʃs	0.4
Thunfischsandwich	tˈuːnfɪʃsˌɛntvɪtʃ	0.43
Thunfischsandwiche	tˈuːnfɪʃsˌɛntvɪtʃə	0.4
Thunfischsandwichen	tˈuːnfɪʃsˌɛntvɪtʃən	0.38
Thunfischsandwiches	tˈuːnfɪʃsˌɛntvɪtʃəs	0.38
Thunfischsandwichs	tˈuːnfɪʃsˌɛntvɪtʃs	0.4
Thörnichs	tˈøːɾnɪçs	0.38
Ticino	titʃˈiːno	0.29
Tierbabys	tˈiːɾbˌeːbis	0.33
Tiergeräuschen	tˈiːɾɡərˌɔɪʃən	0.38
Tijuana	tixwˈaːna	0.29
Tillich	tˈɪlɪç	0.29
Tillichs	tˈɪlɪçs	0.29
Timbre	tˈɛ̃ːbrə	0.33
Timbres	tˈɛ̃ːbrəs	0.29
Timeout	tˈaɪmˌaʊt	0.57
Timeouts	tˈaɪmˌaʊts	0.5
Timing	tˈaɪmɪŋ	0.33
Timings	tˈaɪmɪŋs	0.29
Timotheus	timˈoːteʊs	0.38
Tin Can Mail	tɪn kɛn mɛɪl	0.3
Tiny Houses	tˈaɪnihˌaʊzɪs	0.45
Tiny Offices	tˈaɪni ˌɔfɪsɪs	0.27
Tirailleure	tiraljˈøːrə	0.27
Tirailleurs	tiraljˈøːɾs	0.27
Tiret	tirˈeː	0.4
Tirets	tirˈeːs	0.33
Tirich Mir	tɪrɪtʃmˈiːɾ	0.33
Titandioxids	titˈaːndiɔksˌiːts	0.29
Tjorrie	tʃˈɔri	0.33
Tjorries	tʃˈɔris	0.29
Tjumen	tymˈeːn	0.57
Tjumens	tymˈeːns	0.5
Tkotsch	kɔtʃ	0.33
Tkotschs	kɔtʃs	0.29
Tlingit	tlˈɪŋɡɪt	0.29
Tlingits	tlˈɪŋɡɪts	0.38
To-do	tudˈuː	0.5
To-dos	tuduːs	0.4
Toastes	tˈɔʊstəs	0.29
Toasts	tɔʊsts	0.33
Tobol	tabˈɔl	0.4
Tobsucht	tˈoːpzˌʊxt	0.43
Tobsuchtsanfall	tˈoːpzʊxtsˌanfal	0.31
Tobsuchtsanfalle	tˈoːpzʊxtsˌanfalə	0.29
Tobsuchtsanfalles	tˈoːpzʊxtsˌanfaləs	0.27
Tobsuchtsanfalls	tˈoːpzʊxtsˌanfals	0.29
Tobsuchtsanfälle	tˈoːpzʊxtsˌanfɛlə	0.29
Tobsuchtsanfällen	tˈoːpzʊxtsˌanfɛlən	0.27
Tochter Zion	tˈɔxtɜ tsˈiːɔn	0.27
Todesengel	tˈoːdəsˌɛŋəl	0.4
Todesengeln	tˈoːdəsˌɛŋəln	0.36
Todesengels	tˈoːdəsˌɛŋəls	0.36
Todesschmerz	tˈoːdəsʃmˌɛɾts	0.36
Todesschmerzen	tˈoːdəsʃmˌɛɾtsən	0.31
Todesschmerzes	tˈoːdəsʃmˌɛɾtsəs	0.31
Todesschrei	tˈoːdəsʃrˌaɪ	0.3
Todesschreie	tˈoːdəsʃrˌaɪə	0.27
Todesschreis	tˈoːdəsʃrˌaɪs	0.27
Todesschuss	tˈoːdəsʃˌʊs	0.33
Todesschusse	tˈoːdəsʃˌʊsə	0.3
Todesschusses	tˈoːdəsʃˌʊsəs	0.27
Todesschwur	tˈoːdəsʃvˌuːɾ	0.3
Todesschwurs	tˈoːdəsʃvˌuːɾs	0.27
Todesschwüre	tˈoːdəsʃvˌyːrə	0.27
Todesschüsse	tˈoːdəsʃˌʏsə	0.3
Todesschüssen	tˈoːdəsʃˌʏsən	0.27
Todesschütze	tˈoːdəsʃˌʏtsə	0.27
Todesschützin	tˈoːdəsʃˌʏtsɪn	0.33
Todesszene	tˈoːdəsstsˌeːnə	0.27
Todesursache	tˈoːdəsˌuːɾzaxə	0.27
Todgeweihte	tˈoːtɡəvaɪtə	0.36
Todgeweihtem	tˈoːtɡəvaɪtəm	0.33
Todgeweihten	tˈoːtɡəvaɪtən	0.33
Todgeweihter	tˈoːtɡəvaɪtɜ	0.36
Toeloop	tˈuːluːp	0.4
Toeloops	tˈuːluːps	0.33
Tohuwabohus	tˌoːhuvabˈoːhus	0.27
Tokio	tˈoːkioː	0.33
Tokios	tˈoːkioːs	0.29
Tomahawk	tˈɔmahaːk	0.43
Tomahawks	tˈɔmahaːks	0.38
Tomatensauce	tomˈaːtənzˌoːsə	0.33
Tomatensaucen	tomˈaːtənzˌoːsən	0.31
Toningenieur	tˈoːnɪnʒenˌiøːɾ	0.27
Tonkrug	tˈoːnkrˌuːk	0.29
Tonspur	tˈoːnʃpˌuːɾ	0.29
Tonstudio	tˈoːnʃtˌuːdio	0.4
Tonstudios	tˈoːnʃtˌuːdios	0.36
Tontafelbibliothek	tˈoːntaːfəlbibliotˌeːk	0.28
Tonware	tˈoːnvˌaːrə	0.57
Tonwelt	tˈoːnvˌɛlt	0.29
Topmanagement	tˈɔpmˌɛnɪtʃmənt	0.38
Topmanagements	tˈɔpmˌɛnɪtʃmənts	0.36
Topografien	topoɡrafˈiːən	0.33
Topoi	tˈɔpɔɪ	0.4
Topspionin	tˈɔpʃpiˌoːnɪn	0.27
Topteam	tˈɔptˌiːm	0.29
Toque	tɔk	0.33
Toques	tɔks	0.5
Tordesillas	tɔɾdesˈiːjas	0.3
Tordesillas’	tɔɾdesˈiːjas	0.3
Torfeuer	tˈoːɾfˌɔɪɜ	0.29
Torfstichs	tˈɔɾfʃtˌɪçs	0.3
Torgebäude	tˈoːɾɡəbˌɔɪdə	0.3
Torgebäuden	tˈoːɾɡəbˌɔɪdən	0.27
Torgebäudes	tˈoːɾɡəbˌɔɪdəs	0.27
Torkameras	tˈoːɾkˌaməraːs	0.36
Torlinie	tˈoːɾlˌiːniə	0.33
Torlinien	tˈoːɾlˌiːniən	0.3
Torout	tˈoːɾˌaʊt	0.33
Torouts	tˈoːɾˌaʊts	0.29
Torque	tˈɔɾkvɛ	0.33
Torreón	tɔɾrɛˈɔn	0.43
Torreóns	tɔɾrɛˈɔns	0.38
Torys	tˈɔriːs	0.4
Totgeburt	tˈoːtɡəbˌuːɾt	0.33
Totgeburten	tˈoːtɡəbˌuːɾtən	0.27
Touchpen	tˈatʃpˌɛn	0.29
Touchpens	tˈatʃpˌɛns	0.38
Touchs	tatʃs	0.4
Touchscreens	tˈatʃskriːns	0.3
Toulon	tulˈɔ̃	0.4
Toulons	tulˈɔ̃s	0.33
Toulouse	tulˈuːs	0.33
Toulouses	tulˈuːs	0.29
Toupet	tupˈeː	0.4
Toupets	tupˈeːs	0.33
Tour de Force	tuɾ də fˈɔɾs	0.3
Tour d’Horizon	tˌuːɾ dorizˈɔ̃ː	0.46
Tourenski	tˈuːrənʃˌiː	0.38
Tourenskis	tˈuːrənʃˌiːs	0.33
Tournai	tʊɾnˈɛː	0.5
Tournais	tʊɾnˈɛːs	0.43
Tourniquet	tʊɾnikˈeː	0.44
Tourniquets	tʊɾnikˈeːs	0.5
Tours de Force	tuɾ də fˈɔɾs	0.36
Tours d’Horizon	tˌuːɾ dorizˈɔ̃ː	0.5
Tower	tˈaʊɜ	0.5
Towern	tˈaʊɜn	0.4
Towers	tˈaʊɜs	0.4
Township	tˈaʊnʃɪp	0.62
Townships	tˈaʊnʃɪps	0.56
Townsville	tˈaʊnsvɪl	0.33
Townsvilles	tˈaʊnsvɪls	0.3
Tracer	trˈɛɪsɜ	0.5
Tracern	trˈɛɪsɜn	0.43
Tracers	trˈɛɪsɜs	0.43
Trailer	trˈeːlɜ	0.5
Trailern	trˈeːlɜn	0.43
Trailers	trˈeːlɜs	0.57
Train	trɛ̃ː	0.5
Trainee	treɪnˈiː	0.5
Trainees	treɪnˈiːs	0.43
Trainerjob	trˈɛːnɜdʒˌɔp	0.33
Trainerjobs	trˈɛːnɜdʒˌɔps	0.3
Trains	trɛ̃ːs	0.4
Trance-DJs	tɹˈɛnsdˌiːdʒɛɪs	0.5
Trancemusik	tɹˈɛnsmuzˌiːk	0.36
Trancen	trɑ̃ːsən	0.29
Trancezustand	trˈɑ̃ːstsuʃtˌant	0.36
Trancezustandes	trˈɑ̃ːstsuʃtˌandəs	0.31
Trancezustands	trˈɑ̃ːstsuʃtˌants	0.33
Trancezustände	trˈɑ̃ːstsuʃtˌɛndə	0.27
Tranche	trɑ̃ːʃ	0.57
Tranchen	trˈɑ̃ːʃən	0.38
Tranchierbesteck	trɑ̃ʃˈiːɾbəʃtˌɛk	0.36
Tranchierbestecke	trɑ̃ʃˈiːɾbəʃtˌɛkə	0.33
Tranchierbestecken	trɑ̃ʃˈiːɾbəʃtˌɛkən	0.31
Tranchierbesteckes	trɑ̃ʃˈiːɾbəʃtˌɛkəs	0.31
Tranchierbestecks	trɑ̃ʃˈiːɾbəʃtˌɛks	0.33
Transgender	transdʒˈɛndɜ	0.27
Transgenderinnen	transdʒˈɛndərɪnən	0.27
Transistorradio	trˌanzˈɪstoːɾrˌaːdio	0.27
Translation	translatsˈioːn	0.5
Translationen	translatsˈioːnən	0.43
Trash-TV	trˈɛʃtivˌiː	0.56
Trash-TVs	trɛʃtivˌiːs	0.55
Trashtalk	trˈɛʃtˌɔːk	0.29
Traumjob	trˈaʊmdʒˌɔp	0.33
Traumjobs	trˈaʊmdʒˌɔps	0.3
Traveller	trˈɛvəlɜ	0.29
Traverse City	trˈɛvərs sˈɪti	0.33
Trawler	trˈɔːlɜ	0.33
Trawlern	trˈɔːlɜn	0.29
Trawlers	trˈɔːlɜs	0.29
Trebbia	trˈebbia	0.29
Trebuchet	trebuʃˈeː	0.5
Trebuchets	trebuʃˈeːs	0.44
Trenchcoat	trˈɛntʃkˌoːt	0.3
Trenchcoats	trˈɛntʃkˌoːts	0.27
Treptow	trˈeːpto	0.29
Tresorräume	trezˈoːɾrˌɔɪmə	0.27
Tretjakow	trɪtjɪkˈɔf	0.33
Tretjakows	trɪtjɪkˈɔfs	0.3
Treueeid	trˈɔɪəˌaɪt	0.5
Treueeide	trˈɔɪəˌaɪdə	0.44
Treueeiden	trˈɔɪəˌaɪdən	0.4
Treueeides	trˈɔɪəˌaɪdəs	0.4
Treueeids	trˈɔɪəˌaɪts	0.33
Treuhandfonds	trˈɔɪhantfˌɔ̃ː	0.31
Tribsees	triːpzˈeːs	0.29
Tribsees’	triːpzˈeːs	0.29
Trichlormethan	trˈikloːɾmetˌaːn	0.31
Trichlormethans	trˈikloːɾmetˌaːns	0.29
Trickshot	trˈɪkʃˌɔt	0.38
Trickshots	trˈɪkʃˌɔts	0.33
Triebwerkgeräusch	trˈiːpvɛɾkɡərˌɔɪʃ	0.31
Triebwerkgeräusche	trˈiːpvɛɾkɡərˌɔɪʃə	0.29
Triebwerkgeräuschen	trˈiːpvɛɾkɡərˌɔɪʃən	0.41
Triebwerkgeräusches	trˈiːpvɛɾkɡərˌɔɪʃəs	0.27
Triebwerkgeräuschs	trˈiːpvɛɾkɡərˌɔɪʃs	0.29
Triennien	triˈɛniən	0.4
Trient	triˈɛnt	0.29
Trifle	tɹˈaɪfəl	0.57
Trifles	tɹˈaɪfəls	0.5
Trike	traɪk	0.4
Trikes	traɪks	0.33
Trilingue	trilˈɪŋɡuə	0.33
Trio	trˈiːo	0.4
Triol	triˈoːl	0.33
Triole	triˈoːlə	0.29
Triols	triˈoːls	0.29
Trios	trˈios	0.33
Trochäus	trɔxˈɛːʊs	0.29
Trockenshampoon	trˈɔkənʃɛmpˌuːn	0.31
Trockenshampoons	trˈɔkənʃɛmpˌuːns	0.29
Troika	trˈɔɪka	0.33
Troikas	trˈɔɪkas	0.29
Trolleys	trˈɔlis	0.29
Trollface	trˈɔlfˌɛɪs	0.38
Trollfaces	trˈɔlfˌɛɪsɪs	0.4
Trompe-l’Œil	trɔ̃plˈœɪ	0.55
Trompe-l’Œils	trɔ̃plˈœɪs	0.5
Trompe-l’œil	trɔ̃plˈœɪ	0.55
Trompe-l’œils	trɔ̃plˈœɪs	0.5
Trooper	tɹˈuːpɜ	0.4
Troopern	tɹˈuːpɜn	0.33
Troopers	tɹˈuːpɜs	0.33
Trottoir	trˈɔtvaːɾ	0.29
Trouble	trˈabəl	0.5
Troublemaker	trˈabəlmˌɛɪkɜ	0.45
Troublemakern	trˈabəlmˌɛɪkɜn	0.42
Troublemakers	trˈabəlmˌɛɪkɜs	0.42
Troubles	trˈabəls	0.43
Troyern	trˈɔɪɜn	0.33
Troyers	trˈɔɪɜs	0.33
Troyes	tɾwa	0.67
Troyes’	tɾwa	0.67
True Crime	trˈuː krˌaɪm	0.44
True-Crime-Fan	trˈuːkraɪmfˌɛn	0.42
True-Crime-Fans	truːkraɪmfˌɛns	0.38
Trujillo	truxˈiːjo	0.43
Trujillos	truxˈiːjos	0.38
Trumeaus	trymˈoːs	0.5
Truthahn	trˈuːthˌaːn	0.29
Truthahngeier	trˈuːthaːnɡˌaɪɜ	0.36
Truthahngeiern	trˈuːthaːnɡˌaɪɜn	0.33
Truthahngeiers	trˈuːthaːnɡˌaɪɜs	0.33
Truthahnsandwich	trˈuːthaːnsˌɛntvɪtʃ	0.47
Truthahnsandwiche	trˈuːthaːnsˌɛntvɪtʃə	0.44
Truthahnsandwichen	trˈuːthaːnsˌɛntvɪtʃən	0.41
Truthahnsandwiches	trˈuːthaːnsˌɛntvɪtʃəs	0.41
Truthahnsandwichs	trˈuːthaːnsˌɛntvɪtʃs	0.44
Truthuhn	trˈuthˌuːn	0.29
Träuble	trˈɔɪplə	0.29
Träubleskuchen	trˈɔɪpləskˌuːxən	0.31
Träubleskuchens	trˈɔɪpləskˌuːxəns	0.29
Trüffelsaison	trˈʏfəlzɛzˌɔ̃ː	0.33
Trüffelsaisons	trˈʏfəlzɛzˌɔ̃ːs	0.31
Tsandi	tsˈandi	0.29
Tsandis	tsˈandis	0.38
Tsatsikis	tsatsˈiːkis	0.3
Tschernihiu	tʃɛɾnˈiːhɪʊ	0.33
Tses	tses	0.4
Tsesisch	tsˈeːzɪʃ	0.29
Tses’	tses	0.4
Tsetsefliege	tsˈeːtseflˌiːɡə	0.36
Tsetsefliegen	tsˈeːtseflˌiːɡən	0.33
Tsuba	tsˈuːba	0.33
Tsubas	tsˈuːbas	0.29
Tsuben	tsˈuːbən	0.29
Tsumeb	tsˈumɛp	0.43
Tsumebs	tsˈumɛps	0.38
Tsunamiopfer	tsunˈaːmiˌɔpfɜ	0.38
Tsunamiopfern	tsunˈaːmiˌɔpfɜn	0.36
Tsunamiopfers	tsunˈaːmiˌɔpfɜs	0.36
Tsunamis	tsunˈaːmis	0.33
Tuch	tuːx	0.33
Tucken	tˈʊkŋ̩	0.4
Tufffels	tˈʊffˌɛls	0.29
Tuk-Tuk	tˈʊktˈʊk	0.33
Tukuyus	tukˈʊːjus	0.29
Tuners	tjˈuːnɜs	0.33
Tuneser	tunˈeːzɜ	0.33
Tunguse	tʊŋɡˈuːzə	0.43
Tungusen	tʊŋɡˈuːzən	0.38
Tupperparty	tˈʊpɜpˌaːɾti	0.33
Turkey	tˈœɾki	0.5
Turkeys	tˈœɾkis	0.43
Turnover	tˈœːɾnˌɔʊvɜ	0.38
Turnovern	tˈœːɾnˌɔʊvɜn	0.33
Turnovers	tˈœːɾnˌɔʊvɜs	0.33
Tutu	tytˈyː	0.5
Tutus	tytˈyːs	0.4
Tweed	tviːt	0.5
Tweedanzug	tvˈiːtantsˌuːk	0.3
Tweedanzugs	tvˈiːtantsˌuːks	0.27
Tweedanzüge	tvˈiːtantsˌyːɡə	0.27
Tweede	tvˈiːdə	0.4
Tweeden	tvˈiːdən	0.33
Tweedjacke	tvˈiːtjˌakə	0.38
Tweedjacken	tvˈiːtjˌakən	0.33
Tweedjackett	tvˈiːtʒakˌɛt	0.44
Tweedjackette	tvˈiːtʒakˌɛtə	0.4
Tweedjacketts	tvˈiːtʒakˌɛts	0.4
Tweedmantel	tvˈiːtmˌantəl	0.3
Tweedmantels	tvˈiːtmˌantəls	0.27
Tweedmäntel	tvˈiːtmˌɛntəl	0.3
Tweedmänteln	tvˈiːtmˌɛntəln	0.27
Tweedrock	tvˈiːtrˌɔk	0.43
Tweedrocks	tvˈiːtrˌɔks	0.38
Tweedröcke	tvˈiːtrˌœkə	0.38
Tweedröcken	tvˈiːtrˌœkən	0.33
Tweeds	tviːts	0.4
Tweedsakko	tvˈiːtzˌako	0.38
Tweedsakkos	tvˈiːtzˌakos	0.33
Tweef	tviːf	0.5
Tweefs	tviːfs	0.4
Tweener	tvˈiːnɜ	0.5
Tweenern	tvˈiːnɜn	0.33
Tweeners	tvˈiːnɜs	0.33
Tweet	tviːt	0.5
Tweets	tviːts	0.4
Twen	tvɛn	0.5
Twens	tvɛns	0.4
Tycoon	taɪkˈuːn	0.5
Tycoons	taɪkˈuːns	0.43
Tyler	tˈaɪlɜ	0.4
Tylers	tˈaɪlɜs	0.33
Type-Token-Ratio	taɪptˈɔʊkənɹˌɛɪʃiɔʊ	0.71
Type-Token-Ratios	taɪptˈɔʊkənɹˌɛɪʃiɔʊs	0.67
Type-Token-Relation	taɪptˈɔʊkənrelatsˌioːn	0.32
Type-Token-Relationen	taɪptˈɔʊkənrelatsˌioːnən	0.29
Types	taɪps	0.6
Typhuserkrankung	tˈyːfʊsɛɾkrˌaŋkʊŋ	0.29
Typhuserreger	tˈyːfʊsɛɾrˌeːɡɜ	0.27
Täuberichs	tˈɔɪbərɪçs	0.44
Tête-à-Tête	tˌɛtatˈɛːt	0.67
Tête-à-Têtes	tˌɛtatˈɛːts	0.62
Tête-à-tête	tˌɛtatˈɛːt	0.67
Tête-à-têtes	tˌɛtatˈɛːts	0.62
Töpferware	tˈœpfɜvˌaːrə	0.56
Türkise	tʏɾkˈiːzə	0.29
UCLA	juːsiːɛlˈɛɪ	0.88
UCLA-Student	juːsiːɛlˈɛɪʃtudˌɛnt	0.47
UCLA-Studenten	juːsiːɛlˈɛɪʃtudˌɛntən	0.41
UNDCP	uːɛndeːtseːpˈeː	0.7
URLs	uːɛɾˈɛls	0.33
US-Pass	uːˈɛspˌas	0.33
US-Wahl	uːˈɛsvˌaːl	0.33
USBV	ˈuːɛsbeːfˌaʊ	0.75
USBs	uːɛsbˈeːs	0.67
USPD	uːɛspeːdˈeː	0.71
USSR	uːɛsɛsˈɛɾ	0.71
Udmurtiens	ʊtmˈʊɾtsiəns	0.27
Uecker	ˈʏkɜ	0.5
Uelvesbüll	ˈʏlvəsbˌʏl	0.33
Uelvesbülls	ˈʏlvəsbˌʏls	0.3
Uelzen	ˈʏltsən	0.29
Uetersen	ˈyːtɜzən	0.29
Uetze	ˈʏtsə	0.4
Uetzes	ˈʏtsəs	0.33
Ufererde	ˈuːfɜˌeːɾdə	0.29
Uferviertel	ˈuːfɜfˌɪɾtəl	0.3
Ufervierteln	ˈuːfɜfˌɪɾtəln	0.27
Uferviertels	ˈuːfɜfˌɪɾtəls	0.27
Uhudler	ˈuːhuːdlɜ	0.33
Uhudlern	ˈuːhuːdlɜn	0.29
Uhudlers	ˈuːhuːdlɜs	0.29
Uhus	uːhus	0.5
Ukrainehilfe	ˌukraˈiːnəhˌɪlfə	0.33
Ukrainehilfen	ˌukraˈiːnəhˌɪlfən	0.31
Ukrainekrieg	ukraˈiːnəkrˌiːk	0.27
Ulerich	ˈʊlərɪç	0.29
Ulerichs	ˈʊlərɪçs	0.57
Ullerichs	ˈʊlərɪçs	0.43
Ullrichs	ˈʊlrɪçs	0.29
Ullrichs’	ˈʊlrɪçs	0.29
Ulrichs	ˈʊlrɪçs	0.29
Ulrichsens	ˈʊlrɪçzəns	0.3
Ulrichs’	ˈʊlrɪçs	0.29
Umfrageergebnis	ˈʊmfraːɡəɛɾɡˌeːpnɪs	0.27
Umgehung	ʊmɡˈeːʊŋ	0.29
Umm al-Qaiwain	ˌʊmɛlkuwˈɛɪn	0.45
Umm al-Qaiwains	ˌʊmɛlkuwˈɛɪns	0.42
Umstandsangabe	ˈʊmʃtantsˌanɡaːbə	0.29
Umstandsangaben	ˈʊmʃtantsˌanɡaːbən	0.27
Uncle Sam	ˌaŋkəlsˈɛːm	0.75
Uncle Sams	ˌaŋkəlsˈɛːms	0.67
Undercoveragent	ˈandɜkavɜaɡˌɛnt	0.62
Undercoveragenten	ˈandɜkavɜaɡˌɛntən	0.56
Undercoveragentin	ˈandɜkavɜaɡˌɛntɪn	0.5
Undercoveragentinnen	ˈandɜkavɜaɡˌɛntɪnən	0.45
Undercovereinheit	ˈandɜkavɜˌaɪnhaɪt	0.38
Undercovereinheiten	ˈandɜkavɜˌaɪnhaɪtən	0.39
Undercoverpolizist	ˈandɜkavɜpolitsˌɪst	0.47
Undercoverpolizisten	ˈandɜkavɜpolitsˌɪstən	0.47
Undercut	ˈandɜkˌat	0.43
Undercuts	ˈandɜkˌats	0.38
Underdog	ˈandɜdɔk	0.43
Underdogs	ˈandɜdɔks	0.5
Ungerer	ˈʊŋərɜ	0.5
Ungerers	ˈʊŋərɜs	0.43
Ungers	ˈʊŋɜs	0.5
Unicode	ˈuːnikˌɔʊd	0.43
Unicodes	ˈuːnikˌɔʊds	0.38
Unijob	ˈʊnidʒˌɔp	0.57
Unijobs	ˈʊnidʒˌɔps	0.5
Uniklinik	ˈʊniklˌiːnik	0.33
Unikliniken	ˈʊniklˌiːnikən	0.27
Unikurs	ˈʊnikˌʊɾs	0.29
Unimog	ˈʊnimɔk	0.33
Unimogs	ˈʊnimɔks	0.29
Union Citys	jˈuːnjən sˈɪtis	0.45
Union Jack	jˈuːnjən dʒˈɛk	0.5
Union Jacks	jˈuːnjən dʒˈɛks	0.45
Unionschrist	unˈioːnskrˌɪst	0.36
Unionschristen	unˈioːnskrˌɪstən	0.31
Unionschristin	unˈioːnskrˌɪstɪn	0.31
Unionschristinnen	unˈioːnskrˌɪstɪnən	0.27
Unixe	jˈuːnɪkse	0.29
Unkel	ˈʊŋkəl	0.4
Unkels	ˈʊŋkəls	0.33
Unschuldsengel	ˈʊnʃʊltsˌɛŋəl	0.33
Unschuldsengeln	ˈʊnʃʊltsˌɛŋəln	0.31
Unschuldsengels	ˈʊnʃʊltsˌɛŋəls	0.31
Upcycling	ˈapsˌaɪklɪŋ	0.33
Upcyclings	ˈapsˌaɪklɪŋs	0.3
Update	ˈapdˌɛɪt	0.33
Updater	ˈapdɛɪtɜ	0.43
Updatern	ˈapdɛɪtɜn	0.38
Updaters	ˈapdɛɪtɜs	0.38
Upgrades	ˈapɡreːts	0.5
Upload	ˈaplɔʊt	0.5
Uploader	ˈaplɔʊdɜ	0.43
Uploadern	ˈaplɔʊdɜn	0.38
Uploaders	ˈaplɔʊdɜs	0.5
Uploadfilter	ˈaplɔʊtfˌɪltɜ	0.36
Uploadfiltern	ˈaplɔʊtfˌɪltɜn	0.33
Uploadfilters	ˈaplɔʊtfˌɪltɜs	0.42
Uploads	ˈaplɔʊts	0.57
Upper	ˈapɜ	0.33
Uppercut	ˈapɜkˌat	0.33
Uppercuts	ˈapɜkˌats	0.29
Uracil	uratsˈiːl	0.29
Urangehalt	urˈaːnɡəhˌalt	0.4
Urangehalte	urˈaːnɡəhˌaltə	0.36
Urangehalten	urˈaːnɡəhˌaltən	0.33
Urangehaltes	urˈaːnɡəhˌaltəs	0.33
Urangehalts	urˈaːnɡəhˌalts	0.36
Urbäume	ˈuːɾbˌɔɪmə	0.29
Urchrist	ˈuːɾkrˌɪst	0.38
Urchristen	ˈuːɾkrˌɪstən	0.3
Urchristin	ˈuːɾkrˌɪstɪn	0.3
Urenkelin	ˈuːɾˌɛŋkəlɪn	0.33
Urenkelinnen	ˈuːɾˌɛŋkəlɪnən	0.27
Urenkelkind	ˈuːɾɛŋkəlkˌɪnt	0.27
Urerlebnis	ˈuːɾɛɾlˌeːpnɪs	0.3
Urerlebnisse	ˈuːɾɛɾlˌeːpnɪsə	0.27
Urgesang	ˈuːɾɡəzˌaŋ	0.29
Urichs	ˈuːrɪçs	0.33
Uringeruch	urˈiːnɡərˌʊx	0.38
Uringeruche	urˈiːnɡərˌʊxə	0.33
Uringeruches	urˈiːnɡərˌʊxəs	0.3
Uringeruchs	urˈiːnɡərˌʊxs	0.33
Uringerüche	urˈiːnɡərˌʏçə	0.3
Uringerüchen	urˈiːnɡərˌʏçən	0.27
Uringestank	urˈiːnɡəʃtˌaŋk	0.45
Uringestanke	urˈiːnɡəʃtˌaŋkə	0.42
Uringestankes	urˈiːnɡəʃtˌaŋkəs	0.38
Uringestanks	urˈiːnɡəʃtˌaŋks	0.42
Uringlas	urˈiːnɡlˌaːs	0.38
Uringlase	urˈiːnɡlˌaːzə	0.33
Uringlases	urˈiːnɡlˌaːzəs	0.3
Uringläser	urˈiːnɡlˌɛːzɜ	0.33
Uringläsern	urˈiːnɡlˌɛːzɜn	0.3
Urlaubssaison	ˈuːɾlaʊpszɛzˌɔ̃ː	0.33
Urlaubssaisons	ˈuːɾlaʊpszɛzˌɔ̃ːs	0.31
Urpferd	ˈuːɾpfˌeːɾt	0.29
Urrhein	ˈuːɾrˌaɪn	0.33
Urrheins	ˈuːɾrˌaɪns	0.29
Urspelt	uːɾʃpˌɛlt	0.43
Urspelts	uːɾʃpˌɛlts	0.38
Urstand	ˈuːɾʃtˌant	0.29
Urstoff	ˈuːɾʃtˌɔf	0.33
Urstoffe	ˈuːɾʃtˌɔfə	0.29
Urstoffs	ˈuːɾʃtˌɔfs	0.29
Uruguay	ˈuːruɡvaɪ	0.29
Urviechs	ˈuːɾfˌiːçs	0.43
Urwaldbäume	ˈuːɾvaltbˌɔɪmə	0.27
Urwaldgestrüpp	ˈuːɾvaltɡəʃtrˌʏp	0.31
Urwaldgestrüppe	ˈuːɾvaltɡəʃtrˌʏpə	0.29
Urwaldgestrüppen	ˈuːɾvaltɡəʃtrˌʏpən	0.27
Urwaldgestrüppes	ˈuːɾvaltɡəʃtrˌʏpəs	0.27
Urwaldgestrüpps	ˈuːɾvaltɡəʃtrˌʏps	0.29
Urwelt	ˈuːɾvˌɛlt	0.33
Urzustand	ˈuːɾtsˌuːʃtant	0.3
Urzustande	ˈuːɾtsˌuːʃtandə	0.27
Urzustands	ˈuːɾtsˌuːʃtants	0.27
Usakos	ʊzˈakɔs	0.33
Usakos’	ʊzˈakɔs	0.33
Usedom	ˈuːzədɔm	0.33
Usedoms	ˈuːzədɔms	0.29
Usenet	jˈuːznɛt	0.5
Usenets	jˈuːznɛts	0.43
Userin	jˈuːzərɪn	0.29
Users	jˈuːzɜs	0.4
Utopiens	utˈoːpiəns	0.33
Uzis	ˈuːzis	0.6
VBIED	vˈiːbɪt	0.67
VBIEDs	vˈiːbɪts	0.57
VIP-Bereich	viːaɪpˈiːbərˌaɪç	0.42
VIP-Bereiche	viːaɪpˈiːbərˌaɪçə	0.38
VIP-Bereichen	viːaɪpˈiːbərˌaɪçən	0.36
VIP-Bereiches	viːaɪpˈiːbərˌaɪçəs	0.36
VIP-Bereichs	viːaɪpˈiːbərˌaɪçs	0.38
VIP-Fluges	vˈɪpflˌuːɡəs	0.42
VIP-Flugs	vɪpflˌuːks	0.45
VIP-Flüge	vˈɪpflˌyːɡə	0.45
VIP-Flügen	vˈɪpflˌyːɡən	0.42
VIP-Gast	viːaɪpˈiːɡˌast	0.3
VIP-Gastes	viːaɪpˈiːɡˌastəs	0.42
VIP-Gasts	viːaɪpiːɡˌasts	0.45
VIP-Gäste	viːaɪpˈiːɡˌɛstə	0.45
VIP-Gästen	viːaɪpˈiːɡˌɛstən	0.42
VIP-Lounge	vˈɪplˌaʊndʒ	1.0
VIP-Lounges	vˈɪplˌaʊndʒɪz	1.0
VIP-Raumes	vˈɪprˌaʊməs	0.42
VIP-Raums	vˈɪprˌaʊms	0.45
VIP-Räume	vˈɪprˌɔɪmə	0.55
VIP-Räumen	vˈɪprˌɔɪmən	0.5
VIP-Ticket	vˈɪptˌɪkət	0.45
VIP-Tickets	vˈɪptˌɪkəts	0.42
VIP-Zimmer	viːaɪpˈiːtsˌɪmɜ	0.45
VIP-Zimmern	viːaɪpˈiːtsˌɪmɜn	0.42
VIP-Zimmers	viːaɪpˈiːtsˌɪmɜs	0.42
VOCs	faʊoːtseːs	0.75
Vaccensäure	vaktsˈeːnzˌɔɪrə	0.33
Vadien	vˈaːdiən	0.29
Vaduz	fadˈʊts	0.33
Vaishya	vˈaɪʃja	0.43
Vaishyas	vˈaɪʃjas	0.38
Vajrayana	vadʒrajˈaːna	0.3
Valencias	valˈɛntsias	0.3
Valentiens	vˈaːlɛntiːns	0.27
Vancouver	vɛnkˈuːvɐ	0.29
Vanilleeise	vanˈɪləˌaɪzə	0.3
Vanilleeises	vanˈɪləˌaɪzəs	0.27
Vanillejoghurt	vanˈɪləjˌoːɡʊɾt	0.31
Vanillejoghurts	vanˈɪləjˌoːɡʊɾts	0.29
Vanillemilchshake	vanˈɪləmˌɪlçʃeːk	0.4
Vanillemilchshakes	vanˈɪləmˌɪlçʃeːks	0.38
Vanillesauce	vanˈɪləzˌoːsə	0.36
Vanillesaucen	vanˈɪləzˌoːsən	0.33
Vatis	fˈaːtis	0.4
Veganuary	viɡˈɛnjʊəri	0.5
Veganuarys	viɡˈɛnjʊəris	0.55
Vegemite	vˈɛdʒɪmˌaɪt	0.78
Veigl	fˈaɪɡəl	0.33
Veigls	fˈaɪɡəls	0.29
Veitl	fˈaɪtəl	0.33
Veitls	fˈaɪtəls	0.29
Veitschis	fˈaɪtʃis	0.29
Veitshöchheim	faɪtshˈøːxhaɪm	0.31
Veitshöchheims	faɪtshˈøːxhaɪms	0.29
Vejle	vˈaɪlə	0.4
Vejles	vˈaɪləs	0.33
Vektorräume	vˈɛktoːɾrˌɔɪmə	0.27
Velours	vəlˈuːɾ	0.33
Veracruz	verakrˈuːs	0.33
Veracruz’	verakrˈuːs	0.33
Veranda	verˈanda	0.29
Verandaecke	verˈandaˌɛkə	0.3
Verandaecken	verˈandaˌɛkən	0.27
Verbe	vˈɛɾbə	0.4
Verbene	vɛɾbˈeːnə	0.43
Verdens	fˈeːɾdəns	0.29
Verdun	vɛɾdˈœ̃	0.5
Verduns	vɛɾdˈœ̃s	0.43
Verenas	verˈeːnas	0.29
Verhörräume	fɛɾhˈøːɾrˌɔɪmə	0.27
Verkehrschaos	fɛɾkˈeːɾskˌaːɔs	0.27
Verkehrsgeräuschen	fɛɾkˈeːɾsɡərˌɔɪʃən	0.29
Verlagsangestellte	fɛɾlˈaːksanɡəʃtˌɛltə	0.29
Verlagsangestelltem	fɛɾlˈaːksanɡəʃtˌɛltəm	0.28
Verlagsangestellten	fɛɾlˈaːksanɡəʃtˌɛltən	0.28
Verlagsangestellter	fɛɾlˈaːksanɡəʃtˌɛltɜ	0.29
Verlobungsparty	fɛɾlˈoːbʊŋspˌaːɾti	0.36
Vermeil	vɛɾmˈɛj	0.57
Vermeils	vɛɾmˈɛjs	0.5
Vermouth	vˈeːɾmuːt	0.33
Vermouths	vˈeːɾmuːts	0.29
Vero	vˈeːroː	0.5
Verona	verˈoːna	0.33
Veronas	verˈoːnas	0.29
Veronese	vˌeronˈeːzə	0.5
Veroneser	vˌeronˈeːzɜ	0.5
Veronesin	vˌeronˈeːzɪn	0.33
Versailles	vɛɾsˈaɪ	0.56
Versailles’	vɛɾzˈaɪs	0.33
Versalien	vɛɾzˈaːliən	0.3
Versanddosage	fɛɾzˈantdozˌaːʒə	0.27
Verschlüsselungssoftware	fɛɾʃlˈʏsəlʊŋssˌɔftvɛːɾ	0.47
Vertices	vˈɛɾtitseːs	0.33
Verve	vɛɾf	0.6
Veston	vɛstˈɔ̃ː	0.33
Vestons	vɛstˈɔ̃ːs	0.29
Vial	vˈaɪəl	0.6
Vials	vˈaɪəls	0.5
Vibe	vaɪp	0.75
Vibe-Coding	vˈaɪpkˌoʊdɪŋ	0.4
Vibes	vaɪps	0.6
Vichten	fˈiːçtən	0.29
Vichy-Anhänger	viʃˈiːˌanhɛŋɜ	0.27
Vicomte	vikˈɔ̃ːt	0.29
Videochat	vˈiːdeotʃˌɛt	0.44
Videochats	vˈiːdeotʃˌɛts	0.4
Viechs	fiːçs	0.4
Vieh	fiː	0.33
Viehbestand	fˈiːbəʃtˌant	0.3
Viehbestande	fˈiːbəʃtˌandə	0.27
Viehbestands	fˈiːbəʃtˌants	0.27
Viehgehege	fˈiːɡəhˌeːɡə	0.38
Viehgehegen	fˈiːɡəhˌeːɡən	0.33
Viehgeheges	fˈiːɡəhˌeːɡəs	0.33
Viehpferchs	fˈiːpfˌɛɾçs	0.44
Viehranch	fˈiːrˌɛːntʃ	0.5
Viehranches	fˈiːrˌɛːntʃəs	0.4
Viehranchs	fˈiːrˌɛːntʃs	0.5
Viehstall	fˈiːʃtˌal	0.29
Viehwaggon	fˈiːvaɡˌɔ̃ː	0.38
Viehwaggons	fˈiːvaɡˌɔ̃ːs	0.33
Viennale	viɛnˈaːlə	0.29
Vienne	viɛn	0.75
Vientiane	viɛntˈian	0.38
Vientianes	viɛntˈians	0.33
Vierachser	fˈiːɾˌaksɜ	0.29
Viersternehotel	fiːɾʃtˈɛɾnəhotˌɛl	0.36
Viersternehotels	fiːɾʃtˈɛɾnəhotˌɛls	0.33
Viertelgeviertstrichs	fˈɪɾtəlɡəfiːɾtʃtrˌɪçs	0.26
Vierzigeck	fˈɪɾtsɪçˌɛk	0.3
Vierzigecke	fˈɪɾtsɪçˌɛkə	0.27
Vierzigecks	fˈɪɾtsɪçˌɛks	0.27
Vietnamese	viɛtnamˈeːzə	0.36
Vieux Saxe	vjøsˈaks	0.6
Vignette	vɪnjˈɛtə	0.29
Vinaigrette	vinɛɡrˈɛt	0.3
Vinho Verde	vˈinjo vˈɛɾdə	0.4
Vinho Verdes	vˈinjo vˈɛɾdəs	0.36
Vinhos Verdes	vˈinjo vˈɛɾdəs	0.42
Vintage	vˈɪntɪdʒ	0.43
Viognier	vˌiɔnˈieː	0.29
Viogniers	vˌiɔnˈieː	0.38
Vipernnest	vˈiːpɜnnˌɛst	0.33
Vipernnester	vˈiːpɜnnˌɛstɜ	0.3
Vipernnestes	vˈiːpɜnnˌɛstəs	0.27
Vipernnests	vˈiːpɜnnˌɛsts	0.3
Virgin Islands	vˈœːdʒɪn ˌaɪlɛːnts	0.46
Virginia-Uhu	vɪɾdʒˈɪniaˌuːhu	0.33
Virginia-Uhus	vɪɾdʒˈɪniaˌuːhus	0.38
Virion	vˈiːriɔn	0.33
Virions	vˈiːriɔns	0.29
Virusantigen	vˈiːrʊsantiɡˌeːn	0.33
Virusantigene	vˈiːrʊsantiɡˌeːnə	0.31
Virusantigenen	vˈiːrʊsantiɡˌeːnən	0.29
Virusantigens	vˈiːrʊsantiɡˌeːns	0.31
Viruserkrankung	vˈiːrʊsɛɾkrˌaŋkʊŋ	0.29
Visaangelegenheit	vˈiːzaˌanɡəleːɡənhaɪt	0.29
Visaangelegenheiten	vˈiːzaˌanɡəleːɡənhaɪtən	0.26
Visavis	vizavˈiː	0.29
Visbek	fˈisbeːk	0.33
Visbeks	fˈisbeːks	0.29
Viscerocranien	vˌɪstserokrˈaːniən	0.33
Viscount	vˈaɪkaʊnt	0.5
Viscountess	vaɪkaʊntˈɛs	0.4
Viscountesses	vaɪkaʊntˈɛsɪz	0.5
Viscounts	vˈaɪkaʊnts	0.44
Visualizer	vˈɪʒuəlˌaɪzɜ	0.6
Visualizern	vˈɪʒuəlˌaɪzɜn	0.55
Visualizers	vˈɪʒuəlˌaɪzɜs	0.55
Visàvis	vizavˈiː	0.29
Vitamingehalt	vitamˈiːnɡəhˌalt	0.38
Vitamingehalte	vitamˈiːnɡəhˌaltə	0.36
Vitamingehalten	vitamˈiːnɡəhˌaltən	0.33
Vitamingehaltes	vitamˈiːnɡəhˌaltəs	0.33
Vitamingehalts	vitamˈiːnɡəhˌalts	0.36
Vitiligines	vitilˈiːɡineːs	0.27
Vitis’	fˈɪtɪs	0.4
Vitrage	vitrˈaːʒə	0.29
Vitriol	vitriˈoːl	0.38
Vitriole	vitriˈoːlə	0.33
Vitriolen	vitriˈoːlən	0.3
Vitrioles	vitriˈoːləs	0.3
Vitriols	vitriˈoːls	0.33
Vitriolöl	vitriˈoːlˌøːl	0.3
Vitriolöls	vitriˈoːlˌøːls	0.27
Vizechefin	fˈiːtsəʃˌɛfɪn	0.36
Vizechefinnen	fˈiːtsəʃˌɛfɪnən	0.31
Vleisch	vlaɪʃ	0.43
Vleische	vlˈaɪʃə	0.38
Vleisches	vlˈaɪʃəs	0.33
Vleischs	vlaɪʃs	0.38
Vlotho	flˈoːto	0.43
Vlothos	flˈoːtos	0.38
Voces	vˈoːtseːs	0.5
Vocoder	vˈɔʊkɔʊdə	0.62
Vocodern	vˈɔʊkɔʊdən	0.56
Vocoders	vˈɔʊkɔʊdəs	0.56
Voerde	fˈøːɾdə	0.4
Voerdes	fˈøːɾdəs	0.33
Vogelbaby	fˈoːɡəlbˌeːbi	0.55
Vogelbabys	fˈoːɡəlbˌeːbis	0.58
Voglgsang	fˈoːɡəlɡsˌaŋ	0.33
Voglgsangs	fˈoːɡəlɡsˌaŋs	0.3
Vogue	voːk	0.33
Volahikus	folahˈiːkus	0.33
Volant	volˈɑ̃ː	0.33
Volants	volˈɑ̃ːs	0.29
Volksmudschahedin	fˈɔlksmʊdʒahedˌiːn	0.27
Volleys	vˈɔlis	0.5
Vollpension	fˈɔlpaŋzˌioːn	0.3
Vollräuschen	fˈɔlrˌɔɪʃən	0.36
Vollzeitjobs	fˈɔltsaɪtdʒˌɔps	0.38
Vons	fɔnts	0.43
Vorjahresergebnis	fˈoːɾjaːrəsɛɾɡˌeːpnɪs	0.31
Vorjahresergebnisse	fˈoːɾjaːrəsɛɾɡˌeːpnɪsə	0.29
Vorjahresergebnissen	fˈoːɾjaːrəsɛɾɡˌeːpnɪsən	0.28
Vorjahresergebnisses	fˈoːɾjaːrəsɛɾɡˌeːpnɪsəs	0.28
Vornamenbuch	fˈoːɾnaːmənbˌuːx	0.27
Vornamenrepertoire	fˈoːɾnaːmənrepɛɾtˌoaːɾ	0.29
Vornamenrepertoires	fˈoːɾnaːmənrepɛɾtˌoaːɾs	0.28
Vorzugsaktie	fˈoːɾtsuːksˌaktsiə	0.29
Voting	vˈɔʊtɪŋ	0.33
Votings	vˈɔʊtɪŋs	0.29
Votivkerze	votˈiːfkˌɛɾtsə	0.27
Votivkreuz	votˈiːfkrˌɔɪts	0.27
Voucher	vˈaʊtʃɜ	0.67
Vouchern	vˈaʊtʃɜn	0.57
Vouchers	vˈaʊtʃɜs	0.57
Voyageurin	voajaʒˈøːrɪn	0.3
Vreni	frˈeːni	0.29
Vrenis	frˈeːnis	0.38
Vroni	frˈoːni	0.29
Vronis	frˈoːnis	0.38
Vueltas	bˈuɛltas	0.29
Vulkangebiet	vʊlkˈaːnɡəbˌiːt	0.27
Vuvuzela	vˌuvuzˈeːla	0.33
Vuvuzelas	vˌuvuzˈeːlas	0.3
Växjö	vˈɛkʃøː	0.33
Växjös	vˈɛkʃøːs	0.29
Vögelis	fˈøːɡəlis	0.29
Vögelns	fˈøːɡəlns	0.29
Vögle	fˈøːɡlə	0.4
Vöglein	fˈøːɡlaɪn	0.29
Vögles	fˈøːɡləs	0.33
Vögte	fˈøːktə	0.4
Vögten	fˈøːktən	0.33
Völvur	vˈœlvʊɾ	0.33
W00T	wuːt	0.9
WAPs	veːaːpeːs	0.33
WASD	veː aː ɛs deː	0.57
Wachse	vˈaksə	0.4
Wachsen	vˈaksən	0.33
Wachses	vˈaksəs	0.33
Wachstuch	vˈakstˌuːx	0.29
Wafer	wˈɛɪfɜ	0.6
Wafern	wˈɛɪfɜn	0.5
Wafers	wˈɛɪfɜs	0.5
Waffensafe	vˈafənsˌɛɪf	0.44
Waffensafes	vˈafənsˌɛɪfs	0.4
Waggon	vˌaɡˈɔ̃ː	0.4
Waggons	vˌaɡˈɔ̃ːs	0.33
Wagniserziehung	vˈaːknɪsɛɾtsˌiːʊŋ	0.31
Wagon	vˌaɡˈɔ̃ː	0.4
Wagon-Lit	vaɡɔ̃lˈiː	0.38
Wagon-Lits	vaɡɔ̃lˈiːs	0.33
Wagone	vˌaɡˈɔ̃ːə	0.33
Wagonen	vˌaɡˈɔ̃ːən	0.29
Wagons	vˌaɡˈɔ̃ːs	0.33
Wahhabit	vˌahabˈiːt	0.29
Wahlergebnis	vˈaːlɛɾɡˌeːpnɪs	0.27
Wahlkampfbudget	vˈaːlkampfbydʒˌeː	0.29
Wahlkampfbudgets	vˈaːlkampfbydʒˌeːs	0.27
Wahlkampffonds	vˈaːlkampffˌɔ̃ː	0.33
Wahlsoftware	vˈaːlsɔftvˌɛːɾ	0.4
Wakeboard	vˈɛɪkbˌɔːɾt	0.5
Wakeboarding	vˈɛɪkbˌɔːɾdɪŋ	0.3
Wakeboardings	vˈɛɪkbˌɔːɾdɪŋs	0.36
Wakeboards	vˈɛɪkbˌɔːɾts	0.56
Wakes	weɪks	0.8
Wakizashi	wakizˈaʃi	0.5
Wakizashis	wakizˈaʃis	0.55
Waldangelloch	valtˈaŋəllɔx	0.27
Waldbestand	vˈaltbəʃtˌant	0.27
Waldelefant	vˈalteləfˌant	0.27
Walderdbeere	vˈalteːɾtbˌeːrə	0.27
Waldessäume	vˈaldəszˌɔɪmə	0.27
Waldstadion	vˈaltʃtˌaːdiɔn	0.27
Waldstorches	vˈaltʃtɔɾçəs	0.33
Waldstorchs	vˈaltʃtɔɾçs	0.27
Waldviertel	vˈaltfˌɪɾtəl	0.3
Waldviertels	vˈaltfˌɪɾtəls	0.27
Wales’	veɪlz	0.8
Waliser	valˈiːzɜ	0.33
Walkie-Talkie	vˈɔːkɪtˈɔːkɪ	0.44
Walkie-Talkies	vˈɔːkɪtˈɔːkɪs	0.5
Walking	vˈɔːkɪŋ	0.33
Walkings	vˈɔːkɪŋs	0.29
Walkingstock	vˈɔːkɪŋʃtˌɔk	0.3
Walkingstocks	vˈɔːkɪŋʃtˌɔks	0.27
Walkman	vˈoːkmɛn	0.43
Wallaby	wˈɔləbɪ	0.67
Wallabys	wˈɔləbɪs	0.57
Wallbox	wˈɔːlbˌɔks	0.29
Walliser	vˈalizɜ	0.33
Wallis’	wˈɔlɪs	0.4
Wandelstern	vˈandəlʃtˌɛɾn	0.27
Wandsafe	vˈantsˌɛɪf	0.62
Wandsafes	vˈantsˌɛɪfs	0.56
Wandteppichs	vˈanttˌɛpɪçs	0.27
Warhol-Gemälde	wˈɔːhɔlɡəmˌɛːldə	0.31
Warhol-Gemälden	wˈɔːhɔlɡəmˌɛːldən	0.29
Warhol-Gemäldes	wˈɔːhɔlɡəmˌɛːldəs	0.29
Warm-up	voːɾmˈap	0.33
Warmup	voːɾmˈap	0.33
Warmups	voːɾmˈaps	0.29
Warren-Kommission	wˈɔɹɪnkɔmɪsˌioːn	0.38
Warren-Report	wˈɔrɪnrepˌɔɾt	0.27
Wasabis	vasˈaːbis	0.29
Waschbeton	vˈaʃbetˌɔŋ	0.38
Waschbetons	vˈaʃbetˌɔŋs	0.33
Washboard	vˈɔʃbˌɔːɾt	0.43
Washboards	vˈɔʃbˌɔːɾts	0.5
Washington	vˈɔʃɪŋtən	0.44
Washingtoner	vˈɔʃɪŋtoːnɜ	0.3
Washingtonerinnen	vˈɔʃɪŋtoːnərɪnən	0.27
Washingtonern	vˈɔʃɪŋtoːnɜn	0.27
Washingtoners	vˈɔʃɪŋtoːnɜs	0.27
Washingtons	vˈɔʃɪŋtəns	0.4
Wasserglätten	drˈeːpɪstˌoːlən	0.82
Wassermanagement	vˈasɜmˌɛnɪtʃmənt	0.36
Wassermanagements	vˈasɜmˌɛnɪtʃmənts	0.33
Watergate	wˈɔːtəɡeɪt	0.75
Watergate-Affäre	wˈɔːtəɡɛɪtafˌɛːrə	0.46
Watergates	wˈɔːtəɡeɪts	0.67
Waterloos	vˈɔːtɜlus	0.29
Watertown	wˈɔːtətaʊn	0.62
Watertowns	wˈɔːtətaʊns	0.56
Wattebäuschen	vˈatəbˌɔɪʃən	0.42
Watutinkis	vatˈʊtɪŋkiːs	0.3
Way of Life	wˈeɪ əv lˈaɪf	0.67
Ways of Life	wˈeɪz əv lˈaɪf	0.7
Wealden	vˈiːldən	0.29
Web 2.0	vɛp tsvaɪ nʊl	0.38
Web-Services	vˈɛpsˌœːɾvɪsɪs	0.64
Webangebot	vˈɛpˌanɡəboːt	0.5
Webangebote	vˈɛpˌanɡəboːtə	0.45
Webangeboten	vˈɛpˌanɡəboːtən	0.42
Webangebotes	vˈɛpˌanɡəboːtəs	0.42
Webangebots	vˈɛpˌanɡəboːts	0.45
Webbrowser	vˈɛpbrˌaʊzɜ	0.33
Webbrowsern	vˈɛpbrˌaʊzɜn	0.3
Webbrowsers	vˈɛpbrˌaʊzɜs	0.3
Webdesign	wˈɛpdizˌaɪn	0.33
Webdesigner	wˈɛpdizˌaɪnɜ	0.3
Webdesignerin	wˈɛpdizˌaɪnərɪn	0.42
Webdesignerinnen	wˈɛpdizˌaɪnərɪnən	0.4
Webdesignern	wˈɛpdizˌaɪnɜn	0.45
Webdesigners	wˈɛpdizˌaɪnɜs	0.45
Webdesigns	wˈɛpdizˌaɪns	0.3
Webgarn	vˈeːpɡˌaɾn	0.29
Weblog	wˈɛplɔk	0.5
Weblogs	wˈɛplɔks	0.43
Webradio	vˈɛprˌaːdio	0.33
Webradios	vˈɛprˌaːdios	0.3
Webs 2.0	vɛps tsvaɪ nʊl	0.35
Webserver	wˈɛpsˌœːɾvɜ	0.5
Webservern	wˈɛpsˌœːɾvɜn	0.56
Webservers	wˈɛpsˌœːɾvɜs	0.56
Webservice	vˈɛpsˌœːɾvɪs	0.56
Webservices	vˈɛpsˌœːɾvɪsɪs	0.55
Webshop	vˈɛpʃˌɔp	0.33
Webshops	vˈɛpʃˌɔps	0.29
Website	vˈɛpsˌaɪt	0.29
Websites	vˈɛpsaɪts	0.62
Webwares	wˈɛbwˌɛːɾs	0.5
Wedges	vˈɛdʒɪs	0.33
Wedgwood	vˈɛtʃvʊt	0.43
Wedgwoods	vˈɛtʃvʊts	0.38
Weed	wiːd	1.0
Weekend	vˈiːkˌɛnt	0.33
Wegbereiter	vˈeːkbərˌaɪtɜ	0.3
Wegbereiterinnen	vˈeːkbərˌaɪtərɪnən	0.27
Wegbereitern	vˈeːkbərˌaɪtɜn	0.27
Wegbereiters	vˈeːkbərˌaɪtɜs	0.27
Wegbier	vˈeːkbˌiːɾ	0.33
Wegbiere	vˈeːkbˌiːrə	0.29
Wegbiers	vˈeːkbˌiːɾs	0.29
Wegerichs	vˈeːɡərˌɪçs	0.38
Weggefährte	vˈeːkɡəfˌɛːɾtə	0.3
Weggefährten	vˈeːkɡəfˌɛːɾtən	0.27
Weggefährtin	vˈeːkɡəfˌɛːɾtɪn	0.27
Weggeld	vˈeːkɡˌɛlt	0.29
Wegle	vˈeːklə	0.4
Weglein	vˈeːklaɪn	0.29
Wegles	vˈeːkləs	0.33
Wegmacher	vˈeːkmˌaxɜ	0.29
Wegrand	vˈeːkrˌant	0.29
Wegwerfbehälter	vˈɛkvɛɾfbəhˌɛltɜ	0.29
Wegwerfbehältern	vˈɛkvɛɾfbəhˌɛltɜn	0.27
Wegwerfbehälters	vˈɛkvɛɾfbəhˌɛltɜs	0.27
Wegwerffeuerzeug	vˈɛkvɛɾffˌɔɪɜtsɔɪk	0.31
Wegwerffeuerzeuge	vˈɛkvɛɾffˌɔɪɜtsɔɪɡə	0.29
Wegwerffeuerzeugen	vˈɛkvɛɾffˌɔɪɜtsɔɪɡən	0.28
Wegwerffeuerzeuges	vˈɛkvɛɾffˌɔɪɜtsɔɪɡəs	0.28
Wegwerffeuerzeugs	vˈɛkvɛɾffˌɔɪɜtsɔɪks	0.29
Wegwerfhandys	vˈɛkvɛɾfhˌɛndis	0.31
Wehrmachtsangehörige	vˈeːɾmaxtsˌanɡəhøːrɪɡə	0.28
Wehrmachtsangehörigem	vˈeːɾmaxtsˌanɡəhøːrɪɡəm	0.26
Wehrmachtsangehörigen	vˈeːɾmaxtsˌanɡəhøːrɪɡən	0.26
Wehrmachtsangehöriger	vˈeːɾmaxtsˌanɡəhøːrɪɡɜ	0.28
Wehrressort	vˈeːɾrɛsˌoːɾ	0.38
Wehrressorts	vˈeːɾrɛsˌoːɾs	0.33
Weichspüler	vˈaɪçʃpˌyːlɜ	0.3
Weichspülern	vˈaɪçʃpˌyːlɜn	0.27
Weichspülers	vˈaɪçʃpˌyːlɜs	0.27
Weidenröschen	vˈaɪdənrˌøːsçən	0.31
Weidenröschens	vˈaɪdənrˌøːsçəns	0.29
Weidevieh	vˈaɪdəfˌiː	0.29
Weigelien	vaɪɡˈeːliən	0.3
Weihegebet	vˈaɪəɡəbˌeːt	0.3
Weihegebete	vˈaɪəɡəbˌeːtə	0.27
Weihegebets	vˈaɪəɡəbˌeːts	0.27
Weihegewalt	vˈaɪəɡəvˌalt	0.27
Weihnachtsangebot	vˈaɪnaxtsanɡəbˌoːt	0.33
Weihnachtsangebote	vˈaɪnaxtsanɡəbˌoːtə	0.31
Weihnachtsangeboten	vˈaɪnaxtsanɡəbˌoːtən	0.29
Weihnachtsangebotes	vˈaɪnaxtsanɡəbˌoːtəs	0.29
Weihnachtsangebots	vˈaɪnaxtsanɡəbˌoːts	0.31
Weingelee	vˈaɪnʒelˌeː	0.38
Weingelees	vˈaɪnʒelˌeːs	0.33
Weingeschmack	vˈaɪnɡəʃmˌak	0.3
Weingeschmacks	vˈaɪnɡəʃmˌaks	0.27
Weingott	vˈaɪnɡˌɔt	0.29
Weingummis	vˈaɪnɡˌʊmis	0.33
Weingut	vˈaɪnɡˌuːt	0.29
Weinrestaurant	vˈaɪnrɛstorˌɑ̃ː	0.29
Weinrestaurants	vˈaɪnrɛstorˌɑ̃ːs	0.27
Weinräuschen	vˈaɪnrˌɔɪʃən	0.33
Weiße Anischampignon	vˌaɪsə anˈiːsʃˌampɪnjɔ̃	0.28
Weiße Anischampignons	vˌaɪsə anˈiːsʃˌampɪnjɔ̃s	0.26
Weißem Anischampignon	vˌaɪsəm anˈiːsʃˌampɪnjɔ̃	0.26
Weißen Anischampignon	vˌaɪsən anˈiːsʃˌampɪnjɔ̃	0.26
Weißer Anischampignon	vˌaɪsɜ anˈiːsʃˌampɪnjɔ̃	0.28
Weißer Anischampignons	vˌaɪsɜ anˈiːsʃˌampɪnjɔ̃s	0.26
Weißstorches	vˈaɪsʃtˌɔɾçəs	0.33
Weißstorchs	vˈaɪsʃtˌɔɾçs	0.27
Welis	vˈɛlis	0.4
Wellness	vˈɛlnɛs	0.33
Weltcup	vˈɛltkap	0.29
Weltcupführende	vˈɛltkapfˌyːrəndə	0.5
Weltcupführendem	vˈɛltkapfˌyːrəndəm	0.38
Weltcupführenden	vˈɛltkapfˌyːrəndən	0.38
Weltcupführender	vˈɛltkapfˌyːrəndɜ	0.47
Weltcuppiste	vˈɛltkappˌɪstə	0.42
Weltcuppisten	vˈɛltkappˌɪstən	0.31
Weltcuppunkt	vˈɛltkappˌʊŋkt	0.33
Weltcuppunkte	vˈɛltkappˌʊŋktə	0.38
Weltcuppunkten	vˈɛltkappˌʊŋktən	0.29
Weltcuppunktes	vˈɛltkappˌʊŋktəs	0.36
Weltcuppunkts	vˈɛltkappˌʊŋkts	0.31
Weltcuprennens	vˈɛltkaprˌɛnəns	0.31
Weltcupsieger	vˈɛltkapzˌiːɡɜ	0.5
Weltcupsiegerin	vˈɛltkapzˌiːɡərɪn	0.43
Weltcupsiegerinnen	vˈɛltkapzˌiːɡərɪnən	0.38
Weltcupsiegern	vˈɛltkapzˌiːɡɜn	0.38
Weltcupsiegers	vˈɛltkapzˌiːɡɜs	0.54
Weltcupturnier	vˈɛltkaptʊɾnˌiːɾ	0.38
Weltcupturniere	vˈɛltkaptʊɾnˌiːrə	0.36
Weltcupturnieren	vˈɛltkaptʊɾnˌiːrən	0.33
Weltcupturnieres	vˈɛltkaptʊɾnˌiːrəs	0.4
Weltcupturniers	vˈɛltkaptʊɾnˌiːɾs	0.36
Wendigo	wˈɛndiɡo	0.29
Werbebranche	vˈɛɾbəbrˌɑ̃ːʃə	0.33
Werbebranchen	vˈɛɾbəbrˌɑ̃ːʃən	0.31
Werbeheinis	vˈɛɾbəhˌaɪnis	0.27
Werbejingle	vˈɛɾbədʒˌɪŋəl	0.45
Werbejingles	vˈɛɾbədʒˌɪŋəls	0.42
Wermuttee	vˈeːɾmuːttˌeː	0.38
Wermuttees	vˈeːɾmuːttˌeːs	0.33
Wertekanon	vˈeːɾtəkˌaːnɔn	0.3
Wertekanons	vˈeːɾtəkˌaːnɔns	0.27
Wespennest	vˈɛspənnˌɛst	0.3
Wespennests	vˈɛspənnˌɛsts	0.27
West Virginia	wˌɛst vədʒˈɪniə	0.5
West-Coast-Jazz	wˈɛstkɔʊstdʒˌɛːs	0.46
Westonelement	wˈɛstəneləmˌɛnt	0.31
Westonelemente	wˈɛstəneləmˌɛntə	0.29
Westonelementen	wˈɛstəneləmˌɛntən	0.27
Westonelementes	wˈɛstəneləmˌɛntəs	0.27
Westonelements	wˈɛstəneləmˌɛnts	0.29
Westware	vˈɛstvˌaːrə	0.5
Wetterchaos	vˈɛtɜkˌaːɔs	0.33
Whataboutism	wɔtəbaʊtˈɪzəm	0.58
Whataboutisms	wɔtəbaʊtˈɪzəms	0.54
Whatsapp	vˈɔtsɛp	0.5
Whatsapps	vˈɔtsɛps	0.43
Wheelie	wˈiːli	0.5
Wheelies	wˈiːlis	0.4
Whig	vɪk	0.33
Whip	vɪp	0.33
Whirlpool	vˈœːɾlpˌuːl	0.29
Whirlpools	vˈœːɾlpˌuːls	0.38
Whiskey	vˈɪski	0.33
Whiskey Sour	wɪskisˈaʊɜ	0.56
Whiskey Sours	wɪskisˈaʊɜs	0.5
Whiskeyaroma	wˈɪskiarˌoːma	0.27
Whiskeyfahne	wˈɪskifˌaːnə	0.3
Whiskeyfahnen	wˈɪskifˌaːnən	0.27
Whiskeyglas	wˈɪskiɡlˌaːs	0.3
Whiskeygläser	wˈɪskiɡlˌɛːzɜ	0.27
Whiskeys	vˈɪskis	0.29
Whiskeyverkäufer	wˈɪskifɛɾkˌɔɪfɜ	0.38
Whiskeyverkäufern	wˈɪskifɛɾkˌɔɪfɜn	0.36
Whiskeyverkäufers	wˈɪskifɛɾkˌɔɪfɜs	0.36
Whistleblower	wˈɪsəlblˌɔʊɜ	0.45
Whistleblowerin	wˈɪsəlblˌɔʊərɪn	0.38
Whistleblowerinnen	wˈɪsəlblˌɔʊərɪnən	0.38
Whistleblowern	wˈɪsəlblˌɔʊɜn	0.42
Whistleblowers	wˈɪsəlblˌɔʊɜs	0.42
Whistler	wˈɪslɜ	0.33
Whistlern	wˈɪslɜn	0.29
Whistlers	wˈɪslɜs	0.29
White Trash	waɪttɹˈɛːʃ	0.75
Whitehall	wˈaɪthɔːl	0.71
Whitehalls	wˈaɪthɔːls	0.62
Wick	wɪk	0.33
Wicket	wˈɪkɪt	0.4
Wicket-Keeper	wˈɪkɪtkˌiːpɜ	0.33
Wicket-Keepern	wˈɪkɪtkˌiːpɜn	0.3
Wicket-Keepers	wˈɪkɪtkˌiːpɜs	0.3
Wickets	wˈɪkɪts	0.33
Wickramasinghe	vˈikrəməsˌiŋhə	0.5
Wickramasinghes	vˈikrəməsˌiŋhəs	0.46
Widget	wˈɪdʒɪt	0.5
Widgets	wˈɪdʒɪts	0.43
Wiesenchampignon	vˈiːzənʃˌɑ̃ːpɪnjɔ̃	0.47
Wiesenchampignons	vˈiːzənʃˌɑ̃ːpɪnjɔ̃s	0.44
Wiesn	vˈiːzən	0.4
WikiLeaks	vɪkilˈiːks	0.33
WikiLeaks’	vɪkilˈiːks	0.33
Wikibook	vˌɪkibˈʊk	0.29
Wikinews	vˌɪkinjˈuːz	0.3
Wikipedien	vˌɪkipˈeːdiən	0.27
Wikiquote	vˌɪkikwˈoʊt	0.44
Wikiversity	vɪkivˈɜːsəti	0.3
Wikivoyage	vˌɪkivˈɔajaːʒ	0.5
Wikivoyages	wˌɪkivˈɔɪɨdʒis	0.67
Wiktionary	vˈɪkʃənˌɛri	0.45
Wiktionarys	vˈɪkʃənˌɛris	0.5
Wilamowice	vilamɔvˈitsə	0.27
Wildbestand	vˈɪltbəʃtˌant	0.27
Wildgehege	vˈɪltɡəhˌeːɡə	0.3
Wildgehegen	vˈɪltɡəhˌeːɡən	0.27
Wildgeheges	vˈɪltɡəhˌeːɡəs	0.27
Wildwest-Show	waɪltwˈɛstʃˌɔʊ	0.5
Wildwest-Shows	waɪltwˈɛstʃˌɔʊs	0.54
Willensanstrengung	vˈɪlənsˌanʃtrɛŋʊŋ	0.31
Willensanstrengungen	vˈɪlənsˌanʃtrɛŋʊŋən	0.28
William	vˈɪljam	0.38
Willich	vˈɪlɪç	0.29
Willichs	vˈɪlɪçs	0.29
Willkommensparty	vɪlkˈɔmənspˌaːɾti	0.29
Wilson-Kurve	wˈɪlsənkˌʊɾvə	0.36
Wilson-Kurven	wˈɪlsənkˌʊɾvən	0.33
Wimbledon	wɪmbəldən	0.44
Wimbledons	wɪmbəldəns	0.4
Wimbledonsieger	wˈɪmbəldənzˌiːɡɜ	0.31
Wimbledonsiegerin	wˈɪmbəldənzˌiːɡərɪn	0.27
Wimbledonsiegerinnen	wˈɪmbəldənzˌiːɡərɪnən	0.28
Wimbledonsiegern	wˈɪmbəldənzˌiːɡɜn	0.29
Wimbledonsiegers	wˈɪmbəldənzˌiːɡɜs	0.29
Winchester	vˈɪntʃɛstɜ	0.33
Winchesters	vˈɪntʃɛstɜs	0.3
Windbluse	vˈɪntblˌuːzə	0.33
Windblusen	vˈɪntblˌuːzən	0.3
Windelservices	vˈɪndəlzˌøːɾvɪsɪs	0.29
Windenergie	vˈɪntenɛɾɡˌiː	0.3
Windgeheul	vˈɪntɡəhˌɔɪl	0.4
Windgeheuls	vˈɪntɡəhˌɔɪls	0.36
Windows	vˈɪndoːs	0.57
Windröschen	vˈɪntrˌøːsçən	0.45
Windröschens	vˈɪntrˌøːsçəns	0.42
Windsurfen	vˈɪntsˌœːɾfən	0.3
Windsurfens	vˈɪntsˌœːɾfəns	0.27
Windsurfer	vˈɪntsˌœːɾfɜ	0.33
Windsurferin	vˈɪntsˌœːɾfərɪn	0.27
Windsurferinnen	vˈɪntsˌœːɾfərɪnən	0.29
Windsurfern	vˈɪntsˌœːɾfɜn	0.3
Windsurfers	vˈɪntsˌœːɾfɜs	0.3
Windsurfing	vˈɪntsˌœːɾfɪŋ	0.3
Windsurfings	vˈɪntsˌœːɾfɪŋs	0.27
Winehouse	wˈaɪnhˌaʊs	0.88
Winehouses	wˈaɪnhˌaʊzəs	0.6
Wingsuit	wˈɪŋsjuːt	0.57
Wingsuits	wˈɪŋsjuːts	0.5
Winterchaos	vˈɪntɜkˌaːɔs	0.3
Wintersaison	vˈɪntɜzɛzˌɔ̃ː	0.36
Wintersaisonen	vˈɪntɜzɛzˌɔ̃ːnən	0.31
Wintersaisons	vˈɪntɜzɛzˌɔ̃ːs	0.33
Wiosna	viˈɔsna	0.43
Wiosnas	viˈɔsnas	0.38
Wisconsin	wɪskˈɔnsɪn	0.33
Witib	vˈɪtɪp	0.4
Witibe	vˈɪtɪbə	0.33
Witiben	vˈɪtɪbən	0.29
Witterungsverb	vˈɪtərʊŋsvˌɛɾp	0.27
Wohngebiet	vˈoːnɡəbˌiːt	0.38
Wohngebiete	vˈoːnɡəbˌiːtə	0.33
Wohngebieten	vˈoːnɡəbˌiːtən	0.3
Wohngebietes	vˈoːnɡəbˌiːtəs	0.3
Wohngebiets	vˈoːnɡəbˌiːts	0.33
Wohngebäude	vˈoːnɡəbˌɔɪdə	0.4
Wohngebäuden	vˈoːnɡəbˌɔɪdən	0.36
Wohngebäudes	vˈoːnɡəbˌɔɪdəs	0.36
Wohngeld	vˈoːnɡˌɛlt	0.29
Wohngeldempfänger	vˈoːnɡɛltɛmpfˌɛŋɜ	0.29
Wohngeldempfängerinnen	vˈoːnɡɛltɛmpfˌɛŋərɪnən	0.28
Wohngeldempfängern	vˈoːnɡɛltɛmpfˌɛŋɜn	0.27
Wohngeldempfängers	vˈoːnɡɛltɛmpfˌɛŋɜs	0.27
Wohnzimmercouch	vˈoːntsɪmɜkˌaʊtʃ	0.31
Wohnzimmercouchen	vˈoːntsɪmɜkˌaʊtʃən	0.27
Wohnzimmercouchs	vˈoːntsɪmɜkˌaʊtʃs	0.29
Woilach	vˈɔɪlˌax	0.33
Woilache	vˈɔɪlaxə	0.29
Woilachs	vˈɔɪlaxs	0.29
Woiwod	vɔɪvˈoːt	0.33
Woiwode	vɔɪvˈoːdə	0.29
Woiwodschaft	vɔɪvˈoːtʃaft	0.3
Wokeismus	wɔʊkˈɪsmʊs	0.44
Wokeness	wˈɔʊknɛs	0.57
Wokismus	wɔʊkˈɪsmʊs	0.33
Wolfsgeheul	vˈɔlfsɡəhˌɔɪl	0.27
Wolhynien	volˈyːniən	0.4
Wolhyniens	volˈyːniəns	0.36
Wollware	vˈɔlvˌaːrə	0.86
Womanizer	wˈʊmənaɪzɜ	0.67
Womanizern	wˈʊmənaɪzɜn	0.6
Womanizers	wˈʊmənaɪzɜs	0.6
Wood	vʊt	0.33
Woofer	wˈʊfɜ	0.5
Woofern	wˈʊfɜn	0.4
Woofers	wˈʊfɜs	0.4
Worcester	wˈʊstɜ	0.62
Worcesters	wˈʊstɜs	0.56
Worcestersauce	vˈʊstɜzˌoːsə	0.54
Worcestersaucen	vˈʊstɜzˌoːsən	0.5
Worcestersoße	vˈʊstɜzˌoːsə	0.33
Worcestersoßen	vˈʊstɜzˌoːsən	0.31
Work-Life-Balance	vœːɾklaɪfbˈɛləns	0.57
Work-out	vˈœːɾkˌaʊt	0.29
Workaholic	vœːɾkəhˈɔlɪk	0.3
Workaholics	vœːɾkəhˈɔlɪks	0.27
Workaround	vˈœːɾkərˌaʊnt	0.44
Workarounds	vˈœːɾkərˌaʊnts	0.5
Workflow	vˈœːɾkflˌɔʊ	0.38
Workflows	vˈœːɾkflˌɔʊs	0.44
Workout	vˈœːɾkˌaʊt	0.29
Workshop	vˈœːɾkʃɔp	0.29
Workstation	vˈœːɾkstɛɪʃən	0.27
Workstations	vˈœːɾkstɛɪʃəns	0.33
World Wide Web	vˈøːɾlt vˈaɪt vˈɛp	0.42
World Wide Webs	vˈøːɾlt vˈaɪt vˈɛps	0.38
Woronesch	varˈɔnɪʃ	0.43
Woroneschs	varˈɔnɪʃs	0.38
Wortungeheuer	vˈɔɾtʊnɡəhˌɔɪɜ	0.42
Wortungeheuern	vˈɔɾtʊnɡəhˌɔɪɜn	0.38
Wortungeheuers	vˈɔɾtʊnɡəhˌɔɪɜs	0.38
Wortungetüm	vˈɔɾtʊnɡətˌyːm	0.27
Wrap	rɛp	0.5
Wraps	rɛps	0.4
Wrestler	rˈɛslɜ	0.29
Wucherern	vˈuːxərɜn	0.29
Wuchs	vuːks	0.5
Wuchses	vˈuːksəs	0.5
Wuest	vyːst	0.4
Wuests	vyːsts	0.33
Wuhan	uuxan	0.4
Wuhans	uuxans	0.33
Wuischke	vˈʊiʃkə	0.33
Wuischkes	vˈʊiʃɡəs	0.43
Wukovits	vˈʊkovɪtʃ	0.38
Wukovits’	vˈʊkovɪtʃs	0.33
Wundsekret	vˈʊntzekrˌeːt	0.3
Wundsekrete	vˈʊntzekrˌeːtə	0.27
Wundsekrets	vˈʊntzekrˌeːts	0.27
Wurstsandwich	vˈʊɾstsˌɛntvɪtʃ	0.38
Wurstsandwiche	vˈʊɾstsˌɛntvɪtʃə	0.36
Wurstsandwichen	vˈʊɾstsˌɛntvɪtʃən	0.33
Wurstsandwiches	vˈʊɾstsˌɛntvɪtʃəs	0.33
Wurstsandwichs	vˈʊɾstsˌɛntvɪtʃs	0.36
Wurstware	vˈʊɾstvˌaːrə	0.56
Wurzelverb	vˈʊɾtsəlvˌɛɾp	0.27
Wyandot	vˈaɪəndɔt	0.5
Wyandots	vˈaɪəndɔts	0.44
Wyandotte	vˈaɪəndɔt	0.5
Wyandotten	vˈaɪəndɔtən	0.3
Wyoming	vaɪˈoːmɪŋ	0.29
Würgegeräusch	vˈʏɾɡəɡərˌɔɪʃ	0.27
Würgegeräuschen	vˈʏɾɡəɡərˌɔɪʃən	0.4
Würgengel	vˈʏɾkˌɛŋəl	0.33
Würgengeln	vˈʏɾkˌɛŋəln	0.3
Würgengels	vˈʏɾkˌɛŋəls	0.3
Würzsauce	vˈʏɾtszˌoːsə	0.3
Würzsaucen	vˈʏɾtszˌoːsən	0.27
Wüterichs	vˈyːtərɪçs	0.38
Xai-Xai	ʃˈaɪʃˈaɪ	0.5
Xenion	ksˈeːniɔn	0.29
Xenoplastiken	ksˈeːnoplˌastɪkŋ̩	0.29
Xeres	çˈeːrɛs	0.5
Xhosa	kˈoːza	0.43
Xhosas	kˈoːzas	0.38
Xiangqi	çiaŋɡtʃˈiː	0.56
Xiangqis	çiaŋɡtʃˈiːs	0.6
Xochil	sˈɔtʃɪl	0.67
Xuzhou	çydʒˈɔʊ	1.0
Xuzhous	çydʒˈɔʊs	0.88
Xylon	ksˈaɪlɔn	0.43
YMCA	wˌaɪɛmsiːɛɪ	0.89
Yakuza	jakˈuːza	0.29
Yale-Abschluss	jˈɛɪlapʃlˌʊs	0.3
Yale-Abschlüsse	jˈɛɪlapʃlˌʏsə	0.27
Yangon	jaŋɡˈɔn	0.33
Yangons	jaŋɡˈɔns	0.29
Yankee	jˈɛŋki	0.6
Yankee Doodle	jˈɛŋkidˌuːdəl	0.6
Yankee Doodles	jˈɛŋkidˌuːdəls	0.55
Yankees	jˈɛŋkis	0.5
Yawl	jɔːl	0.5
Yawle	jˈɔːlə	0.4
Yawlen	jˈɔːlən	0.33
Yawls	jɔːls	0.4
Ybbs	ɪps	0.33
Ybbsitz	ˈɪpzɪts	0.43
Ybbsitz’	ˈɪpzɪts	0.43
Ybbs’	ɪps	0.33
Yeast	jiːst	0.4
Yeasts	jiːsts	0.33
Yellowcake	jˈɛlɔʊkˌɛɪk	0.44
Yellowstone River	jˈɛləʊstəʊn	0.62
Yezide	jezˈiːdə	0.29
Yobibyte	jˈoːbibˌaɪt	0.38
Yogastudio	jˈoːɡaʃtˌuːdio	0.27
Yorkshireterrier	jˈɔːkʃətˌɛriɜ	0.5
Yorkshireterriern	jˈɔːkʃətˌɛriɜn	0.47
Yorkshireterriers	jˈɔːkʃətˌɛriɜs	0.47
Yottabyte	jˈɔtabˌaɪt	0.38
Yottabytes	jˈɔtabˌaɪts	0.33
Yottajoule	jˈɔtadʒˌuːl	0.38
YouTube-Kanal	jˈuːtjuːpkanˌaːl	0.27
Youngstown	jˈaŋstˌaʊn	0.38
Youngstowns	jˈaŋstˌaʊns	0.33
Ysop	ˈiːzɔp	0.5
Ysope	ˈiːzɔpə	0.4
Ysopen	ˈiːzɔpən	0.33
Ysops	ˈiːzɔps	0.4
Ystads	ˈʏstɜs	0.33
Yttererde	ˈʏtɜˌeːɾdə	0.29
Yunnan	iʏnnan	0.5
Yunnans	ˈiʏnnans	0.43
Yvette	ivˈɛt	0.4
Yvettes	ivˈɛts	0.33
Yvonne	ivˈɔn	0.4
ZOBs	tsɛtoːbeːs	0.5
Zagreb	zˈaːɡrɛp	0.43
Zagrebs	zˈaːɡrɛps	0.38
Zahnklempner	zˈaːnklˌɛmpnɜ	0.27
Zahnprothese	tsˈaːnprotˌeːzə	0.27
Zaire	zaˈiːrə	0.6
Zairer	zaˈiːrɜ	0.6
Zairerin	zaˈiːrərɪn	0.38
Zairerinnen	zaˈiːrərɪnən	0.36
Zairern	zaˈiːrɜn	0.43
Zairers	zaˈiːrɜs	0.43
Zaires	zaˈiːrəs	0.5
Zakat	zakˈaːt	0.33
Zakopane	zakɔpˈaːnə	0.33
Zakopanes	zakɔpˈaːnəs	0.3
Zanshin	zˈanʃɪn	0.5
Zapper	zˈapɜ	0.4
Zapperin	zˈapərɪn	0.29
Zapperinnen	zˈapərɪnən	0.3
Zappern	zˈapɜn	0.33
Zappers	zˈapɜs	0.33
Zarzuela	saɾsˈʊeːla	0.3
Zarzuelas	saɾsˈʊeːlas	0.36
Zdenka	sdˈɛŋka	0.33
Zdenkas	sdˈɛŋkas	0.29
Zdenko	sdˈɛŋko	0.33
Zebibyte	tsˈeːbibˌaɪt	0.33
Zebibytes	tsˈeːbibˌaɪts	0.3
Zebraherde	tsˈeːbrahˌeːɾdə	0.27
Zeitmanagement	tsˈaɪtmˌɛnɪtʃmənt	0.33
Zeitmanagements	tsˈaɪtmˌɛnɪtʃmənts	0.31
Zeitungsannonce	tsˈaɪtʊŋsanˌɔ̃ːsə	0.36
Zeitungsannoncen	tsˈaɪtʊŋsanˌɔ̃ːsən	0.31
Zeitungsausschnitt	tsˈaɪtʊŋsˌaʊsʃnɪt	0.29
Zeitungsausschnitte	tsˈaɪtʊŋsˌaʊsʃnɪtə	0.28
Zeitungsausschnitten	tsˈaɪtʊŋsˌaʊsʃnɪtən	0.26
Zeitungsausschnittes	tsˈaɪtʊŋsˌaʊsʃnɪtəs	0.26
Zeitungsausschnitts	tsˈaɪtʊŋsˌaʊsʃnɪts	0.28
Zeitungsbranche	tsˈaɪtʊŋsbrˌɑ̃ːʃə	0.31
Zeitungsbranchen	tsˈaɪtʊŋsbrˌɑ̃ːʃən	0.29
Zeitungsinterview	tsˈaɪtʊŋsˌɪntɜvjuː	0.35
Zeitungsinterviews	tsˈaɪtʊŋsˌɪntɜvjuːs	0.33
Zeitungskiosk	tsˈaɪtʊŋskˌiːɔsk	0.33
Zeitungskioske	tsˈaɪtʊŋskˌiːɔskə	0.31
Zeitungskiosken	tsˈaɪtʊŋskˌiːɔskən	0.29
Zeitungskioskes	tsˈaɪtʊŋskˌiːɔskəs	0.29
Zeitungskiosks	tsˈaɪtʊŋskˌiːɔsks	0.31
Zeitungsrand	zˈaɪtʊŋsrˌant	0.31
Zeitungsrande	zˈaɪtʊŋsrˌandə	0.29
Zeitungsrandes	zˈaɪtʊŋsrˌandəs	0.27
Zeitungsrands	zˈaɪtʊŋsrˌants	0.29
Zeitungsränder	zˈaɪtʊŋsrˌɛndɜ	0.29
Zeitungsrändern	zˈaɪtʊŋsrˌɛndɜn	0.27
Zeitungsviertel	tsˈaɪtʊŋsfˌɪɾtəl	0.27
Zenana	zenˈaːna	0.29
Zengarten	zˈɛnɡˌaɾtən	0.44
Zengartens	zˈɛnɡˌaɾtəns	0.4
Zengärten	zˈɛnɡˌɛɾtən	0.44
Zenica	zˈɛnitsa	0.71
Zenicas	zˈɛnitsas	0.62
Zens	zɛns	0.6
Zensurbehörde	tsɛnzˈuːɾbəhˌøːɾdə	0.29
Zensurbehörden	tsɛnzˈuːɾbəhˌøːɾdən	0.27
Zerealien	tsˌereˈaːliən	0.27
Zero	zˈiːɹɔʊ	1.0
Zerobond	zˈeːrobˌɔnt	0.33
Zerobonds	zˈeːrobˌɔnts	0.3
Zeros	zˈiːɹɔʊs	0.83
Zerumens	tserˈuːməns	0.33
Zettabyte	tsˈɛtabˌaɪt	0.33
Zettabytes	tsˈɛtabˌaɪts	0.3
Zeugnisausgabe	tsˈɔɪknɪsˌaʊsɡaːbə	0.27
Zeugnisübergabe	tsˈɔɪknɪsˌyːbɜɡaːbə	0.27
Zhuang	dʒuˈaŋ	0.62
Zhuangs	dʒuˈaŋs	0.56
Ziegelsteingebäude	tsˈiːɡəlʃtaɪnɡəbˌɔɪdə	0.33
Ziegelsteingebäuden	tsˈiːɡəlʃtaɪnɡəbˌɔɪdən	0.32
Ziegelsteingebäudes	tsˈiːɡəlʃtaɪnɡəbˌɔɪdəs	0.32
Zigarrenetuis	tsiɡˈarənɛtvˌiːs	0.31
Zigeunersauce	tsiɡˈɔɪnɜzˌoːsə	0.31
Zigeunersaucen	tsiɡˈɔɪnɜzˌoːsən	0.29
Zimbabwe	zɪmbˈapvə	0.33
Zimbabwes	zɪmbˈapvəs	0.3
Zimmerservice	tsˈɪmɜsˌøːɾvɪs	0.27
Zimmerservices	tsˈɪmɜsˌøːɾvɪsəs	0.31
Zimtbonbon	tsˈɪmtbɔŋbˌɔŋ	0.27
Zion	tsˈiːɔn	0.5
Zions	tsˈiːɔns	0.43
Zionsberg	tsˈiːɔnsbˌɛɾk	0.27
Zionstor	tsˈiːɔnstˌoːɾ	0.3
Zionstors	tsˈiːɔnstˌoːɾs	0.27
Zisternenbromelien	tsɪstˈɛɾnənbromˌeːliən	0.26
Zisterzienser	tsɪstɛɾtsˈiɛnzɜ	0.36
Zitrange	tsitrˈɑ̃ːʒə	0.33
Zitrangen	tsitrˈɑ̃ːʒən	0.3
Zitronenbonbon	tsitrˈoːnənbɔŋbˌɔŋ	0.27
Zivildiener	tsivˈiːldˌiːnɜ	0.33
Zivilstandsamt	tsivˈiːlʃtantsˌamt	0.27
Zlotys	zlˈɔtis	0.67
Znünitaschen	tsnˈyːnɪtˌaʃə	0.31
Znünitäschli	tsnˈyːnɪtˌɛʃːlɪ	0.38
Znünitäschlis	tsnˈyːnɪtˌɛʃlɪs	0.29
Zoes	tsˈoːəs	0.4
Zongo	zˈɔŋɡo	0.33
Zongos	zˈɔŋɡos	0.29
Zoolith	tsoolˈiːt	0.29
Zschopau	tʃˈoːpaʊ	0.33
Zschopaus	tʃˈoːpaʊs	0.3
Zschäpe	tʃˈɛːpə	0.38
Zschäpes	tʃˈɛːpəs	0.33
Zsifkovits	ʒˈɪfkovɪtʃ	0.54
Zsifkovits’	ʒˈɪfkovɪtʃs	0.54
Zucchini	tsʊkˈiːni	0.33
Zucchinis	tsʊkˈiːnis	0.4
Zuchowski	tsʊxˈɔfski	0.33
Zuchowskis	tsʊxˈɔfskis	0.4
Zuchtbuch	tsˈʊxtbˌuːx	0.44
Zuchtbuche	tsˈʊxtbˌuːxə	0.4
Zuchtbuches	tsˈʊxtbˌuːxəs	0.36
Zuchtbuchs	tsˈʊxtbˌuːxs	0.4
Zuchtbulle	tsˈʊxtbˌʊlə	0.3
Zuchtbullen	tsˈʊxtbˌʊlən	0.27
Zuchtbücher	tsˈʊxtbˌyːçɜ	0.27
Zuchtchampignon	tsˈʊxtʃˌɑ̃ːpɪnjõ	0.47
Zuchtchampignons	tsˈʊxtʃˌɑ̃ːpɪnjõs	0.44
Zuchtergebnis	tsˈʊxtɛɾɡˌeːpnɪs	0.36
Zuchtergebnisse	tsˈʊxtɛɾɡˌeːpnɪsə	0.33
Zuchtergebnissen	tsˈʊxtɛɾɡˌeːpnɪsən	0.31
Zuchtergebnisses	tsˈʊxtɛɾɡˌeːpnɪsəs	0.31
Zuchtfisch	tsˈʊxtfˌɪʃ	0.33
Zuchtfische	tsˈʊxtfˌɪʃə	0.3
Zuchtfischen	tsˈʊxtfˌɪʃən	0.27
Zuchtfisches	tsˈʊxtfˌɪʃəs	0.27
Zuchtfischs	tsˈʊxtfˌɪʃs	0.3
Zuchthaus	tsˈʊxthaʊs	0.44
Zuchthause	tsˈʊxthaʊzə	0.4
Zuchthauses	tsˈʊxthaʊzəs	0.36
Zuchthausstrafe	tsˈʊxthaʊsʃtrˌaːfə	0.27
Zuchthengst	tsˈʊxthˌɛŋst	0.4
Zuchthengste	tsˈʊxthˌɛŋstə	0.36
Zuchthengsten	tsˈʊxthˌɛŋstən	0.33
Zuchthengstes	tsˈʊxthˌɛŋstəs	0.33
Zuchthengsts	tsˈʊxthˌɛŋsts	0.36
Zuchthäuser	tsˈʊxthɔɪzɜ	0.5
Zuchthäusern	tsˈʊxthɔɪzɜn	0.45
Zuchthäusler	tsˈʊxthˌɔɪslɜ	0.45
Zuchthäuslerin	tsˈʊxthˌɔɪslərɪn	0.38
Zuchthäuslerinnen	tsˈʊxthˌɔɪslərɪnən	0.38
Zuchthäuslern	tsˈʊxthˌɔɪslɜn	0.42
Zuchthäuslers	tsˈʊxthˌɔɪslɜs	0.42
Zuchtlachs	tsˈʊxtlˌaks	0.4
Zuchtlachse	tsˈʊxtlˌaksə	0.45
Zuchtlachsen	tsˈʊxtlˌaksən	0.42
Zuchtlachses	tsˈʊxtlˌaksəs	0.42
Zuchtperle	tsˈʊxtpˌɛɾlə	0.27
Zuchtplan	tsˈʊxtplˌaːn	0.3
Zuchtplane	tsˈʊxtplˌaːnə	0.27
Zuchtplans	tsˈʊxtplˌaːns	0.27
Zuchtpläne	tsˈʊxtplˌɛːnə	0.27
Zuchtprogramm	tsˈʊxtproɡrˌam	0.31
Zuchtprogramme	tsˈʊxtproɡrˌamə	0.29
Zuchtprogrammen	tsˈʊxtproɡrˌamən	0.27
Zuchtprogramms	tsˈʊxtproɡrˌams	0.29
Zuchtschaf	tsˈʊxtʃˌaːf	0.33
Zuchtschafe	tsˈʊxtʃˌaːfə	0.3
Zuchtschafen	tsˈʊxtʃˌaːfən	0.27
Zuchtschafs	tsˈʊxtʃˌaːfs	0.3
Zuchtstier	tsˈʊxtʃtˌiːɾ	0.4
Zuchtstiere	tsˈʊxtʃtˌiːrə	0.36
Zuchtstieren	tsˈʊxtʃtˌiːrən	0.33
Zuchtstieres	tsˈʊxtʃtˌiːrəs	0.33
Zuchtstiers	tsˈʊxtʃtˌiːɾs	0.36
Zuchtstute	tsˈʊxtʃtˌuːtə	0.36
Zuchtstuten	tsˈʊxtʃtˌuːtən	0.33
Zuchttier	tsˈʊxttˌiːɾ	0.38
Zuchttiere	tsˈʊxttˌiːrə	0.33
Zuchttieren	tsˈʊxttˌiːrən	0.3
Zuchttieres	tsˈʊxttˌiːrəs	0.3
Zuchttiers	tsˈʊxttˌiːɾs	0.33
Zuckererbse	tsˈʊkɜˌɛɾpsə	0.3
Zuckererbsen	tsˈʊkɜˌɛɾpsən	0.27
Zugochse	tsˈuːkˌɔksə	0.38
Zugochsen	tsˈuːkˌɔksən	0.33
Zugsunglück	tsˈuːksʊnɡlˌʏk	0.36
Zugsunglücke	tsˈuːksʊnɡlˌʏkə	0.33
Zugsunglücken	tsˈuːksʊnɡlˌʏkən	0.31
Zugsunglückes	tsˈuːksʊnɡlˌʏkəs	0.31
Zugsunglücks	tsˈuːksʊnɡlˌʏks	0.33
Zugunglück	tsˈuːkʊnɡlˌʏk	0.3
Zugunglücke	tsˈuːkʊnɡlˌʏkə	0.27
Zugunglücks	tsˈuːkʊnɡlˌʏks	0.27
Zuhäusl	tsˈuːhˌɔɪzəl	0.33
Zuhäusln	tsˈuːhˌɔɪzəln	0.3
Zuhäusls	tsˈuːhˌɔɪzəls	0.3
Zulpe	tsˈʊlpə	0.33
Zulu	zˈuːlu	0.4
Zulus	zˈuːlus	0.5
Zurek	zˈuːrɛk	0.5
Zureks	zˈuːrɛks	0.43
Zvieris	tsfˈiəris	0.44
Zwischensaison	tsvˈɪʃənzɛzˌɔ̃ː	0.31
Zydeco	zˈaɪdəkˌɔʊ	0.75
Zystein	tsʏsteˈiːn	0.38
Zysteins	tsʏsteˈiːns	0.33
Zögling	tsˈøːklɪŋ	0.29
Zürichsee	tsˈyːrɪçzˌeː	0.33
Zürichsees	tsˈyːrɪçzˌeːs	0.3
a. a. O.	am ˈanɡəɡˌeːbənən ˈɔɾt	0.88
abaissier	abɛsˈiːɾ	0.29
abakteriell	abaktərˈiɛl	0.36
abakterielle	abaktərˈiɛlə	0.33
abakteriellem	abaktərˈiɛləm	0.31
abakteriellen	abaktərˈiɛlən	0.31
abakterieller	abaktərˈiɛlɜ	0.33
abakterielles	abaktərˈiɛləs	0.31
abbeereln	ˈapbˌeːrəln	0.33
abbeerend	ˈapbˌeːrənt	0.33
abbeerende	ˈapbˌeːrəndə	0.3
abbeerendem	ˈapbˌeːrəndəm	0.27
abbeerenden	ˈapbˌeːrəndən	0.27
abbeerender	ˈapbˌeːrəndɜ	0.3
abbeerendes	ˈapbˌeːrəndəs	0.27
abbeerest	ˈapbˌeːrəst	0.33
abbeeret	ˈapbˌeːrət	0.38
abbeert	ˈapbˌeːɾt	0.29
abbeertest	ˈapbˌeːɾtəst	0.3
abbeertet	ˈapbˌeːɾtət	0.33
abbegehre	ˈapbəɡˌeːrə	0.33
abbegehrend	ˈapbəɡˌeːrənt	0.27
abbegehrest	ˈapbəɡˌeːrəst	0.27
abbegehret	ˈapbəɡˌeːrət	0.3
abbegehrtet	ˈapbəɡˌeːɾtət	0.27
abbetet	ˈapbˌeːtət	0.29
abbäum	ˈapbˌɔɪm	0.33
abböschen	ˈapbˌœʃən	0.33
abböschend	ˈapbˌœʃənt	0.3
abböschende	ˈapbˌœʃəndə	0.27
abböschender	ˈapbˌœʃəndɜ	0.27
abchecke	ˈaptʃˌɛkə	0.29
abcheckt	ˈaptʃˌɛkt	0.29
abchoppe	ˈaptʃˌɔpə	0.29
abchoppt	ˈaptʃˌɔpt	0.29
abclich	abetsˈeːlɪç	0.5
abcliche	abetsˈeːlɪçə	0.45
abclichem	abetsˈeːlɪçəm	0.42
abclichen	abetsˈeːlɪçən	0.42
abclicher	abetsˈeːlɪçɜ	0.45
abcliches	abetsˈeːlɪçəs	0.42
abdien	ˈapdˌiːn	0.43
abdiene	ˈapdˌiːnə	0.38
abdienen	ˈapdˌiːnən	0.33
abdienend	ˈapdˌiːnənt	0.3
abdienende	ˈapdˌiːnəndə	0.27
abdienender	ˈapdˌiːnəndɜ	0.27
abdienest	ˈapdˌiːnəst	0.3
abdienet	ˈapdˌiːnət	0.33
abdräschen	ˈapdrˌɛʃən	0.3
abds.	ˈaːbənts	0.5
abebbt	ˈapˌɛpt	0.33
abebbte	ˈapˌɛptə	0.33
abebbten	ˈapˌɛptən	0.29
abecelich	abetsˈeːlɪç	0.3
abeceliche	abetsˈeːlɪçə	0.27
abecelicher	abetsˈeːlɪçɜ	0.27
abergläubisch	ˈaːbɜɡlˌɔɪbɪʃ	0.27
abgeangelt	ˈapɡəˌaŋəlt	0.3
abgeangelte	ˈapɡəˌaŋəltə	0.27
abgeangelter	ˈapɡəˌaŋəltɜ	0.27
abgebeertem	ˈapɡəbˌeːɾtəm	0.27
abgesavt	ˈapɡəsˌɛɪft	0.33
abglich	ˈapɡlˌɪç	0.29
abherbeuteln	ˈɔbɜbˌaidəln	0.67
abhersagen	ˈɔbɜsˌɔːŋ	0.9
abhertun	ˈɔbɜdˌoɾ	0.88
abhin	ˈɔːbe	1.0
abhinrutschen	ˈɔirˌutʃən	0.55
abhinschweiben	ˈɔiʃbˌɔɾm	0.92
abhintun	ˈɔidˌɔɾ	1.0
abhorchest	ˈaphˌɔɾçəst	0.3
abiotisch	abˈioːtɪʃ	0.38
abiotische	abˈioːtɪʃə	0.33
abiotischem	abˈioːtɪʃəm	0.3
abiotischen	abˈioːtɪʃən	0.3
abiotischer	abˈioːtɪʃɜ	0.33
abiotisches	abˈioːtɪʃəs	0.3
ablest	ˈaplˌeːst	0.33
abluchse	ˈaplˌʊksə	0.29
abräum	ˈaprˌɔɪm	0.33
absave	ˈapsˌɛɪvə	0.43
absaven	ˈapsˌɛɪvən	0.38
absavend	ˈapsˌɛɪvənt	0.33
absavest	ˈapsˌɛɪvəst	0.33
absavet	ˈapsˌɛɪvət	0.38
absavst	ˈapsˌɛɪfst	0.38
absavt	ˈapsˌɛɪft	0.43
absavte	ˈapsˌɛɪftə	0.5
absavten	ˈapsˌɛɪftən	0.44
absavtest	ˈapsˌɛɪftəst	0.4
absavtet	ˈapsˌɛɪftət	0.44
abschäum	ˈapʃˌɔɪm	0.33
abulg.	ˈaltbʊlɡˌaːrɪʃ	0.64
abwende	ˈapvˌɛndə	0.29
abwert.	ˈapvˌeːɾtənt	0.44
abzgl.	ˈaptsˌyːklɪç	0.5
abzuangeln	ˈaptsuˌaŋəln	0.27
abzusaven	ˈaptsusˌɛɪvən	0.27
abzäum	ˈaptsˌɔɪm	0.29
accelerando	atʃelerˈando	0.27
achse auf	ˌaksə ˈaʊf	0.29
achse aus	ˌaksə ˈaʊs	0.29
achtgeschoßig	ˈaxtɡəʃˌoːsɪk	0.27
acidoklin	atsidoklˈiːn	0.3
acidokline	atsidoklˈiːnə	0.27
acidokliner	atsidoklˈiːnɜ	0.27
actionreich	ˈɛktʃənrˌaɪç	0.33
actionreiche	ˈɛktʃənrˌaɪçə	0.31
actionreichem	ˈɛktʃənrˌaɪçəm	0.29
actionreichen	ˈɛktʃənrˌaɪçən	0.29
actionreicher	ˈɛktʃənrˌaɪçɜ	0.31
actionreichere	ˈɛktʃənrˌaɪçərə	0.29
actionreicherem	ˈɛktʃənrˌaɪçərəm	0.27
actionreicheren	ˈɛktʃənrˌaɪçərən	0.27
actionreicherer	ˈɛktʃənrˌaɪçərɜ	0.29
actionreicheres	ˈɛktʃənrˌaɪçərəs	0.27
actionreiches	ˈɛktʃənrˌaɪçəs	0.29
actionreichste	ˈɛktʃənrˌaɪçstə	0.43
actionreichstem	ˈɛktʃənrˌaɪçstəm	0.4
actionreichsten	ˈɛktʃənrˌaɪçstən	0.4
actionreichster	ˈɛktʃənrˌaɪçstɜ	0.43
actionreichstes	ˈɛktʃənrˌaɪçstəs	0.4
ad lib.	ˌat lˈibitʊm	0.56
adagio	adˈaːdʒo	0.43
adde	ˈɛdə	0.33
addio	adˈiːo	0.4
adieu	adjˈøː	0.5
adj.	atjɛktˈiːvɪʃ	0.8
adverbiell	ˌatvɛɾbˈiɛl	0.3
adverbielle	ˌatvɛɾbˈiɛlə	0.27
adverbieller	ˌatvɛɾbˈiɛlɜ	0.27
aerob	aerˈoːp	0.4
aerobe	aerˈoːbə	0.33
aerobem	aerˈoːbəm	0.29
aeroben	aerˈoːbən	0.29
aerober	aerˈoːbɜ	0.33
aerobes	aerˈoːbəs	0.29
affichier	afɪʃˈiːɾ	0.29
afries.	ˈaltfrˌiːzɪʃ	0.56
afrs.	ˈaltfrˌiːzɪʃ	0.67
agrochemisch	ˌaːɡroçˈeːmɪʃ	0.3
agrochemische	ˌaːɡroçˈeːmɪʃə	0.27
agrochemischer	ˌaːɡroçˈeːmɪʃɜ	0.27
ahoi	ahˈɔɪ	0.75
aidsverseucht	ˈeːtsfɛɾzˌɔɪçt	0.33
aidsverseuchte	ˈeːtsfɛɾzˌɔɪçtə	0.31
aidsverseuchtem	ˈeːtsfɛɾzˌɔɪçtəm	0.29
aidsverseuchten	ˈeːtsfɛɾzˌɔɪçtən	0.29
aidsverseuchter	ˈeːtsfɛɾzˌɔɪçtɜ	0.31
aidsverseuchtes	ˈeːtsfɛɾzˌɔɪçtəs	0.29
airbrushe	ˈeːɾbrˌaʃə	0.57
airbrushen	ˈeːɾbrˌaʃən	0.38
airbrushend	ˈeːɾbrˌaʃənt	0.56
airbrushest	ˈeːɾbrˌaʃəst	0.44
airbrushet	ˈeːɾbrˌaʃət	0.5
airbrushst	ˈeːɾbrˌaʃst	0.38
airbrusht	ˈeːɾbrˌaʃt	0.43
airbrushte	ˈeːɾbrˌaʃtə	0.5
airbrushten	ˈeːɾbrˌaʃtən	0.33
airbrushtest	ˈeːɾbrˌaʃtəst	0.4
airbrushtet	ˈeːɾbrˌaʃtət	0.44
alecithal	aletsitˈaːl	0.33
alecithale	aletsitˈaːlə	0.3
alecithalem	aletsitˈaːləm	0.27
alecithalen	aletsitˈaːlən	0.27
alecithaler	aletsitˈaːlɜ	0.3
alecithales	aletsitˈaːləs	0.27
alleingestanden	alˈaɪnɡəʃtˌandən	0.29
allererstem	ˈalɜˌeːɾstəm	0.33
allergenem	alɛɾɡˈeːnəm	0.33
althochdeutsch	ˈalthoːxdˌɔɪtʃ	0.27
althochdt.	ˈalthoːxdˌɔɪtʃ	0.55
altis.	ˈaltˌiːslɛndɪʃ	0.64
altisländ.	ˈaltˌiːslɛndɪʃ	0.36
ambig	ambˈiːk	0.5
ameliorier	ameliorˈiːɾ	0.3
amelioriere	ameliorˈiːrə	0.27
amelioriert	ameliorˈiːɾt	0.27
anaerob	ˌanaerˈoːp	0.29
anal.	analˈoːk	0.33
anat.	anatˈoːlɪʃ	0.5
anbetet	ˈanbˌeːtət	0.29
angeangelt	ˈanɡəˌaŋəlt	0.3
angeangelte	ˈanɡəˌaŋəltə	0.27
angeangelter	ˈanɡəˌaŋəltɜ	0.27
angegrient	ˈanɡəɡrˌiːnt	0.27
angeherrscht	ˈanɡəhˌɛɾʃt	0.33
angeherrschte	ˈanɡəhˌɛɾʃtə	0.3
angeherrschten	ˈanɡəhˌɛɾʃtən	0.27
angeherrschter	ˈanɡəhˌɛɾʃtɜ	0.3
angeherrschtes	ˈanɡəhˌɛɾʃtəs	0.27
angel	ˈaŋəl	0.6
angel ab	ˌaŋəl ˈap	0.43
angel an	ˌaŋəl ˈan	0.43
angel weg	ˌaŋəl vˈɛk	0.38
angele	ˈaŋələ	0.5
angele ab	ˌaŋələ ˈap	0.38
angele an	ˌaŋələ ˈan	0.38
angele weg	ˌaŋələ vˈɛk	0.33
angelest	ˈaŋələst	0.38
angelet	ˈaŋələt	0.43
angeln	ˈaŋəln	0.5
angeln ab	ˌaŋəln ˈap	0.38
angeln an	ˌaŋəln ˈan	0.38
angeln weg	ˌaŋəln vˈɛk	0.33
angelnd	ˈaŋəlnt	0.43
angelnde	ˈaŋəlndə	0.38
angelndem	ˈaŋəlndəm	0.33
angelnden	ˈaŋəlndən	0.33
angelnder	ˈaŋəlndɜ	0.38
angelndes	ˈaŋəlndəs	0.33
angelst	ˈaŋəlst	0.43
angelst ab	ˌaŋəlst ˈap	0.33
angelst an	ˌaŋəlst ˈan	0.33
angelst weg	ˌaŋəlst vˈɛk	0.3
angelsächsisch	ˈaŋəlzˌɛksɪʃ	0.27
angelt	ˈaŋəlt	0.5
angelt ab	ˌaŋəlt ˈap	0.38
angelt an	ˌaŋəlt ˈan	0.38
angelt weg	ˌaŋəlt vˈɛk	0.33
angelte	ˈaŋəltə	0.43
angelte ab	ˌaŋəltə ˈap	0.33
angelte an	ˌaŋəltə ˈan	0.33
angelte weg	ˌaŋəltə vˈɛk	0.3
angelten	ˈaŋəltən	0.38
angelten ab	ˌaŋəltən ˈap	0.3
angelten an	ˌaŋəltən ˈan	0.3
angelten weg	ˌaŋəltən vˈɛk	0.27
angeltest	ˈaŋəltəst	0.33
angeltest ab	ˌaŋəltəst ˈap	0.27
angeltest an	ˌaŋəltəst ˈan	0.27
angeltet	ˈaŋəltət	0.38
angeltet ab	ˌaŋəltət ˈap	0.3
angeltet an	ˌaŋəltət ˈan	0.3
angeltet weg	ˌaŋəltət vˈɛk	0.27
anglich	ˈanɡlˌɪç	0.29
anglichst	ˈanɡlˌɪçst	0.44
angrient	ˈanɡrˌiːnt	0.33
angriente	ˈanɡrˌiːntə	0.3
angrienten	ˈanɡrˌiːntən	0.27
angrientet	ˈanɡrˌiːntət	0.27
angsterregendste	ˈaŋstɛɾrˌeːɡəntstə	0.27
angsterregendster	ˈaŋstɛɾrˌeːɡəntstɜ	0.27
anhinbätzen	ˈɑnebˌatsən	0.45
ankeret	ˈaŋkərət	0.29
ankern	ˈaŋkɜn	0.33
ankernd	ˈaŋkɜnt	0.29
ankerst	ˈaŋkɜst	0.29
ankert	ˈaŋkɜt	0.33
ankerte	ˈaŋkɜtə	0.29
anlögen	ˈanlˌøːɡŋ̩	0.29
ann.	anɔ̃sˈiːɾt	0.75
anotherm	anotˈɛɾm	0.29
anräum	ˈanrˌɔɪm	0.33
anwachse	ˈanvˌaksə	0.29
anwuchs	ˈanvˌuːks	0.33
anwuchsen	ˈanvˌuːksən	0.38
anwuchsest	ˈanvˌuːksəst	0.33
anwuchst	ˈanvˌuːkst	0.29
anything goes	ˈɛniθɪŋ ɡˈoʊs	0.5
arbeitsscheu	ˈaɾbaɪtsʃˌɔɪ	0.27
aserbaidsch.	ˌazɛɾbaɪdʒˈaːnɪʃ	0.46
au contraire	oː kõtrˈɛːɾ	0.5
au gratin	oː ɡratˈɛ̃ː	0.5
au pair	opˈɛːɾ	0.8
auberginefarben	obɜʒˈiːnəfˌaɾbən	0.29
auberginefarbene	obɜʒˈiːnəfˌaɾbənə	0.27
auberginefarbener	obɜʒˈiːnəfˌaɾbənɜ	0.27
auberginem	obɜʒˈiːnəm	0.44
auberginen	obɜʒˈiːnən	0.33
auberginer	obɜʒˈiːnɜ	0.5
aubergines	obɜʒˈiːnəs	0.44
aufachse	ˈaʊfˌaksə	0.29
aufbebe	ˈaʊfbˌeːbə	0.29
aufbegehre	ˈaʊfbəɡˌeːrə	0.3
aufbegehret	ˈaʊfbəɡˌeːrət	0.27
aufgejackt	ˈaʊfɡədʒˌɛkt	0.3
aufgeringt	ˈaʊfɡərˌɪŋ̩kt	0.27
aufgestylt	ˈaʊfɡəstˌaɪlt	0.27
aufhinpappen	ˈaufebˌabəm	0.73
aufhinpicken	ˈaufebˌiɡɜ	0.91
aufhinschreiben	ˈaufeɡʃrˌim	0.77
aufhorchest	ˈaʊfhˌɔɾçəst	0.27
aufjacke	ˈaʊfdʒˌɛkə	0.38
aufjacken	ˈaʊfdʒˌɛkən	0.33
aufjackend	ˈaʊfdʒˌɛkənt	0.3
aufjackest	ˈaʊfdʒˌɛkəst	0.3
aufjacket	ˈaʊfdʒˌɛkət	0.33
aufjackst	ˈaʊfdʒˌɛkst	0.33
aufjackt	ˈaʊfdʒˌɛkt	0.38
aufjackte	ˈaʊfdʒˌɛktə	0.33
aufjackten	ˈaʊfdʒˌɛktən	0.3
aufjacktest	ˈaʊfdʒˌɛktəst	0.27
aufjacktet	ˈaʊfdʒˌɛktət	0.3
aufräum	ˈaʊfrˌɔɪm	0.29
aufschäum	ˈaʊfʃˌɔɪm	0.29
aufstyle	ˈaʊfstˌaɪlə	0.33
aufstylend	ˈaʊfstˌaɪlənt	0.27
aufstylende	ˈaʊfstˌaɪləndə	0.33
aufstylendes	ˈaʊfstˌaɪləndəs	0.38
aufstylest	ˈaʊfstˌaɪləst	0.27
aufstylst	ˈaʊfstˌaɪlst	0.3
aufstylt	ˈaʊfstˌaɪlt	0.33
aufstylte	ˈaʊfstˌaɪltə	0.3
aufstylten	ˈaʊfstˌaɪltən	0.27
aufstyltet	ˈaʊfstˌaɪltət	0.27
aufteen	ˈaʊftˌiːn	0.33
aufteend	ˈaʊftˌiːənt	0.5
aufteende	ˈaʊftˌiːəndə	0.44
aufteendem	ˈaʊftˌiːəndəm	0.3
aufteenden	ˈaʊftˌiːəndən	0.3
aufteender	ˈaʊftˌiːəndɜ	0.44
aufteendes	ˈaʊftˌiːəndəs	0.5
aufwuchs	ˈaʊfvˌuːks	0.29
aufwuchsen	ˈaʊfvˌuːksən	0.33
aufwuchsest	ˈaʊfvˌuːksəst	0.3
aufzustylen	ˈaʊftsustˌaɪlən	0.38
aufzustylende	ˈaʊftsustˌaɪləndə	0.47
aufzustylendem	ˈaʊftsustˌaɪləndəm	0.31
aufzustylenden	ˈaʊftsustˌaɪləndən	0.31
aufzustylender	ˈaʊftsustˌaɪləndɜ	0.4
aufzustylendes	ˈaʊftsustˌaɪləndəs	0.5
aufzuteen	ˈaʊftsutˌiːən	0.5
ausachse	ˈaʊsˌaksə	0.29
ausgesourct	ˈaʊsɡəsˌɔːɾst	0.3
ausgesourcte	ˈaʊsɡəsˌɔːɾstə	0.27
ausgesourcter	ˈaʊsɡəsˌɔːɾstɜ	0.27
ausherbätzen	ˈaʊsɜbˌatsən	0.33
ausherhauen	ˈaʊsɜhˌaʊn	0.27
ausherkemmen	ˈausɜkˌɛmɜ	0.55
ausherschliefen	ˈaʊsɜʃlˌiɜfɜ	0.42
ausherschmuggeln	ˈausɜɡʃmˌuɡəld	0.54
aushingehen	ˈauseɡˌaŋɜ	0.89
aushorchest	ˈaʊshˌɔɾçəst	0.27
auspower	ˈaʊspˌoːvɜ	0.29
ausräum	ˈaʊsrˌɔɪm	0.29
ausschere	ˈaʊsʃˌeːrə	0.29
aussource	ˈaʊssˌɔːɾsə	0.38
aussourcen	ˈaʊssˌɔːɾsən	0.33
aussourcend	ˈaʊssˌɔːɾsənt	0.3
aussourcende	ˈaʊssˌɔːɾsəndə	0.27
aussourcender	ˈaʊssˌɔːɾsəndɜ	0.27
aussourcest	ˈaʊssˌɔːɾsəst	0.3
aussourcet	ˈaʊssˌɔːɾsət	0.33
aussourct	ˈaʊssˌɔːɾst	0.38
aussourcte	ˈaʊssˌɔːɾstə	0.33
aussourcten	ˈaʊssˌɔːɾstən	0.3
aussourctest	ˈaʊssˌɔːɾstəst	0.27
aussourctet	ˈaʊssˌɔːɾstət	0.3
auswuchs	ˈaʊsvˌuːks	0.29
auswuchsen	ˈaʊsvˌuːksən	0.33
auswuchsest	ˈaʊsvˌuːksəst	0.3
authigen	aʊtiɡˈeːn	0.29
autopoietisch	aʊtopɔɪˈeːtɪʃ	0.36
autopoietische	aʊtopɔɪˈeːtɪʃə	0.33
autopoietischem	aʊtopɔɪˈeːtɪʃəm	0.31
autopoietischen	aʊtopɔɪˈeːtɪʃən	0.31
autopoietischer	aʊtopɔɪˈeːtɪʃɜ	0.33
autopoietischere	aʊtopɔɪˈeːtɪʃərə	0.31
autopoietischerem	aʊtopɔɪˈeːtɪʃərəm	0.29
autopoietischeren	aʊtopɔɪˈeːtɪʃərən	0.29
autopoietischerer	aʊtopɔɪˈeːtɪʃərɜ	0.31
autopoietischeres	aʊtopɔɪˈeːtɪʃərəs	0.29
autopoietisches	aʊtopɔɪˈeːtɪʃəs	0.31
autopoietischste	aʊtopɔɪˈeːtɪʃstə	0.29
autopoietischstem	aʊtopɔɪˈeːtɪʃstəm	0.27
autopoietischsten	aʊtopɔɪˈeːtɪʃstən	0.27
autopoietischster	aʊtopɔɪˈeːtɪʃstɜ	0.29
autopoietischstes	aʊtopɔɪˈeːtɪʃstəs	0.27
average	ˈɛvəɹɪdʒ	0.86
aversionier	avɛɾzionˈiːɾ	0.3
aversioniere	avɛɾzionˈiːrə	0.27
aversioniert	avɛɾzionˈiːɾt	0.27
aversiv	avɛɾsˈiːf	0.29
babyblaue	bˈeːbiblˌaʊə	0.56
babyblauem	bˈeːbiblˌaʊəm	0.4
babyblauen	bˈeːbiblˌaʊən	0.4
babyblauer	bˈeːbiblˌaʊɜ	0.3
babyblaues	bˈeːbiblˌaʊəs	0.6
babyeierleicht	bˈeːbiaɪɜlˌaɪçt	0.5
babyeierleichte	bˈeːbiaɪɜlˌaɪçtə	0.57
babyeierleichtem	bˈeːbiaɪɜlˌaɪçtəm	0.44
babyeierleichten	bˈeːbiaɪɜlˌaɪçtən	0.44
babyeierleichter	bˈeːbiaɪɜlˌaɪçtɜ	0.53
babyeierleichtes	bˈeːbiaɪɜlˌaɪçtəs	0.53
babygesittet	bˈeːbiɡəzˌɪtət	0.54
babyleicht	bˈeːbilˈaɪçt	0.6
babyleichte	bˈeːbilˌaɪçtə	0.64
babyleichtem	bˈeːbilˌaɪçtəm	0.5
babyleichten	bˈeːbilˌaɪçtən	0.5
babyleichter	bˈeːbilˌaɪçtɜ	0.64
babyleichtes	bˈeːbilˌaɪçtəs	0.58
babylonische	babylˈoːnɪʃə	0.3
babylonischem	babylˈoːnɪʃəm	0.42
babylonischer	babylˈoːnɪʃɜ	0.3
babylonisches	babylˈoːnɪʃəs	0.36
babysitt	bˈeːbizˌɪt	0.38
babysitte	bˈeːbizˌɪtə	0.5
babysitten	bˈeːbizˌɪtən	0.3
babysittend	bˈeːbizˌɪtənt	0.45
babysittende	bˈeːbizˌɪtəndə	0.45
babysittendem	bˈeːbizˌɪtəndəm	0.31
babysittenden	bˈeːbizˌɪtəndən	0.31
babysittender	bˈeːbizˌɪtəndɜ	0.42
babysittendes	bˈeːbizˌɪtəndəs	0.5
babysittest	bˈeːbizˌɪtəst	0.36
babysittet	bˈeːbizˌɪtət	0.4
babysittete	bˈeːbizˌɪtətə	0.5
babysitteten	bˈeːbizˌɪtətən	0.33
babysittetest	bˈeːbizˌɪtətəst	0.38
babysittetet	bˈeːbizˌɪtətət	0.42
bacchantisch	baxˈantɪʃ	0.3
bacchantische	baxˈantɪʃə	0.27
bacchantischer	baxˈantɪʃɜ	0.27
bacchisch	bˈaxɪʃ	0.43
bacchische	bˈaxɪʃə	0.38
bacchischem	bˈaxɪʃəm	0.33
bacchischen	bˈaxɪʃən	0.33
bacchischer	bˈaxɪʃɜ	0.38
bacchischere	bˈaxɪʃərə	0.33
bacchischerem	bˈaxɪʃərəm	0.3
bacchischeren	bˈaxɪʃərən	0.3
bacchischerer	bˈaxɪʃərɜ	0.33
bacchischeres	bˈaxɪʃərəs	0.3
bacchisches	bˈaxɪʃəs	0.33
bacchischste	bˈaxɪʃstə	0.3
bacchischstem	bˈaxɪʃstəm	0.27
bacchischsten	bˈaxɪʃstən	0.27
bacchischster	bˈaxɪʃstɜ	0.3
bacchischstes	bˈaxɪʃstəs	0.27
backstage	bˈɛksteːtʃ	0.5
backsteingefasst	bˈakʃtaɪnɡəfˌast	0.29
backsteingefasste	bˈakʃtaɪnɡəfˌastə	0.27
backsteingefasster	bˈakʃtaɪnɡəfˌastɜ	0.27
bakteriell	baktərˈiɛl	0.4
bakterielle	baktərˈiɛlə	0.36
bakteriellem	baktərˈiɛləm	0.33
bakteriellen	baktərˈiɛlən	0.33
bakterieller	baktərˈiɛlɜ	0.36
bakterielles	baktərˈiɛləs	0.33
baldmöglichst	bˈaltmˈøːklɪçst	0.38
bas.	bˈaːzɪʃ	0.6
baseballgroß	bˈɛɪsbɔːlɡrˌoːs	0.36
baseballgroße	bˈɛɪsbɔːlɡrˌoːsə	0.33
baseballgroßem	bˈɛɪsbɔːlɡrˌoːsəm	0.31
baseballgroßen	bˈɛɪsbɔːlɡrˌoːsən	0.31
baseballgroßer	bˈɛɪsbɔːlɡrˌoːsɜ	0.33
baseballgroßes	bˈɛɪsbɔːlɡrˌoːsəs	0.31
batzig	batsɪk	0.29
beach	biːtʃ	0.75
beache	bˈiːtʃə	0.6
beachen	bˈiːtʃən	0.5
beachend	bˈiːtʃənt	0.43
beachest	bˈiːtʃəst	0.43
beachet	bˈiːtʃət	0.5
beachst	biːtʃst	0.5
beam	biːm	0.5
beame	bˈiːmə	0.4
beamen	bˈiːmən	0.33
beamend	bˈiːmənt	0.29
beamest	bˈiːməst	0.29
beamet	bˈiːmət	0.33
beamst	biːmst	0.33
beamt	biːmt	0.4
beangel	bəˈaŋəl	0.43
beangele	bəˈaŋələ	0.38
beangeln	bəˈaŋəln	0.38
beangelnd	bəˈaŋəlnt	0.33
beangelst	bəˈaŋəlst	0.33
beangelt	bəˈaŋəlt	0.38
beangelte	bəˈaŋəltə	0.33
beangelten	bəˈaŋəltən	0.3
beangeltest	bəˈaŋəltəst	0.27
beangeltet	bəˈaŋəltət	0.3
beatend	bˈiːtənt	0.29
beatest	bˈiːtəst	0.29
beatet	bˈiːtət	0.33
beatete	bˈiːtətə	0.29
bebe	bˈeːbə	0.5
bebe auf	bˌeːbə ˈaʊf	0.29
bebend	bˈeːbənt	0.33
bebende	bˈeːbəndə	0.29
bebender	bˈeːbəndɜ	0.29
bebest	bˈeːbəst	0.33
bebet	bˈeːbət	0.4
becirc	bətsˈɪɾts	0.5
becirce	bətsˈɪɾtsə	0.44
becircen	bətsˈɪɾtsən	0.4
becircend	bətsˈɪɾtsənt	0.36
becircende	bətsˈɪɾtsəndə	0.33
becircendem	bətsˈɪɾtsəndəm	0.31
becircenden	bətsˈɪɾtsəndən	0.31
becircender	bətsˈɪɾtsəndɜ	0.33
becircendes	bətsˈɪɾtsəndəs	0.31
becircest	bətsˈɪɾtsəst	0.36
becircet	bətsˈɪɾtsət	0.4
becirct	bətsˈɪɾtst	0.44
becircte	bətsˈɪɾtstə	0.4
becirctem	bətsˈɪɾtstəm	0.36
becircten	bətsˈɪɾtstən	0.36
becircter	bətsˈɪɾtstɜ	0.4
becirctes	bətsˈɪɾtstəs	0.36
becirctest	bətsˈɪɾtstəst	0.33
becirctet	bətsˈɪɾtstət	0.36
bedeutungsschwer	bədˈɔɪtʊŋsʃvˌeːɾ	0.31
bedeutungsschwere	bədˈɔɪtʊŋsʃvˌeːrə	0.29
bedeutungsschwerem	bədˈɔɪtʊŋsʃvˌeːrəm	0.27
bedeutungsschweren	bədˈɔɪtʊŋsʃvˌeːrən	0.27
bedeutungsschwerer	bədˈɔɪtʊŋsʃvˌeːrɜ	0.29
bedeutungsschwerere	bədˈɔɪtʊŋsʃvˌeːrərə	0.27
bedeutungsschwererer	bədˈɔɪtʊŋsʃvˌeːrərɜ	0.27
bedeutungsschweres	bədˈɔɪtʊŋsʃvˌeːrəs	0.27
bedusle	bədˈuːzlə	0.29
beerdet	bəˈeːɾdət	0.29
beerest ab	bˌeːrəst ˈap	0.33
beeret ab	bˌeːrət ˈap	0.38
beert ab	bˌeːɾt ˈap	0.29
beertest ab	bˌeːɾtəst ˈap	0.3
beertet ab	bˌeːɾtət ˈap	0.33
befestig	bəfˈɛstɪç	0.33
befestigst	bəfˈɛstɪçst	0.27
begehre	bəɡˈeːrə	0.43
begehre ab	bəɡˌeːrə ˈap	0.33
begehre auf	bəɡˌeːrə ˈaʊf	0.3
begehrend	bəɡˈeːrənt	0.33
begehrende	bəɡˈeːrəndə	0.3
begehrendem	bəɡˈeːrəndəm	0.27
begehrenden	bəɡˈeːrəndən	0.27
begehrender	bəɡˈeːrəndɜ	0.3
begehrendes	bəɡˈeːrəndəs	0.27
begehrest	bəɡˈeːrəst	0.33
begehrest ab	bəɡˌeːrəst ˈap	0.27
begehret	bəɡˈeːrət	0.38
begehret ab	bəɡˌeːrət ˈap	0.3
begehret auf	bəɡˌeːrət ˈaʊf	0.27
begehrlichste	bəɡˈeːɾlɪçstə	0.33
begehrlichstem	bəɡˈeːɾlɪçstəm	0.31
begehrlichsten	bəɡˈeːɾlɪçstən	0.31
begehrlichster	bəɡˈeːɾlɪçstɜ	0.33
begehrlichstes	bəɡˈeːɾlɪçstəs	0.31
begehrtem	bəɡˈeːɾtəm	0.33
begehrtere	bəɡˈeːɾtərə	0.3
begehrterem	bəɡˈeːɾtərəm	0.27
begehrteren	bəɡˈeːɾtərən	0.27
begehrterer	bəɡˈeːɾtərɜ	0.3
begehrteres	bəɡˈeːɾtərəs	0.27
begehrtest	bəɡˈeːɾtəst	0.3
begehrteste	bəɡˈeːɾtəstə	0.27
begehrtester	bəɡˈeːɾtəstɜ	0.27
begehrtet	bəɡˈeːɾtət	0.33
begehrtet ab	bəɡˌeːɾtət ˈap	0.27
begöschen	bəɡˈœʃən	0.33
begöschend	bəɡˈœʃənt	0.3
behandle vor	bəhˌandlə fˈoːɾ	0.27
behavioristisch	biheviərˈɪstɪʃ	0.36
behavioristische	biheviərˈɪstɪʃə	0.33
behavioristischem	biheviərˈɪstɪʃəm	0.31
behavioristischen	biheviərˈɪstɪʃən	0.31
behavioristischer	biheviərˈɪstɪʃɜ	0.33
behavioristisches	biheviərˈɪstɪʃəs	0.31
behorchest	bəhˈɔɾçəst	0.3
beigefarben	bˈeːʃfˌaɾbən	0.36
beigefarbene	bˈeːʃfˌaɾbənə	0.33
beigefarbenem	bˈeːʃfˌaɾbənəm	0.31
beigefarbenen	bˈeːʃfˌaɾbənən	0.31
beigefarbener	bˈeːʃfˌaɾbənɜ	0.33
beigefarbenes	bˈeːʃfˌaɾbənəs	0.31
beigem	beːʒəm	0.5
beiger	beːʒɜ	0.6
beisteuernd	bˈaɪʃtˌɔɪɜnt	0.27
beisteure	bˈaɪʃtˌɔɪrə	0.33
beisteurest	bˈaɪʃtˌɔɪrəst	0.27
beisteuret	bˈaɪʃtˌɔɪrət	0.3
beizusteuernde	bˈaɪtsuʃtˌɔɪɜndə	0.27
beizusteuernder	bˈaɪtsuʃtˌɔɪɜndɜ	0.27
belarusisch	bˈeːlarˌʊsɪʃ	0.33
belesner	bəlˈeːznɜ	0.29
beluchse	bəlˈʊksə	0.29
bene	bˈeːnə	0.5
benedei	bˌenədˈaɪ	0.29
beneidende	benˈɛɪdendə	0.3
beneidendem	benˈɛɪdendəm	0.27
beneidenden	benˈɛɪdendən	0.27
beneidender	benˈɛɪdendɜ	0.3
beneidendes	benˈɛɪdendəs	0.27
benzingefüllt	bɛntsˈiːnɡəfˌʏlt	0.31
benzingefüllte	bɛntsˈiːnɡəfˌʏltə	0.29
benzingefülltem	bɛntsˈiːnɡəfˌʏltəm	0.27
benzingefüllten	bɛntsˈiːnɡəfˌʏltən	0.27
benzingefüllter	bɛntsˈiːnɡəfˌʏltɜ	0.29
benzingefülltes	bɛntsˈiːnɡəfˌʏltəs	0.27
benzingetränkt	bɛntsˈiːnɡətrˌɛŋkt	0.27
beriechst	bərˈiːçst	0.29
beräum	bərˈɔɪm	0.4
beröchst	bərˈœçst	0.29
bescher	bəʃˈeːɾ	0.4
beschmuse	bəʃmˈuːzə	0.29
beschäum	bəʃˈɔɪm	0.33
besender	bəzˈɛndɜ	0.29
besendernd	bəzˈɛndɜnt	0.3
bestangezogen	bˈɛstanɡətsˌoːɡən	0.36
bestangezogene	bˈɛstanɡətsˌoːɡənə	0.33
bestangezogenem	bˈɛstanɡətsˌoːɡənəm	0.31
bestangezogenen	bˈɛstanɡətsˌoːɡənən	0.31
bestangezogener	bˈɛstanɡətsˌoːɡənɜ	0.33
bestangezogenes	bˈɛstanɡətsˌoːɡənəs	0.31
bestempel	bəʃtˈɛmpəl	0.33
bestempele	bəʃtˈɛmpələ	0.3
bestempeln	bəʃtˈɛmpəln	0.3
bestempelnd	bəʃtˈɛmpəlnt	0.27
bestempelst	bəʃtˈɛmpəlst	0.27
bestempelt	bəʃtˈɛmpəlt	0.3
bestempelte	bəʃtˈɛmpəltə	0.27
bestemple	bəʃtˈɛmplə	0.33
bestemplest	bəʃtˈɛmpləst	0.27
bestemplet	bəʃtˈɛmplət	0.3
bestgehütet	bˈɛstɡəhˌyːtət	0.27
besäum	bəzˈɔɪm	0.33
betest	bˈeːtəst	0.33
betest vor	bˌeːtəst fˈoːɾ	0.33
betet	bˈeːtət	0.4
betet ab	bˌeːtət ˈap	0.29
betet an	bˌeːtət ˈan	0.29
betet vor	bˌeːtət fˈoːɾ	0.38
betete	bˈeːtətə	0.33
betete vor	bˌeːtətə fˈoːɾ	0.33
beteten	bˈeːtətən	0.29
beteten vor	bˌeːtətən fˈoːɾ	0.3
betetest vor	bˌeːtətəst fˈoːɾ	0.27
betetet	bˈeːtətət	0.29
betetet vor	bˌeːtətət fˈoːɾ	0.3
beug vor	bˌɔɪk fˈoːɾ	0.29
beugbar	bˈɔɪkbaːɾ	0.29
beugsam	bˈɔɪkzaːm	0.29
beutehungrig	bˈɔɪtəhˌʊŋrɪç	0.33
beutehungrige	bˈɔɪtəhˌʊŋrɪɡə	0.33
beutehungrigem	bˈɔɪtəhˌʊŋrɪɡəm	0.31
beutehungrigen	bˈɔɪtəhˌʊŋrɪɡən	0.31
beutehungriger	bˈɔɪtəhˌʊŋrɪɡɜ	0.33
beutehungriges	bˈɔɪtəhˌʊŋrɪɡəs	0.31
bewachse	bəvˈaksə	0.29
bewege	bəvˈeːɡə	0.33
bewege her	bəvˌeːɡə hˈɛɾ	0.33
bewegest her	bəvˌeːɡəst hˈɛɾ	0.27
beweget	bəvˈeːɡət	0.29
beweget her	bəvˌeːɡət hˈɛɾ	0.3
bewuchs	bəvˈuːks	0.33
bewuchsen	bəvˈuːksən	0.38
bez.	bətsˈaːlt	0.57
bezw.	bətsˈiːʊŋsvˌaɪzə	0.77
bibl.	bˌiblioɡrˈaːfɪʃ	0.75
bibliophil	bibliofˈiːl	0.3
bibliophile	bibliofˈiːlə	0.27
bibliophiler	bibliofˈiːlɜ	0.27
bibliophob	bibliofˈoːp	0.3
bibliophobe	bibliofˈoːbə	0.27
bibliophober	bibliofˈoːbɜ	0.27
bibliophobste	bibliofˈoːpstə	0.31
bibliophobstem	bibliofˈoːpstəm	0.29
bibliophobsten	bibliofˈoːpstən	0.29
bibliophobster	bibliofˈoːpstɜ	0.31
bibliophobstes	bibliofˈoːpstəs	0.29
bikendes	bˈaɪkəndəs	0.33
biket	bˈaɪkət	0.33
bilingue	bilˈɪŋɡuə	0.38
bing	bɪndʒ	0.6
bingend	bˈɪndʒənt	0.38
bingest	bˈɪndʒəst	0.38
binget	bˈɪndʒət	0.43
bingewatch	bˈɪndʒwˌɔtʃ	0.56
bingewatche	bˈɪndʒwˌɔtʃə	0.5
bingewatchen	bˈɪndʒwˌɔtʃən	0.64
bingewatchend	bˈɪndʒwˌɔtʃənt	0.42
bingewatchende	bˈɪndʒwˌɔtʃəndə	0.38
bingewatchendem	bˈɪndʒwˌɔtʃəndəm	0.36
bingewatchenden	bˈɪndʒwˌɔtʃəndən	0.36
bingewatchender	bˈɪndʒwˌɔtʃəndɜ	0.38
bingewatchendes	bˈɪndʒwˌɔtʃəndəs	0.36
bingewatchest	bˈɪndʒwˌɔtʃəst	0.42
bingewatchet	bˈɪndʒwˌɔtʃət	0.45
bingewatchst	bˈɪndʒwˌɔtʃst	0.45
bingewatcht	bˈɪndʒwˌɔtʃt	0.5
bingewatchte	bˈɪndʒwˌɔtʃtə	0.45
bingewatchten	bˈɪndʒwˌɔtʃtən	0.42
bingewatchtest	bˈɪndʒwˌɔtʃtəst	0.38
bingewatchtet	bˈɪndʒwˌɔtʃtət	0.42
bingst	bɪndʒst	0.43
bingt	bɪndʒt	0.5
bingte	bˈɪndʒtə	0.43
bingten	bˈɪndʒtən	0.38
bingtest	bˈɪndʒtəst	0.33
bingtet	bˈɪndʒtət	0.38
biochemisch	bioçˈeːmɪʃ	0.44
biochemische	bioçˈeːmɪʃə	0.4
biochemischem	bioçˈeːmɪʃəm	0.36
biochemischen	bioçˈeːmɪʃən	0.36
biochemischer	bioçˈeːmɪʃɜ	0.4
biochemisches	bioçˈeːmɪʃəs	0.36
biodeutsch	bˈiːodˌɔɪtʃ	0.33
biodeutsche	bˈiːodˌɔɪtʃə	0.3
biodeutschem	bˈiːodˌɔɪtʃəm	0.27
biodeutschen	bˈiːodˌɔɪtʃən	0.27
biodeutscher	bˈiːodˌɔɪtʃɜ	0.3
biodeutschere	bˈiːodˌɔɪtʃərə	0.27
biodeutscherer	bˈiːodˌɔɪtʃərɜ	0.27
biodeutsches	bˈiːodˌɔɪtʃəs	0.27
biometrisch	biomˈeːtrɪʃ	0.3
biometrische	biomˈeːtrɪʃə	0.27
biometrischer	biomˈeːtrɪʃɜ	0.27
biopsier	biɔpsˈiːɾ	0.38
biopsiere	biɔpsˈiːrə	0.33
biopsieren	biɔpsˈiːrən	0.3
biopsierend	biɔpsˈiːrənt	0.27
biopsierest	biɔpsˈiːrəst	0.27
biopsieret	biɔpsˈiːrət	0.3
biopsierst	biɔpsˈiːɾst	0.3
biopsiert	biɔpsˈiːɾt	0.33
biopsierte	biɔpsˈiːɾtə	0.3
biopsiertem	biɔpsˈiːɾtəm	0.27
biopsierten	biɔpsˈiːɾtən	0.27
biopsierter	biɔpsˈiːɾtɜ	0.3
biopsiertes	biɔpsˈiːɾtəs	0.27
biopsiertet	biɔpsˈiːɾtət	0.27
blanchier	blɑ̃ʃˈiːɾ	0.38
blanchiere	blɑ̃ʃˈiːrə	0.33
blanchieren	blɑ̃ʃˈiːrən	0.3
blanchierend	blɑ̃ʃˈiːrənt	0.27
blanchierest	blɑ̃ʃˈiːrəst	0.27
blanchieret	blɑ̃ʃˈiːrət	0.3
blanchierst	blɑ̃ʃˈiːɾst	0.3
blanchiert	blɑ̃ʃˈiːɾt	0.33
blanchierte	blɑ̃ʃˈiːɾtə	0.3
blanchiertem	blɑ̃ʃˈiːɾtəm	0.27
blanchierten	blɑ̃ʃˈiːɾtən	0.27
blanchierter	blɑ̃ʃˈiːɾtɜ	0.3
blanchiertes	blɑ̃ʃˈiːɾtəs	0.27
blanchiertet	blɑ̃ʃˈiːɾtət	0.27
blechst	blɛçst	0.29
blichst	blɪçst	0.29
boah	bɔːɾ	0.67
bodig	bˈoːdɪɡ	0.33
bodigt	bˈoːdɪɡt	0.29
boomend	bˈuːmənt	0.33
boomende	bˈuːməndə	0.29
boomender	bˈuːməndɜ	0.29
boomendes	bˈuːməndəs	0.38
bordeaux	bɔɾdˈoː	0.56
bordeauxfarben	bɔɾdˈoːfˌaɾbən	0.33
bordeauxfarbene	bɔɾdˈoːfˌaɾbənə	0.31
bordeauxfarbenem	bɔɾdˈoːfˌaɾbənəm	0.29
bordeauxfarbenen	bɔɾdˈoːfˌaɾbənən	0.29
bordeauxfarbener	bɔɾdˈoːfˌaɾbənɜ	0.31
bordeauxfarbenes	bɔɾdˈoːfˌaɾbənəs	0.29
bordeauxrot	bɔɾdˈoːrˌoːt	0.42
bordeauxrote	bɔɾdˈoːrˌoːtə	0.38
bordeauxrotem	bɔɾdˈoːrˌoːtəm	0.36
bordeauxroten	bɔɾdˈoːrˌoːtən	0.36
bordeauxroter	bɔɾdˈoːrˌoːtɜ	0.38
bordeauxrotes	bɔɾdˈoːrˌoːtəs	0.36
bostitchen	bˈɔstɪtʃən	0.3
bouquetreich	bukˈeːrˌaɪç	0.27
bouquetreichste	bukˈeːrˌaɪçstə	0.38
bouquetreichstem	bukˈeːrˌaɪçstəm	0.36
bouquetreichsten	bukˈeːrˌaɪçstən	0.36
bouquetreichster	bukˈeːrˌaɪçstɜ	0.38
bouquetreichstes	bukˈeːrˌaɪçstəs	0.36
bourgeois	bʊɾʒˈoa	0.62
bourgeoise	bʊɾʒˈoaːzə	0.56
bourgeoisem	bʊɾʒˈoaːzəm	0.5
bourgeoisen	bʊɾʒˈoaːzən	0.5
bourgeoiser	bʊɾʒˈoazɜ	0.56
bourgeoisere	bʊɾʒˈoaːzərə	0.5
bourgeoiserem	bʊɾʒˈoaːzərəm	0.45
bourgeoiseren	bʊɾʒˈoaːzərən	0.45
bourgeoiserer	bʊɾʒˈoaːzərɜ	0.5
bourgeoiseres	bʊɾʒˈoaːzərəs	0.45
bourgeoises	bʊɾʒˈoaːzəs	0.5
bourgeoiseste	bʊɾʒˈoaːzəstə	0.42
bourgeoisestem	bʊɾʒˈoaːzəstəm	0.38
bourgeoisesten	bʊɾʒˈoaːzəstən	0.38
bourgeoisester	bʊɾʒˈoaːzəstɜ	0.42
bourgeoisestes	bʊɾʒˈoaːzəstəs	0.38
bowle	bˈoːlə	0.4
bowlen	bˈoːlən	0.33
bowlend	bˈoːlənt	0.29
bowlest	bˈoːləst	0.29
bowlet	bˈoːlət	0.33
bowlst	boːlst	0.33
bowlt	boːlt	0.4
bowlte	bˈoːltə	0.33
bowlten	bˈoːltən	0.29
bowltet	bˈoːltət	0.29
braaie	brˈaɪə	0.4
braaiend	brˈaɪənt	0.29
braaiest	brˈaɪəst	0.29
braaiet	brˈaɪət	0.33
brichst	brɪçst	0.29
brows	braʊs	0.4
browse	brˈaʊzə	0.33
browsen	brˈaʊzən	0.29
browset	brˈaʊzət	0.29
browst	braʊst	0.33
browste	brˈaʊstə	0.29
brunch	brantʃ	0.5
brunche	brˈantʃə	0.43
brunchen	brˈantʃən	0.38
brunchend	brˈantʃənt	0.33
brunchende	brˈantʃəndə	0.3
brunchendem	brˈantʃəndəm	0.27
brunchenden	brˈantʃəndən	0.27
brunchender	brˈantʃəndɜ	0.3
brunchendes	brˈantʃəndəs	0.27
brunchest	brˈantʃəst	0.33
brunchet	brˈantʃət	0.38
brunchst	brantʃst	0.38
bruncht	brantʃt	0.43
brunchte	brˈantʃtə	0.38
brunchten	brˈantʃtən	0.33
brunchtest	brˈantʃtəst	0.3
brunchtet	brˈantʃtət	0.33
brächst	brɛːçst	0.29
brösle	brˈøːzlə	0.33
bröslet	brˈøːzlət	0.29
bugsier	bʊksˈiːɾ	0.33
bugsiere	bʊksˈiːrə	0.29
bugsiert	bʊksˈiːɾt	0.29
bukt vor	bˌuːkt fˈoːɾ	0.29
buschbewachsen	bˈʊʃbəvˌaksən	0.27
buzzer	bˈazɜ	0.6
buzzere	bˈazərə	0.5
buzzern	bˈazɜn	0.5
buzzernd	bˈazɜnt	0.5
buzzernde	bˈazɜndə	0.44
buzzerndem	bˈazɜndəm	0.4
buzzernden	bˈazɜndən	0.4
buzzernder	bˈazɜndɜ	0.44
buzzerndes	bˈazɜndəs	0.4
buzzerst	bˈazɜst	0.43
buzzert	bˈazɜt	0.5
buzzerte	bˈazɜtə	0.43
buzzerten	bˈazɜtən	0.38
buzzertest	bˈazɜtəst	0.33
buzzertet	bˈazɜtət	0.38
buzzre	bˈazrə	0.5
bußgeldbewehrt	bˈuːsɡɛltbəvˌeːɾt	0.31
bußgeldbewehrte	bˈuːsɡɛltbəvˌeːɾtə	0.29
bußgeldbewehrtem	bˈuːsɡɛltbəvˌeːɾtəm	0.27
bußgeldbewehrten	bˈuːsɡɛltbəvˌeːɾtən	0.27
bußgeldbewehrter	bˈuːsɡɛltbəvˌeːɾtɜ	0.29
bußgeldbewehrtes	bˈuːsɡɛltbəvˌeːɾtəs	0.27
bye-bye	baɪbˈaɪ	0.67
bzw.	bətsˈiːʊŋsvˌaɪzə	0.69
bätzen	bˈatsən	0.29
bäum	bɔɪm	0.5
bäum ab	bˌɔɪm ˈap	0.33
bäum auf	bˌɔɪm ˈaʊf	0.29
böschen	bˈœʃən	0.43
böschen ab	bˌœʃən ˈap	0.33
böschend	bˈœʃənt	0.38
böschende	bˈœʃəndə	0.33
böschendem	bˈœʃəndəm	0.3
böschenden	bˈœʃəndən	0.3
böschender	bˈœʃəndɜ	0.33
böschendes	bˈœʃəndəs	0.3
cach	kɛʃ	0.67
cachen	kˈɛʃən	0.4
cachend	kˈɛʃənt	0.33
cachest	kˈɛʃəst	0.33
cachet	kˈɛʃət	0.4
cachst	kɛʃst	0.4
cacht	kɛʃt	0.5
cachte	kˈɛʃtə	0.4
cachten	kˈɛʃtən	0.33
cachtest	kˈɛʃtəst	0.29
cachtet	kˈɛʃtət	0.33
cancel	kˈɛntsəl	0.29
cancele	kˈɛntsələ	0.38
cancelest	kˈɛntsələst	0.3
cancelet	kˈɛntsələt	0.33
canceln	kˈɛntsəln	0.38
cancelnd	kˈɛntsəlnt	0.33
cancelnde	kˈɛntsəlndə	0.3
cancelndem	kˈɛntsəlndəm	0.27
cancelnden	kˈɛntsəlndən	0.27
cancelnder	kˈɛntsəlndɜ	0.3
cancelndes	kˈɛntsəlndəs	0.27
cancelst	kˈɛntsəlst	0.33
cancelt	kˈɛntsəlt	0.38
cancelte	kˈɛntsəltə	0.33
cancelten	kˈɛntsəltən	0.3
canceltest	kˈɛntsəltəst	0.27
canceltet	kˈɛntsəltət	0.3
cancerogen	kantsəroɡˈeːn	0.3
cancerogene	kantsəroɡˈeːnə	0.27
cancerogener	kantsəroɡˈeːnɜ	0.27
cancle	kˈɛntslə	0.43
canclest	kˈɛntsləst	0.33
canclet	kˈɛntslət	0.38
carcinogen	kaɾtsinoɡˈeːn	0.27
cash	kɛʃ	0.33
cerise	sərˈiːs	0.67
ceteris paribus	tsˌeːtəriːs pˈaːribʊs	0.29
ceterum censeo	tsˈeːterʊm tsˈɛnzeo	0.35
chatt	tʃɛt	0.5
chattend	tʃˈɛtənt	0.29
chattest	tʃˈɛtəst	0.29
chattet	tʃˈɛtət	0.33
chattete	tʃˈɛtətə	0.29
chauffier	ʃɔfˈiːɾ	0.33
chauffier umher	ʃɔfˌiːɾ ʊmhˈeːɾ	0.27
chauffiere	ʃɔfˈiːrə	0.29
chauffiert	ʃɔfˈiːɾt	0.29
chaussier	ʃɔsˈiːɾ	0.33
chaussiere	ʃɔsˈiːrə	0.29
chaussiert	ʃɔsˈiːɾt	0.29
cheate	tʃˈiːtə	0.67
cheaten	tʃˈiːtən	0.57
cheatend	tʃˈiːtənt	0.5
cheatende	tʃˈiːtəndə	0.44
cheatendem	tʃˈiːtəndəm	0.4
cheatenden	tʃˈiːtəndən	0.4
cheatender	tʃˈiːtəndɜ	0.44
cheatendes	tʃˈiːtəndəs	0.4
cheatest	tʃˈiːtəst	0.5
cheatet	tʃˈiːtət	0.57
cheatete	tʃˈiːtətə	0.5
cheateten	tʃˈiːtətən	0.44
cheatetest	tʃˈiːtətəst	0.4
cheatetet	tʃˈiːtətət	0.44
check ab	tʃˌɛk ˈap	0.33
check aus	tʃˌɛk ˈaʊs	0.29
check ein	tʃˌɛk ˈaɪn	0.29
checke	tʃˈɛkə	0.4
checke ab	tʃˌɛkə ˈap	0.29
checken	tʃˈɛkən	0.33
checkend	tʃˈɛkənt	0.29
checkest	tʃˈɛkəst	0.29
checket	tʃˈɛkət	0.33
checkst	tʃɛkst	0.33
checkt	tʃɛkt	0.4
checkt ab	tʃˌɛkt ˈap	0.29
checkte	tʃˈɛktə	0.33
checkten	tʃˈɛktən	0.29
checktet	tʃˈɛktət	0.29
chemischer	keːmiʃɜ	0.43
cherchez la femme	ʃɛɾʃˌeː lafˈam	0.53
chevaleresk	ʃəvalərˈɛsk	0.36
chevalereske	ʃəvalərˈɛskə	0.33
chevalereskem	ʃəvalərˈɛskəm	0.31
chevaleresken	ʃəvalərˈɛskən	0.31
chevaleresker	ʃəvalərˈɛskɜ	0.33
chevalereskere	ʃəvalərˈɛskərə	0.38
chevalereskerem	ʃəvalərˈɛskərəm	0.36
chevalereskeren	ʃəvalərˈɛskərən	0.36
chevalereskerer	ʃəvalərˈɛskərɜ	0.38
chevalereskeres	ʃəvalərˈɛskərəs	0.36
chevalereskes	ʃəvalərˈɛskəs	0.31
chevalereskeste	ʃəvalərˈɛskəstə	0.33
chevalereskestem	ʃəvalərˈɛskəstəm	0.31
chevalereskesten	ʃəvalərˈɛskəstən	0.31
chevalereskester	ʃəvalərˈɛskəstɜ	0.33
chevalereskestes	ʃəvalərˈɛskəstəs	0.31
chic	ʃɪk	0.33
chin-chin	tʃˈɪntʃˈɪn	0.75
chintz	tʃɪnts	0.33
chintze	tʃˈɪntsə	0.29
chintzt	tʃɪntst	0.29
chipp	tʃɪp	0.5
chippe	tʃˈɪpə	0.4
chippen	tʃˈɪpən	0.33
chippend	tʃˈɪpənt	0.29
chippest	tʃˈɪpəst	0.29
chippet	tʃˈɪpət	0.33
chippst	tʃɪpst	0.33
chippt	tʃɪpt	0.4
chippte	tʃˈɪptə	0.33
chippten	tʃˈɪptən	0.29
chipptet	tʃˈɪptət	0.29
chopp ab	tʃˌɔp ˈap	0.33
choppe ab	tʃˌɔpə ˈap	0.29
choppt ab	tʃˌɔpt ˈap	0.29
chthonisch	çtˈoːnɪʃ	0.5
chthonische	çtˈoːnɪʃə	0.45
chthonischem	çtˈoːnɪʃəm	0.42
chthonischen	çtˈoːnɪʃən	0.42
chthonischer	çtˈoːnɪʃɜ	0.45
chthonisches	çtˈoːnɪʃəs	0.42
ciceronisch	tsitsərˈoːnɪʃ	0.4
ciceronische	tsitsərˈoːnɪʃə	0.36
ciceronischem	tsitsərˈoːnɪʃəm	0.33
ciceronischen	tsitsərˈoːnɪʃən	0.33
ciceronischer	tsitsərˈoːnɪʃɜ	0.36
ciceronisches	tsitsərˈoːnɪʃəs	0.33
circa	tsˈɪɾka	0.33
cis-Moll	tsˈɪsmˌɔl	0.43
cisalpin	tsɪsalpˈiːn	0.56
cisalpine	tsɪsalpˈiːnə	0.4
cisalpinem	tsɪsalpˈiːnəm	0.45
cisalpinen	tsɪsalpˈiːnən	0.36
cisalpiner	tsɪsalpˈiːnɜ	0.5
cisalpines	tsɪsalpˈiːnəs	0.45
cisident	tsˈɪsidˌɛnt	0.44
cisidente	tsˈɪsidˌɛntə	0.4
cisidentem	tsˈɪsidˌɛntəm	0.36
cisidenten	tsˈɪsidˌɛntən	0.36
cisidenter	tsˈɪsidˌɛntɜ	0.4
cisidentes	tsˈɪsidˌɛntəs	0.36
citynah	sˈɪtinˌaː	0.5
citynahe	sˈɪtinˌaːə	0.43
citynahem	sˈɪtinˌaːəm	0.38
citynahen	sˈɪtinˌaːən	0.38
citynaher	sˈɪtinˌaːɜ	0.43
citynahes	sˈɪtinˌaːəs	0.38
citynächste	sˈɪtinˌɛːçstə	0.27
citynächster	sˈɪtinˌɛːçstɜ	0.27
citynäher	sˈɪtinˌɛːɜ	0.43
citynähere	sˈɪtinˌɛːərə	0.38
citynäherem	sˈɪtinˌɛːərəm	0.33
citynäheren	sˈɪtinˌɛːərən	0.33
citynäherer	sˈɪtinˌɛːərɜ	0.38
citynäheres	sˈɪtinˌɛːərəs	0.33
clean	kliːn	0.4
cleane	klˈiːnə	0.33
cleanem	klˈiːnəm	0.29
cleanen	kliːnən	0.29
cleanere	klˈiːnərə	0.29
cleanerer	klˈiːnərɜ	0.29
cleanes	klˈiːnəs	0.29
cleverere	klˈɛvərərə	0.29
clevererer	klˈɛvərərɜ	0.29
clowneskere	klaʊnˈɛskərə	0.3
clowneskerem	klaʊnˈɛskərəm	0.27
clowneskeren	klaʊnˈɛskərən	0.27
clowneskerer	klaʊnˈɛskərɜ	0.3
clowneskeres	klaʊnˈɛskərəs	0.27
clownisch	klˈaʊnɪʃ	0.29
coache	kˈɔʊtʃə	0.67
coachen	kˈɔʊtʃən	0.57
coachend	kˈɔʊtʃənt	0.5
coachende	kˈɔʊtʃəndə	0.44
coachendem	kˈɔʊtʃəndəm	0.4
coachenden	kˈɔʊtʃəndən	0.4
coachender	kˈɔʊtʃəndɜ	0.44
coachendes	kˈɔʊtʃəndəs	0.4
coachest	kˈɔʊtʃəst	0.5
coachet	kˈɔʊtʃət	0.57
coachst	kɔʊtʃst	0.57
coacht	kɔʊtʃt	0.67
coachte	kˈɔʊtʃtə	0.57
coachten	kˈɔʊtʃtən	0.5
coachtest	kˈɔʊtʃtəst	0.44
coachtet	kˈɔʊtʃtət	0.5
coden	kˈoːdən	0.4
codend	kˈoːdənt	0.33
codest	kˈoːdəst	0.33
codet	kˈoːdət	0.4
codete	kˈoːdətə	0.33
codeten	kˈoːdətən	0.29
codetet	kˈoːdətət	0.29
coffeinreichste	kɔfeˈiːnrˌaɪçstə	0.29
coffeinreichstem	kɔfeˈiːnrˌaɪçstəm	0.27
coffeinreichsten	kɔfeˈiːnrˌaɪçstən	0.27
coffeinreichster	kɔfeˈiːnrˌaɪçstɜ	0.29
coffeinreichstes	kɔfeˈiːnrˌaɪçstəs	0.27
comichaft	kˈɔmɪkhaft	0.33
comichafte	kˈɔmɪkhaftə	0.3
comichaftem	kˈɔmɪkhaftəm	0.27
comichaften	kˈɔmɪkhaftən	0.27
comichafter	kˈɔmɪkhaftɜ	0.3
comichaftes	kˈɔmɪkhaftəs	0.27
con effetto	koneffˈɛtto	0.3
containernd	kɔntˈeːnɜnt	0.27
cooles	kˈuːləs	0.4
couchähnlich	kˈaʊtʃˌɛːnlɪç	0.36
couchähnliche	kˈaʊtʃˌɛːnlɪçə	0.33
couchähnlichem	kˈaʊtʃˌɛːnlɪçəm	0.31
couchähnlichen	kˈaʊtʃˌɛːnlɪçən	0.31
couchähnlicher	kˈaʊtʃˌɛːnlɪçɜ	0.33
couchähnliches	kˈaʊtʃˌɛːnlɪçəs	0.31
cover	kˈavɜ	0.5
covernd	kˈavɜnt	0.29
crawl	krɔːl	0.4
crawle	krˈɔːlə	0.33
crawlen	krˈɔːlən	0.29
crawlet	krˈɔːlət	0.29
crawlst	krɔːlst	0.29
crawlt	krɔːlt	0.33
crawlte	krˈɔːltə	0.29
cringe	kɹɪntʃ	0.67
cruise	krˈuːzə	0.33
cruisen	krˈuːzən	0.29
cruiset	krˈuːzət	0.29
crèmig	krˈɛːmɪk	0.43
crèmigste	krˈɛːmɪkstə	0.3
crèmigstem	krˈɛːmɪkstəm	0.27
crèmigsten	krˈɛːmɪkstən	0.27
crèmigster	krˈɛːmɪkstɜ	0.3
crèmigstes	krˈɛːmɪkstəs	0.27
customize	kˈastəmaɪsə	0.4
customizen	kˈastəmaɪzən	0.45
customizend	kˈastəmaɪzənt	0.42
customizest	kˈastəmaɪsəst	0.33
customizet	kˈastəmaɪsət	0.36
customizt	kˈastəmaɪst	0.4
customizte	kˈastəmaɪstə	0.36
customizten	kˈastəmaɪstən	0.33
customiztest	kˈastəmaɪstəst	0.31
customiztet	kˈastəmaɪstət	0.33
cutt	kat	0.33
dahabet	dˈaːhˌaːbət	0.29
darinne	darˈɪnə	0.29
darreichst	dˈaːɾrˌaɪçst	0.3
das crazy	das krˈɛɪzi	0.33
datend	dˈɛɪtənt	0.29
datest	dˈɛɪtəst	0.29
datet	dˈɛɪtət	0.33
datete	dˈɛɪtətə	0.29
davysch	dˈɛɪvɪʃ	0.5
davysche	dˈɛɪvɪʃə	0.43
davyschem	dˈɛɪvɪʃəm	0.38
davyschen	dˈɛɪvɪʃən	0.38
davyscher	dˈɛɪvɪʃɜ	0.43
davysches	dˈɛɪvɪʃəs	0.38
dealend	dˈiːlənt	0.33
dealende	dˈiːləndə	0.29
dealender	dˈiːləndɜ	0.29
dealendes	dˈiːləndəs	0.38
dealte	dˈiːltə	0.4
dealtest	dˈiːltəst	0.29
dealtet	dˈiːltət	0.33
debauchier	deboʃˈiːɾ	0.38
debauchiere	deboʃˈiːrə	0.33
debauchieren	deboʃˈiːrən	0.3
debauchierend	deboʃˈiːrənt	0.27
debauchierest	deboʃˈiːrəst	0.27
debauchieret	deboʃˈiːrət	0.3
debauchierst	deboʃˈiːɾst	0.3
debauchiert	deboʃˈiːɾt	0.33
debauchierte	deboʃˈiːɾtə	0.3
debauchierten	deboʃˈiːɾtən	0.27
debauchiertet	deboʃˈiːɾtət	0.27
dechiffrier	deʃɪfrˈiːɾ	0.33
dechiffriere	deʃɪfrˈiːrə	0.3
dechiffrieren	deʃɪfrˈiːrən	0.27
dechiffrieret	deʃɪfrˈiːrət	0.27
dechiffrierst	deʃɪfrˈiːɾst	0.27
dechiffriert	deʃɪfrˈiːɾt	0.3
dechiffrierte	deʃɪfrˈiːɾtə	0.27
dechiffrierter	deʃɪfrˈiːɾtɜ	0.27
degraissier	deɡrɛsˈiːɾ	0.33
degraissiere	deɡrɛsˈiːrə	0.3
degraissieren	deɡrɛsˈiːrən	0.27
degraissieret	deɡrɛsˈiːrət	0.27
degraissierst	deɡrɛsˈiːɾst	0.27
degraissiert	deɡrɛsˈiːɾt	0.3
degraissierte	deɡrɛsˈiːɾtə	0.27
degraissierter	deɡrɛsˈiːɾtɜ	0.27
deichst	daɪçst	0.29
demissionierte	demɪsioʒenˈiːɾtə	0.29
demissioniertem	demɪsioʒenˈiːɾtəm	0.27
demissionierten	demɪsioʒenˈiːɾtən	0.27
demissionierter	demɪsioʒenˈiːɾtɜ	0.29
demissioniertes	demɪsioʒenˈiːɾtəs	0.27
derbarmen	dɜbˈaɾmɜ	0.33
derbröseln	dɜbrˈɛːsəln	0.3
derbätzen	dɜbˈatsən	0.33
derdürren	dɜdˈiːɾn	0.38
derfangen	dɜfˈaŋɜ	0.38
dergeben	dɜɡˈeːm	0.5
derkemmen	dɜkˈɛmɜ	0.38
derkrallen	dɜɡrˈaɪːn	0.44
dersaufen	dɜsˈaʊfɜ	0.44
derschnaufen	dɜʃnˈaʊfɜ	0.3
dersäufen	dɜsˈaʊfɜ	0.67
des.	dezɪɡnˈaːtʊs	0.8
designst	dˌizˈaɪnst	0.38
designt	dˌizˈaɪnt	0.43
designte	dˌizˈaɪntə	0.38
designtem	dˌizˈaɪntəm	0.33
designten	dˌizˈaɪntən	0.33
designter	dˌizˈaɪntɜ	0.38
designtes	dˌizˈaɪntəs	0.33
designtest	dˌizˈaɪntəst	0.3
designtet	dˌizˈaɪntət	0.33
desillusionier	dɛsɪluzionˈiːɾ	0.31
desillusioniere	dɛsɪluzionˈiːrə	0.29
desillusionieren	dɛsɪluzionˈiːrən	0.27
desillusionieret	dɛsɪluzionˈiːrət	0.27
desillusionierst	dɛsɪluzionˈiːɾst	0.27
desillusioniert	dɛsɪluzionˈiːɾt	0.29
desillusionierte	dɛsɪluzionˈiːɾtə	0.27
desillusionierter	dɛsɪluzionˈiːɾtɜ	0.27
diffuse	dɪfˈuːzə	0.33
diffusem	dɪfˈuːzəm	0.29
diffusen	dɪfˈuːzən	0.29
diffuser	dɪfˈuːzɜ	0.33
diffusere	dɪfˈuːzərə	0.29
diffuserer	dɪfˈuːzərɜ	0.29
diffuses	dɪfˈuːzəs	0.29
disambiguier	dɪsambiɡuˈiːɾ	0.27
dobl	doːbəl	0.4
dolchst	dɔlçst	0.29
dorther	dˈɔɾthˌeːɾ	0.29
dos à dos	dˌoːzadˈoː	0.62
down	daʊn	0.5
downcycel	dˈaʊnsˌaɪkəl	0.4
downcycele	dˈaʊnsˌaɪkələ	0.36
downcyceln	dˈaʊnsˌaɪkəln	0.36
downcycelnd	dˈaʊnsˌaɪkəlnt	0.33
downcycelst	dˈaʊnsˌaɪkəlst	0.33
downcycelt	dˈaʊnsˌaɪkəlt	0.36
downcycelte	dˈaʊnsˌaɪkəltə	0.33
downcycelten	dˈaʊnsˌaɪkəltən	0.31
downcyceltest	dˈaʊnsˌaɪkəltəst	0.29
downcyceltet	dˈaʊnsˌaɪkəltət	0.31
downcycle	dˈaʊnsˌaɪklə	0.4
downcyclen	dˈaʊnsˌaɪkəln	0.55
downcyclend	dˈaʊnsˌaɪkəlnt	0.5
downcyclest	dˈaʊnsˌaɪkləst	0.33
downcyclet	dˈaʊnsˌaɪklət	0.36
downcyclete	dˈaʊnsˌaɪkəltə	0.5
downcycleten	dˈaʊnsˌaɪkəltən	0.46
downcycletest	dˈaʊnsˌaɪkəltəst	0.43
downcycletet	dˈaʊnsˌaɪkəltət	0.46
downgecycelt	dˈaʊnɡəsˌaɪkəlt	0.54
downgecycelte	dˈaʊnɡəsˌaɪkəltə	0.5
downgecyceltem	dˈaʊnɡəsˌaɪkəltəm	0.47
downgecycelten	dˈaʊnɡəsˌaɪkəltən	0.47
downgecycelter	dˈaʊnɡəsˌaɪkəltɜ	0.5
downgecyceltes	dˈaʊnɡəsˌaɪkəltəs	0.47
downgecyclet	dˈaʊnɡəsˌaɪkəlt	0.69
downgecyclete	dˈaʊnɡəsˌaɪkəltə	0.64
downgecycletem	dˈaʊnɡəsˌaɪkəltəm	0.6
downgecycleten	dˈaʊnɡəsˌaɪkəltən	0.6
downgecycleter	dˈaʊnɡəsˌaɪkəltɜ	0.64
downgecycletes	dˈaʊnɡəsˌaɪkəltəs	0.6
downgeloadet	dˈaʊnɡəlˌɔʊdət	0.5
downloadend	dˈaʊnlˌɔʊdənt	0.27
downloadendes	dˈaʊnlˌɔʊdəndəs	0.31
downloadete	dˈaʊnlˌɔʊdətə	0.27
downzuloaden	dˈaʊntsulˌɔʊdən	0.31
drangekommen	drˈanɡəkˌɔmən	0.27
drangekriegt	drˈanɡəkrˌiːkt	0.27
drusle	drˈuːzlə	0.33
druslet	drˈuːzlət	0.29
dräschen	drˈɛːʃən	0.38
dräschen ab	drˌɛʃən ˈap	0.3
drösle	drˈøːzlə	0.33
dröslet	drˈøːzlət	0.29
dubios	dubˈioːs	0.29
dunkelorange	dˈʊŋkəlorˌɑ̃ːʃ	0.27
dunklerrote	dˈʊŋkəlrˌoːtərə	0.27
dunklerroter	dˈʊŋkəlrˌoːtərɜ	0.27
durchs	dʊɾçs	0.33
durchstyle	dˈʊɾçstˌaɪlə	0.36
durchstylend	dˈʊɾçstˌaɪlənt	0.31
durchstylende	dˈʊɾçstˌaɪləndə	0.36
durchstylender	dˈʊɾçstˌaɪləndɜ	0.29
durchstylendes	dˈʊɾçstˌaɪləndəs	0.4
durchstylest	dˈʊɾçstˌaɪləst	0.31
durchwuchsen	dˌʊɾçvˈuːksən	0.27
durchzustylen	dˈʊɾçtsustˌaɪlən	0.4
durchzustylende	dˈʊɾçtsustˌaɪləndə	0.47
durchzustylendem	dˈʊɾçtsustˌaɪləndəm	0.33
durchzustylenden	dˈʊɾçtsustˌaɪləndən	0.33
durchzustylender	dˈʊɾçtsustˌaɪləndɜ	0.41
durchzustylendes	dˈʊɾçtsustˌaɪləndəs	0.5
dusle	dˈuːzlə	0.4
duslest	dˈuːzləst	0.29
duslet	dˈuːzlət	0.33
dysenterisch	dʏsɛntˈeːrɪʃ	0.3
dysenterische	dʏsɛntˈeːrɪʃə	0.27
dysenterischer	dʏsɛntˈeːrɪʃɜ	0.27
dünken	dˈʏŋkŋ̩	0.33
d’Hondt’sch	dɔntʃ	0.29
d’accord	dakˈoːɾ	0.43
d’hondtsch	dɔntʃ	0.29
d’hondtschen System	tˌɔntʃə zystˈeːm	0.27
d’hondtsches System	tˌɔntʃəs	0.6
e-maile	ˈiːmɛɪlə	0.33
e-mailen	ˈiːmɛɪlən	0.29
e-mailet	ˈiːmɛɪlət	0.29
e-mailst	ˈiːmɛɪlst	0.29
e-mailt	ˈiːmɛɪlt	0.33
e-mailte	ˈiːmɛɪltə	0.29
eBays	ˈiːbɛɪs	0.4
easy	ˈiːzi	0.5
easy peasy	ˈiːzi pˈiːzi	0.44
easy-peasy	ˈiːzi pˈiːzi	0.44
ebbet	ˈɛbət	0.4
ec-Karte	etsˈeːkˌaɾtə	0.33
ec-Karten	etsˈeːkˌaɾtən	0.3
echappier	eʃapˈiːɾ	0.43
echappiere	eʃapˈiːrə	0.38
echappieren	eʃapˈiːrən	0.33
echappierend	eʃapˈiːrənt	0.3
echappierende	eʃapˈiːrəndə	0.27
echappierender	eʃapˈiːrəndɜ	0.27
echappierest	eʃapˈiːrəst	0.3
echappieret	eʃapˈiːrət	0.33
echappierst	eʃapˈiːɾst	0.33
echappiert	eʃapˈiːɾt	0.38
echappierte	eʃapˈiːɾtə	0.33
echappierten	eʃapˈiːɾtən	0.3
echappiertest	eʃapˈiːɾtəst	0.27
echappiertet	eʃapˈiːɾtət	0.3
echauffier	eʃɔfˈiːɾ	0.62
echauffiere	eʃɔfˈiːrə	0.56
echauffieren	eʃɔfˈiːrən	0.5
echauffierend	eʃɔfˈiːrənt	0.45
echauffierende	eʃɔfˈiːrəndə	0.42
echauffierendem	eʃɔfˈiːrəndəm	0.38
echauffierenden	eʃɔfˈiːrəndən	0.38
echauffierender	eʃɔfˈiːrəndɜ	0.42
echauffierendes	eʃɔfˈiːrəndəs	0.38
echauffierest	eʃɔfˈiːrəst	0.45
echauffieret	eʃɔfˈiːrət	0.5
echauffierst	eʃɔfˈiːɾst	0.5
echauffiert	eʃɔfˈiːɾt	0.56
echauffierte	eʃɔfˈiːɾtə	0.5
echauffiertem	eʃɔfˈiːɾtəm	0.45
echauffierten	eʃɔfˈiːɾtən	0.45
echauffierter	eʃɔfˈiːɾtɜ	0.5
echauffiertes	eʃɔfˈiːɾtəs	0.45
echauffiertest	eʃɔfˈiːɾtəst	0.42
echauffiertet	eʃɔfˈiːɾtət	0.45
efeubewachsen	ˈeːfɔɪbəvˌaksən	0.33
efeubewachsene	ˈeːfɔɪbəvˌaksənə	0.31
efeubewachsenem	ˈeːfɔɪbəvˌaksənəm	0.29
efeubewachsenen	ˈeːfɔɪbəvˌaksənən	0.29
efeubewachsener	ˈeːfɔɪbəvˌaksənɜ	0.31
efeubewachsenes	ˈeːfɔɪbəvˌaksənəs	0.29
ehebrichst	ˈeːəbrˌɪçst	0.33
ehedem	eːədˈeːm	0.4
ehegebrochen	ˈeːəɡəbrˌoːxən	0.3
ehevorgestern	ˈeːəfˌoːɾɡɛstɜn	0.27
eichst	aɪçst	0.33
einachsig	ˈaɪnˌaksɪç	0.33
eingenachtet	ˈainɡenˌaxtet	0.27
einhinfahren	ˈaineɡfˌaːn	0.64
einhingehen	aineɡˈaŋɜ	0.89
einhinwerfen	aineɡbˈoafa	0.82
einigt	ˈaɪnɪçt	0.29
einräum	ˈaɪnrˌɔɪm	0.29
einschäum	ˈaɪnʃˌɔɪm	0.29
einstig	ˈaɪnstɪç	0.5
einsäum	ˈaɪnzˌɔɪm	0.29
einwuchs	ˈaɪnvˌuːks	0.29
einwuchsen	ˈaɪnvˌuːksən	0.33
ekklesiogen	ɛklezioɡˈeːn	0.27
eljen	ˈeːljɛn	0.4
emaile	ˈiːmɛɪlə	0.33
emailen	ˈiːmɛɪlən	0.29
emailet	ˈiːmɛɪlət	0.29
emailst	ˈiːmɛɪlst	0.29
emailt	ˈiːmɛɪlt	0.33
emailte	ˈiːmɛɪltə	0.29
embetier	ɑ̃betˈiːɾ	0.29
empordiene	ɛmpˈoːɾdˌiːnə	0.36
empordienen	ɛmpˈoːɾdˌiːnən	0.33
empordienend	ɛmpˈoːɾdˌiːnənt	0.31
empordienende	ɛmpˈoːɾdˌiːnəndə	0.29
empordienendem	ɛmpˈoːɾdˌiːnəndəm	0.27
empordienenden	ɛmpˈoːɾdˌiːnəndən	0.27
empordienender	ɛmpˈoːɾdˌiːnəndɜ	0.29
empordienendes	ɛmpˈoːɾdˌiːnəndəs	0.27
empordienest	ɛmpˈoːɾdˌiːnəst	0.31
empordienet	ɛmpˈoːɾdˌiːnət	0.33
emporgewachsen	ɛmpˈoːɾɡəvˌaksən	0.31
emporgewachsene	ɛmpˈoːɾɡəvˌaksənə	0.29
emporgewachsenem	ɛmpˈoːɾɡəvˌaksənəm	0.27
emporgewachsenen	ɛmpˈoːɾɡəvˌaksənən	0.27
emporgewachsener	ɛmpˈoːɾɡəvˌaksənɜ	0.29
emporgewachsenes	ɛmpˈoːɾɡəvˌaksənəs	0.27
emporwachse	ɛmpˈoːɾvˌaksə	0.3
emporwachsen	ɛmpˈoːɾvˌaksən	0.27
emporwachset	ɛmpˈoːɾvˌaksət	0.27
emporwuchs	ɛmpˈoːɾvˌuːks	0.33
emporwuchsen	ɛmpˈoːɾvˌuːksən	0.36
emporwuchsest	ɛmpˈoːɾvˌuːksəst	0.33
emporwuchst	ɛmpˈoːɾvˌuːkst	0.3
emporzudienen	ɛmpˈoːɾtsudˌiːnən	0.27
en bloc	ɑ̃ːblˈɔk	0.5
en detail	ɑ̃ːdetˈaɪ	0.29
en détail	ɑ̃ːdetˈaɪ	0.38
en face	ɑ̃ː fˈas	0.67
en gros	ɑ̃ɡrˈoː	0.5
en masse	ɑ̃ːmˈas	0.5
en passant	ɑ̃pasˈɑ̃ː	0.5
en passant schlagen	ɑ̃pasˈɑ̃ ʃlˈaːɡən	0.29
en suite	ɑ̃ː svˈiːt	0.5
en vogue	ɑ̃ voːk	0.6
encanaillier	ɑ̃kanajˈiːɾ	0.4
encanailliere	ɑ̃kanajˈiːrə	0.36
encanaillieren	ɑ̃kanajˈiːrən	0.33
encanaillierend	ɑ̃kanajˈiːrənt	0.31
encanaillierende	ɑ̃kanajˈiːrəndə	0.29
encanaillierendem	ɑ̃kanajˈiːrəndəm	0.27
encanaillierenden	ɑ̃kanajˈiːrəndən	0.27
encanaillierender	ɑ̃kanajˈiːrəndɜ	0.29
encanaillierendes	ɑ̃kanajˈiːrəndəs	0.27
encanaillierest	ɑ̃kanajˈiːrəst	0.31
encanaillieret	ɑ̃kanajˈiːrət	0.33
encanaillierst	ɑ̃kanajˈiːɾst	0.33
encanailliert	ɑ̃kanajˈiːɾt	0.36
encanaillierte	ɑ̃kanajˈiːɾtə	0.33
encanaillierten	ɑ̃kanajˈiːɾtən	0.31
encanailliertest	ɑ̃kanajˈiːɾtəst	0.29
encanailliertet	ɑ̃kanajˈiːɾtət	0.31
encouragier	ɑ̃kuraʒˈiːɾ	0.33
encouragiere	ɑ̃kuraʒˈiːrə	0.3
encouragieren	ɑ̃kuraʒˈiːrən	0.27
encouragieret	ɑ̃kuraʒˈiːrət	0.27
encouragierst	ɑ̃kuraʒˈiːɾst	0.27
encouragiert	ɑ̃kuraʒˈiːɾt	0.3
encouragierte	ɑ̃kuraʒˈiːɾtə	0.27
encouragierter	ɑ̃kuraʒˈiːɾtɜ	0.27
enneaeterisch	enneaeterisch	0.69
enneaeterische	ɛneaetˈeːrɪʃə	0.27
enneaeterischer	ɛneaetˈeːrɪʃɜ	0.27
ennuyier	ɑ̃nyjˈiːɾ	0.43
ennuyiere	ɑ̃nyjˈiːrə	0.38
ennuyieren	ɑ̃nyjˈiːrən	0.33
ennuyierend	ɑ̃nyjˈiːrənt	0.3
ennuyierende	ɑ̃nyjˈiːrəndə	0.27
ennuyierender	ɑ̃nyjˈiːrəndɜ	0.27
ennuyierest	ɑ̃nyjˈiːrəst	0.3
ennuyieret	ɑ̃nyjˈiːrət	0.33
ennuyierst	ɑ̃nyjˈiːɾst	0.33
ennuyiert	ɑ̃nyjˈiːɾt	0.38
ennuyierte	ɑ̃nyjˈiːɾtə	0.33
ennuyiertem	ɑ̃nyjˈiːɾtəm	0.3
ennuyierten	ɑ̃nyjˈiːɾtən	0.3
ennuyierter	ɑ̃nyjˈiːɾtɜ	0.33
ennuyiertes	ɑ̃nyjˈiːɾtəs	0.3
ennuyiertest	ɑ̃nyjˈiːɾtəst	0.27
ennuyiertet	ɑ̃nyjˈiːɾtət	0.3
enragiert	ɑ̃raʒˈiːɾt	0.38
enragierte	ɑ̃raʒˈiːɾtə	0.33
enragiertem	ɑ̃raʒˈiːɾtəm	0.3
enragierten	ɑ̃raʒˈiːɾtən	0.3
enragierter	ɑ̃raʒˈiːɾtɜ	0.33
enragiertere	ɑ̃raʒˈiːɾtərə	0.3
enragierterem	ɑ̃raʒˈiːɾtərəm	0.27
enragierteren	ɑ̃raʒˈiːɾtərən	0.27
enragierterer	ɑ̃raʒˈiːɾtərɜ	0.3
enragierteres	ɑ̃raʒˈiːɾtərəs	0.27
enragiertes	ɑ̃raʒˈiːɾtəs	0.3
entertet	ˈɛntɜtət	0.29
entwuchs	ɛntvˈuːks	0.29
entwuchsen	ɛntvˈuːksən	0.33
entwuchsest	ɛntvˈuːksəst	0.3
erbsengroß	ˈɛɾpsənɡrˌoːs	0.4
erbsengroße	ˈɛɾpsənɡrˌoːsə	0.36
erbsengroßem	ˈɛɾpsənɡrˌoːsəm	0.33
erbsengroßen	ˈɛɾpsənɡrˌoːsən	0.33
erbsengroßer	ˈɛɾpsənɡrˌoːsɜ	0.36
erbsengroßes	ˈɛɾpsənɡrˌoːsəs	0.33
erbsengrün	ˈɛɾpsənɡrˌyːn	0.4
erbsengrüne	ˈɛɾpsənɡrˌyːnə	0.36
erbsengrünem	ˈɛɾpsənɡrˌyːnəm	0.33
erbsengrünen	ˈɛɾpsənɡrˌyːnən	0.33
erbsengrüner	ˈɛɾpsənɡrˌyːnɜ	0.36
erbsengrünes	ˈɛɾpsənɡrˌyːnəs	0.33
erdbeerrot	ˈeːɾtbeːɾrˌoːt	0.33
erdbeerrote	ˈeːɾtbeːɾrˌoːtə	0.3
erdbeerrotem	ˈeːɾtbeːɾrˌoːtəm	0.27
erdbeerroten	ˈeːɾtbeːɾrˌoːtən	0.27
erdbeerroter	ˈeːɾtbeːɾrˌoːtɜ	0.3
erdbeerrotes	ˈeːɾtbeːɾrˌoːtəs	0.27
erdend	ˈeːɾdənt	0.33
erdende	ˈeːɾdəndə	0.29
erdender	ˈeːɾdəndɜ	0.29
erdest	ˈeːɾdəst	0.33
erdet	ˈeːɾdət	0.4
erdete	ˈeːɾdətə	0.33
erdeten	ˈeːɾdətən	0.29
erdetet	ˈeːɾdətət	0.29
erdgasreichste	ˈeːɾtɡaːsrˌaɪçstə	0.29
erdgasreichstem	ˈeːɾtɡaːsrˌaɪçstəm	0.27
erdgasreichsten	ˈeːɾtɡaːsrˌaɪçstən	0.27
erdgasreichster	ˈeːɾtɡaːsrˌaɪçstɜ	0.29
erdgasreichstes	ˈeːɾtɡaːsrˌaɪçstəs	0.27
erdgroß	ˈeːɾtɡrˌoːs	0.29
erdnah	ˈeːɾtnˌaː	0.4
erdnahe	ˈeːɾtnaːə	0.33
erdnahem	ˈeːɾtnaːəm	0.29
erdnahen	ˈeːɾtnaːən	0.29
erdnaher	ˈeːɾtnaːɜ	0.33
erdnahere	ˈeːɾtnˌaːərə	0.29
erdnaherer	ˈeːɾtnˌaːərɜ	0.29
erdnahes	ˈeːɾtnaːəs	0.29
erdnäher	ˈeːɾtnɛːɜ	0.33
erdschwarz	ˈeːɾtʃvˌaɾts	0.33
erdschwarze	ˈeːɾtʃvˌaɾtsə	0.3
erdschwarzem	ˈeːɾtʃvˌaɾtsəm	0.27
erdschwarzen	ˈeːɾtʃvˌaɾtsən	0.27
erdschwarzer	ˈeːɾtʃvˌaɾtsɜ	0.3
erdschwarzes	ˈeːɾtʃvˌaɾtsəs	0.27
erdölreich	ˈeːɾtøːlrˌaɪç	0.3
erdölreiche	ˈeːɾtøːlrˌaɪçə	0.27
erdölreicher	ˈeːɾtøːlrˌaɪçɜ	0.27
erdölreichste	ˈeːɾtøːlrˌaɪçstə	0.38
erdölreichstem	ˈeːɾtøːlrˌaɪçstəm	0.36
erdölreichsten	ˈeːɾtøːlrˌaɪçstən	0.36
erdölreichster	ˈeːɾtøːlrˌaɪçstɜ	0.38
erdölreichstes	ˈeːɾtøːlrˌaɪçstəs	0.36
erfighte	ɛɾfˈaɪtə	0.29
erfightend	ɛɾfˈaɪtənt	0.33
erfightende	ɛɾfˈaɪtəndə	0.3
erfightender	ɛɾfˈaɪtəndɜ	0.3
erfightendes	ɛɾfˈaɪtəndəs	0.36
erfightete	ɛɾfˈaɪtətə	0.33
erfighteter	ɛɾfˈaɪtətɜ	0.33
erfightetes	ɛɾfˈaɪtətəs	0.3
erfightetest	ɛɾfˈaɪtətəst	0.27
erfightetet	ɛɾfˈaɪtətət	0.3
ergetze	ɛɾɡˈɛtsə	0.29
erhorchest	ɛɾhˈɔɾçəst	0.3
eritreisch	eritrˈeːɪʃ	0.38
eritreische	eritrˈeːɪʃə	0.33
eritreischem	eritrˈeːɪʃəm	0.3
eritreischen	eritrˈeːɪʃən	0.3
eritreischer	eritrˈeːɪʃɜ	0.33
eritreisches	eritrˈeːɪʃəs	0.3
erlesner	ɛɾlˈeːznɜ	0.29
ermöglichst	ɛɾmˈøːklɪçst	0.36
erobre	ɛɾˈoːbrə	0.33
erogen	eroɡˈeːn	0.33
erogene	eroɡˈeːnə	0.29
erogener	eroɡˈeːnɜ	0.29
erstem	ˈeːɾstəm	0.5
erstere	ˈeːɾstərə	0.43
ersterem	ˈeːɾstərəm	0.38
ersteren	ˈeːɾstərən	0.38
ersterer	ˈeːɾstərɜ	0.43
ersteres	ˈeːɾstərəs	0.38
erträum	ɛɾtrˈɔɪm	0.29
erwachse	ɛɾvˈaksə	0.29
erwuchs	ɛɾvˈuːks	0.33
erwuchsen	ɛɾvˈuːksən	0.38
erwuchsest	ɛɾvˈuːksəst	0.33
erwuchst	ɛɾvˈuːkst	0.29
erze	ˈeːɾtsə	0.4
erzend	ˈeːɾtsənt	0.29
erzene	ˈeːɾtsənə	0.29
erzener	ˈeːɾtsənɜ	0.29
erzest	ˈeːɾtsəst	0.29
erzet	ˈeːɾtsət	0.33
erztet	ˈeːɾtstət	0.29
et cetera	ɛt tsˈeːtera	0.33
etc.	ɛt tsˈeːtera	0.78
etc. pp.	ɛt tsˈeːtera pepˈeː	0.54
etwaig	ˈɛtvaɪç	0.29
etwas auf Eis legen	aʊf ˈaɪs lˌeːɡən	0.31
etwas rund machen	rʊnt mˈaxən	0.36
eventualiter	evɛntʊˈalɪtɜ	0.27
evtl.	evɛntuˈɛl	0.62
facebook	fˈɛɪsbʊk	0.57
facebooke	fˈɛɪsbʊkə	0.5
facebooken	fˈɛɪsbʊkən	0.44
facebookend	fˈɛɪsbʊkənt	0.4
facebookest	fˈɛɪsbʊkəst	0.4
facebooket	fˈɛɪsbʊkət	0.44
facebookst	fˈɛɪsbʊkst	0.44
facebookt	fˈɛɪsbʊkt	0.5
facebookte	fˈɛɪsbʊktə	0.44
facebookten	fˈɛɪsbʊktən	0.4
facebooktest	fˈɛɪsbʊktəst	0.36
facebooktet	fˈɛɪsbʊktət	0.4
facettenreichste	fasˈɛtənrˌaɪçstə	0.27
facettenreichster	fasˈɛtənrˌaɪçstɜ	0.27
faken	fˈɛɪkən	0.33
fakend	fˈɛɪkənt	0.29
fakest	fˈɛɪkəst	0.29
faket	fˈɛɪkət	0.33
fakst	fɛɪkst	0.33
fakte	fˈɛɪktə	0.33
faktet	fˈɛɪktət	0.29
feature	fˈiːtʃɜ	0.57
featuren	fˈiːtʃɜn	0.5
featurend	fˈiːtʃɜnt	0.44
featurende	fˈiːtʃɜndə	0.4
featurendem	fˈiːtʃɜndəm	0.36
featurenden	fˈiːtʃɜndən	0.36
featurender	fˈiːtʃɜndɜ	0.4
featurendes	fˈiːtʃɜndəs	0.36
featurest	fˈiːtʃɜrəst	0.44
featuret	fˈiːtʃɜrət	0.5
featurst	fˈiːtʃɜst	0.38
featurt	fˈiːtʃɜt	0.43
featurte	fˈiːtʃɜtə	0.38
featurten	fˈiːtʃɜtən	0.33
featurtest	fˈiːtʃɜtəst	0.3
featurtet	fˈiːtʃɜtət	0.33
fehlgesteuert	fˈeːlɡəʃtˌɔɪɜt	0.27
fehlsteuernd	fˈeːlʃtˌɔɪɜnt	0.27
fehlsteure	fˈeːlʃtˌɔɪrə	0.33
ferngeguckt	fˈɛɾnɡəɡˌʊkt	0.3
ferngehalten	fˈɛɾnɡəhˌaltən	0.33
ferngehaltene	fˈɛɾnɡəhˌaltənə	0.31
ferngehaltenem	fˈɛɾnɡəhˌaltənəm	0.29
ferngehaltenen	fˈɛɾnɡəhˌaltənən	0.29
ferngehaltener	fˈɛɾnɡəhˌaltənɜ	0.31
ferngehaltenes	fˈɛɾnɡəhˌaltənəs	0.29
ferngeschaut	fˈɛɾnɡəʃˌaʊt	0.3
ferngesehen	fˈɛɾnɡəzˌeːən	0.3
ferngesteuert	fˈɛɾnɡəʃtˌɔɪɜt	0.42
ferngesteuerte	fˈɛɾnɡəʃtˌɔɪɜtə	0.38
ferngesteuertem	fˈɛɾnɡəʃtˌɔɪɜtəm	0.36
ferngesteuerten	fˈɛɾnɡəʃtˌɔɪɜtən	0.36
ferngesteuerter	fˈɛɾnɡəʃtˌɔɪɜtɜ	0.38
ferngesteuertes	fˈɛɾnɡəʃtˌɔɪɜtəs	0.36
fernsteure	fˈɛɾnʃtˌɔɪrə	0.3
feschen	fˈɛʃən	0.43
festig	fˈɛstɪç	0.43
festigst	fˈɛstɪçst	0.33
festwuchsen	fˈɛstvˌuːksən	0.3
festwuchsest	fˈɛstvˌuːksəst	0.27
feuerbestatt	fˈɔɪɜbəʃtˌat	0.3
feuerbestatte	fˈɔɪɜbəʃtˌatə	0.27
feuernd	fˈɔɪɜnt	0.29
feuilletonistisch	føjətonˈɪstɪʃ	0.29
feuilletonistische	føjətonˈɪstɪʃə	0.27
feuilletonistischer	føjətonˈɪstɪʃɜ	0.27
fianchettier	fiaŋkɛtˈiːɾ	0.3
fianchettiere	fiaŋkɛtˈiːrə	0.27
fianchettiert	fiaŋkɛtˈiːɾt	0.27
fightend	fˈaɪtənt	0.29
fightendes	fˈaɪtəndəs	0.33
fightete	fˈaɪtətə	0.29
figurbetont	fiɡˈuːɾbətˌoːnt	0.27
flachse	flˈaksə	0.33
flachsen	flˈaksən	0.29
flachset	flˈaksət	0.29
folio	fˈoːlio	0.33
fortgeholt	fˈɔɾtɡəhˌoːlt	0.3
fortgeholte	fˈɔɾtɡəhˌoːltə	0.27
fortgeholter	fˈɔɾtɡəhˌoːltɜ	0.27
fortsterbet	fˈɔɾtʃtˌɛɾbət	0.27
fortzusterben	fˈɔɾttsuʃtˌɛɾbən	0.29
forward	fˈoːɾvɜt	0.29
foule	fˈaʊlə	0.4
foulen	fˈaʊlən	0.33
foulend	fˈaʊlənt	0.29
foulest	fˈaʊləst	0.29
foulet	fˈaʊlət	0.33
foulst	faʊlst	0.33
foult	faʊlt	0.4
foulte	fˈaʊltə	0.33
foulten	fˈaʊltən	0.29
foultet	fˈaʊltət	0.29
francotreu	frˈaŋkotrˌɔɪ	0.3
francotreue	frˈaŋkotrˌɔɪə	0.27
francotreuer	frˈaŋkotrˌɔɪɜ	0.27
furchst	fʊɾçst	0.29
furios	furˈioːs	0.29
färbig	fˈɛɾbɪk	0.29
g/km	ɡram proː kˌilomˈeːtɜ	0.8
geairbrusht	ɡəˈeːɾbrˌaʃt	0.7
geangelt	ɡəˈaŋəlt	0.38
geangelte	ɡəˈaŋəltə	0.33
geangeltem	ɡəˈaŋəltəm	0.3
geangelten	ɡəˈaŋəltən	0.3
geangelter	ɡəˈaŋəltɜ	0.33
geangeltes	ɡəˈaŋəltəs	0.3
gebabysittet	ɡəbˈeːbizˌɪtət	0.54
gebeacht	ɡəbˈiːtʃt	0.43
gebeamt	ɡəbˈiːmt	0.29
gebebt	ɡəbˈeːpt	0.33
gebengelt	ɡəbˈɛŋəlt	0.44
gebiked	ɡəbˈaɪkt	0.38
gebingewatcht	ɡəbˈɪndʒwˌɔtʃt	0.42
gebingewatchte	ɡəbˈɪndʒwˌɔtʃtə	0.38
gebingewatchtem	ɡəbˈɪndʒwˌɔtʃtəm	0.36
gebingewatchten	ɡəbˈɪndʒwˌɔtʃtən	0.36
gebingewatchter	ɡəbˈɪndʒwˌɔtʃtɜ	0.38
gebingewatchtes	ɡəbˈɪndʒwˌɔtʃtəs	0.36
gebingt	ɡəbˈɪndʒt	0.38
geboomt	ɡəbˈuːmt	0.43
gebowlt	ɡəbˈoːlt	0.29
gebruncht	ɡəbrˈantʃt	0.33
gebuzzert	ɡəbˈazɜt	0.38
gecacht	ɡəkˈɛʃt	0.33
gecachte	ɡəkˈɛʃtə	0.29
gecachter	ɡəkˈɛʃtɜ	0.29
gecancelt	ɡəkˈɛntsəlt	0.3
gecancelte	ɡəkˈɛntsəltə	0.27
gecancelter	ɡəkˈɛntsəltɜ	0.27
gech	ɡeːx	0.75
gecheatet	ɡətʃˈiːtət	0.44
gecheckt	ɡətʃˈɛkt	0.29
gechippt	ɡətʃˈɪpt	0.29
gecoacht	ɡəkˈɔʊtʃt	0.5
gecoachte	ɡəkˈɔʊtʃtə	0.44
gecoachtem	ɡəkˈɔʊtʃtəm	0.4
gecoachten	ɡəkˈɔʊtʃtən	0.4
gecoachter	ɡəkˈɔʊtʃtɜ	0.44
gecoachtes	ɡəkˈɔʊtʃtəs	0.4
gecodet	ɡəkˈoːdət	0.29
gedealt	ɡədˈiːlt	0.57
gedealte	ɡədˈiːltə	0.71
gedealtem	ɡədˈiːltəm	0.44
gedealten	ɡədˈiːltən	0.44
gedealter	ɡədˈiːltɜ	0.62
gedealtes	ɡədˈiːltəs	0.62
gedownloadet	ɡədˈaʊnlˌɔʊdət	0.38
geentert	ɡəˈɛntɜt	0.57
geenterte	ɡəˈɛntɜtə	0.62
geentertem	ɡəˈɛntɜtəm	0.44
geenterten	ɡəˈɛntɜtən	0.44
geenterter	ɡəˈɛntɜtɜ	0.62
geentertes	ɡəˈɛntɜtəs	0.56
geerdet	ɡəˈeːɾdət	0.29
gefacebookt	ɡəfˈɛɪsbʊkt	0.4
gefaked	ɡəfˈɛɪkt	0.43
gefakt	ɡəfˈɛɪkt	0.29
gefeatured	ɡəfˈiːtʃɜt	0.4
gefeaturt	ɡəfˈiːtʃɜt	0.33
gefeaturte	ɡəfˈiːtʃɜtə	0.3
gefeaturtem	ɡəfˈiːtʃɜtəm	0.27
gefeaturten	ɡəfˈiːtʃɜtən	0.27
gefeaturter	ɡəfˈiːtʃɜtɜ	0.3
gefeaturtes	ɡəfˈiːtʃɜtəs	0.27
gefightet	ɡəfˈaɪtət	0.44
gefoult	ɡəfˈaʊlt	0.29
gegehrtem	ɡəɡˈeːɾtəm	0.33
gegendert	ɡədʒˈɛndɜt	0.56
gegrient	ɡəɡrˈiːnt	0.33
gegriente	ɡəɡrˈiːntə	0.3
gegrientem	ɡəɡrˈiːntəm	0.27
gegrienten	ɡəɡrˈiːntən	0.27
gegrienter	ɡəɡrˈiːntɜ	0.3
gegrientes	ɡəɡrˈiːntəs	0.27
geh vorneweg	ɡˌeː fɔɾnəvˈɛk	0.5
gehbehindert	ɡˈeːbəhˌɪndɜt	0.4
gehbehinderte	ɡˈeːbəhˌɪndɜtə	0.36
gehbehindertem	ɡˈeːbəhˌɪndɜtəm	0.33
gehbehinderten	ɡˈeːbəhˌɪndɜtən	0.33
gehbehinderter	ɡˈeːbəhˌɪndɜtɜ	0.36
gehbehindertes	ɡˈeːbəhˌɪndɜtəs	0.33
gehe vorneweg	ɡˌeːə fɔɾnəvˈɛk	0.45
geheadbangt	ɡəhˈɛtbˌɛŋt	0.4
geheckt	ɡəhˈɛkt	0.33
gehegt	ɡəhˈeːkt	0.33
gehegte	ɡəhˈeːktə	0.29
gehegter	ɡəhˈeːktɜ	0.29
gehehlt	ɡəhˈeːlt	0.33
gehehlte	ɡəhˈeːltə	0.29
gehehlter	ɡəhˈeːltɜ	0.29
gehellt	ɡəhˈɛlt	0.33
gehellte	ɡəhˈɛltə	0.29
gehellter	ɡəhˈɛltɜ	0.29
gehelmt	ɡəhˈɛlmt	0.29
gehemmt	ɡəhˈɛmt	0.33
gehemmte	ɡəhˈɛmtə	0.29
gehemmter	ɡəhˈɛmtɜ	0.29
gehen vorneweg	ɡˌeːən fɔɾnəvˈɛk	0.42
gehenkelt	ɡəhˈɛŋkəlt	0.44
gehenkelte	ɡəhˈɛŋkəltə	0.4
gehenkeltem	ɡəhˈɛŋkəltəm	0.36
gehenkelten	ɡəhˈɛŋkəltən	0.36
gehenkelter	ɡəhˈɛŋkəltɜ	0.4
gehenkeltes	ɡəhˈɛŋkəltəs	0.36
gehenkt	ɡəhˈɛŋkt	0.57
gehenkte	ɡəhˈɛŋktə	0.5
gehenktem	ɡəhˈɛŋktəm	0.44
gehenkten	ɡəhˈɛŋktən	0.44
gehenkter	ɡəhˈɛŋktɜ	0.5
gehenktes	ɡəhˈɛŋktəs	0.44
geherrscht	ɡəhˈɛɾʃt	0.43
geherzt	ɡəhˈɛɾtst	0.38
geherzte	ɡəhˈɛɾtstə	0.33
geherzten	ɡəhˈɛɾtstən	0.3
geherzter	ɡəhˈɛɾtstɜ	0.33
geherztes	ɡəhˈɛɾtstəs	0.3
gehest vorneweg	ɡˌeːəst fɔɾnəvˈɛk	0.38
gehet vorneweg	ɡˌeːət fɔɾnəvˈɛk	0.42
gehetzt	ɡəhˈɛtst	0.29
gehext	ɡəhˈɛkst	0.29
gehle	ɡˈeːlə	0.6
gehlem	ɡˈeːləm	0.5
gehorchest	ɡəhˈɔɾçəst	0.3
gehre	ɡˈeːrə	0.6
gehrend	ɡˈeːrənt	0.43
gehrende	ɡˈeːrəndə	0.38
gehrendem	ɡˈeːrəndəm	0.33
gehrenden	ɡˈeːrəndən	0.33
gehrender	ɡˈeːrəndɜ	0.38
gehrendes	ɡˈeːrəndəs	0.33
gehrest	ɡˈeːrəst	0.43
gehret	ɡˈeːrət	0.5
gehrtest	ɡˈeːɾtəst	0.38
gehrtet	ɡˈeːɾtət	0.43
gehst vorneweg	ɡˌeːst fɔɾnəvˈɛk	0.42
geht vorneweg	ɡˌeːt fɔɾnəvˈɛk	0.45
gehypt	ɡəhˈaɪpt	0.29
geiaht	ɡəˈiːˌaːt	0.4
geigelt	ɡəˈiːɡəlt	0.29
geihrzt	ɡəˈiːɾtst	0.38
geihrzte	ɡəˈiːɾtstə	0.33
geihrztem	ɡəˈiːɾtstəm	0.3
geihrzten	ɡəˈiːɾtstən	0.3
geihrzter	ɡəˈiːɾtstɜ	0.33
geihrztes	ɡəˈiːɾtstəs	0.3
geinlinert	ɡəˈɪnlaɪnɜt	0.3
geinlinet	ɡəˈɪnlaɪnt	0.44
geistesabwesend	ɡˈaɪstəsˌapveːzənt	0.33
geistesabwesende	ɡˈaɪstəsˌapveːzəndə	0.31
geistesabwesendem	ɡˈaɪstəsˌapveːzəndəm	0.29
geistesabwesenden	ɡˈaɪstəsˌapveːzəndən	0.29
geistesabwesender	ɡˈaɪstəsˌapveːzəndɜ	0.31
geistesabwesendes	ɡˈaɪstəsˌapveːzəndəs	0.29
gejammt	ɡədʒˈɛmt	0.43
gejazzt	ɡədʒˈɛst	0.43
gejeut	ɡəʒˈøːt	0.33
gejobbt	ɡədʒˈɔpt	0.43
gejoggt	ɡədʒˈɔkt	0.29
gejumpt	ɡədʒˈampt	0.38
gelayoutet	ɡəlˈɛɪˌaʊtət	0.3
gelayoutete	ɡəlˈɛɪˌaʊtətə	0.27
gelayouteter	ɡəlˈɛɪˌaʊtətɜ	0.27
gele	ɡˈeːlə	0.5
geleakt	ɡəlˈiːkt	0.29
geleased	ɡəlˈiːst	0.5
geleast	ɡəlˈiːst	0.29
gelem	ɡˈeːləm	0.4
gelend	ɡˈeːlənt	0.33
gelende	ɡˈeːləndə	0.29
gelender	ɡˈeːləndɜ	0.29
gelest	ɡˈeːləst	0.33
gelet	ɡˈeːlət	0.4
gelier	ʒelˈiːɾ	0.4
geliere	ʒelˈiːrə	0.33
gelieren	ʒelˈiːrən	0.29
gelieret	ʒelˈiːrət	0.29
gelierst	ʒelˈiːɾst	0.29
geliert	ʒelˈiːɾt	0.33
gelierte	ʒelˈiːɾtə	0.29
gelierter	ʒelˈiːɾtɜ	0.29
geliked	ɡəlˈaɪkt	0.43
gemanagt	ɡəmˈɛnɪtʃt	0.44
gemanagte	ɡəmˈɛnɪdʒtə	0.4
gemanagtem	ɡəmˈɛnɪdʒtəm	0.36
gemanagten	ɡəmˈɛnɪdʒtən	0.36
gemanagter	ɡəmˈɛnɪdʒtɜ	0.4
gemanagtes	ɡəmˈɛnɪdʒtəs	0.36
gemeingerm.	ɡəmˈaɪnɡɛɾmˌaːnɪʃ	0.5
gemècht	ɡəmˈɛʃt	0.29
gender	dʒˈɛndɜ	0.33
gendere	dʒˈɛndərə	0.29
gendern	dʒˈɛndɜn	0.29
gendernd	dʒˈɛndɜnt	0.38
genderqueer	dʒˈɛndɜkvˌiːɾ	0.3
genderqueere	dʒˈɛndɜkvˌiːrə	0.27
genderqueerer	dʒˈɛndɜkvˌiːrɜ	0.27
gendert	dʒˈɛndɜt	0.29
gendre	dʒˈɛndrə	0.29
generell	ɡenərˈɛl	0.29
generier	ɡenərˈiːɾ	0.29
generisch	ɡenˈeːrɪʃ	0.29
generös	ɡenərˈøːs	0.29
genier	ʒenˈiːɾ	0.4
geniere	ʒenˈiːrə	0.33
genieren	ʒenˈiːrən	0.29
genieret	ʒenˈiːrət	0.29
genierst	ʒenˈiːɾst	0.29
geniert	ʒenˈiːɾt	0.33
genierte	ʒenˈiːɾtə	0.29
genierter	ʒenˈiːɾtɜ	0.29
genuggetan	ɡənˈuːkɡətˌaːn	0.3
genuin	ɡenuˈiːn	0.33
genuiner	ɡenuˈiːnɜ	0.29
geobst	ɡəˈɔpst	0.33
geochst	ɡəˈɔkst	0.5
geoffenbart	ɡəɔfənbˈaːɾt	0.3
geoffenbarte	ɡəɔfənbˈaːɾtə	0.27
geoffenbarter	ɡəɔfənbˈaːɾtɜ	0.27
geostet	ɡəˈɔstət	0.29
geoutet	ɡəˈaʊtət	0.43
geoutete	ɡəˈaʊtətə	0.38
geoutetem	ɡəˈaʊtətəm	0.33
geouteten	ɡəˈaʊtətən	0.33
geouteter	ɡəˈaʊtətɜ	0.38
geoutetes	ɡəˈaʊtətəs	0.33
gephotoshoppt	ɡəfˈoːtoʃˌɔpt	0.54
gephotoshoppte	ɡəfˈoːtoʃˌɔptə	0.62
gephotoshopptem	ɡəfˈoːtoʃˌɔptəm	0.47
gephotoshoppten	ɡəfˈoːtoʃˌɔptən	0.6
gephotoshoppter	ɡəfˈoːtoʃˌɔptɜ	0.57
gephotoshopptes	ɡəfˈoːtoʃˌɔptəs	0.57
gepuncht	ɡəpˈantʃt	0.38
gepunchte	ɡəpˈantʃtə	0.33
gepunchtem	ɡəpˈantʃtəm	0.3
gepunchten	ɡəpˈantʃtən	0.3
gepunchter	ɡəpˈantʃtɜ	0.33
gepunchtes	ɡəpˈantʃtəs	0.3
geradeheraus	ɡərˌaːdəhɛrˈaʊs	0.27
geravt	ɡərˈɛɪft	0.33
gereviewt	ɡərˈivjuːt	0.43
gerngehabt	ɡˈɛɾnɡəhˌaːpt	0.4
gerngesehen	ɡˈɛɾnɡəzˌeːən	0.3
gerngesehene	ɡˈɛɾnɡəzˌeːənə	0.27
gerngesehener	ɡˈɛɾnɡəzˌeːənɜ	0.27
gesamplet	ɡəsˈɛmpəlt	0.44
gesamplete	ɡəsˈɛmpəltə	0.4
gesampletem	ɡəsˈɛmpəltəm	0.36
gesampleten	ɡəsˈɛmpəltən	0.36
gesampleter	ɡəsˈɛmpəltɜ	0.4
gesampletes	ɡəsˈɛmpəltəs	0.36
gesavt	ɡəsˈɛɪft	0.43
gescreent	ɡəskrˈiːnt	0.44
gescreente	ɡəskrˈiːntə	0.56
gescreentem	ɡəskrˈiːntəm	0.36
gescreenten	ɡəskrˈiːntən	0.36
gescreenter	ɡəskrˈiːntɜ	0.5
gescreentes	ɡəskrˈiːntəs	0.5
geshoppt	ɡəʃˈɔpt	0.43
geshuttlet	ɡəʃˈatəlt	0.38
geskypt	ɡəskˈaɪpt	0.5
geslimed	ɡəslˈaɪmt	0.38
gesnowboardet	ɡəsnˈoːbˌoːɾdət	0.67
gesnöbt	ɡəsnˈøːbt	0.29
gespawnt	ɡəspˈɔːnt	0.38
gespawnte	ɡəspˈɔːntə	0.33
gespawntem	ɡəspˈɔːntəm	0.3
gespawnten	ɡəspˈɔːntən	0.3
gespawnter	ɡəspˈɔːntɜ	0.33
gespawntes	ɡəspˈɔːntəs	0.3
gespoilert	ɡəspˈɔɪlɜt	0.33
gespoilerte	ɡəspˈɔɪlɜtə	0.3
gespoilertem	ɡəspˈɔɪlɜtəm	0.27
gespoilerten	ɡəspˈɔɪlɜtən	0.27
gespoilerter	ɡəspˈɔɪlɜtɜ	0.3
gespoilertes	ɡəspˈɔɪlɜtəs	0.27
gestalkt	ɡəstˈɔːkt	0.38
gestalkte	ɡəstˈɔːktə	0.5
gestalktem	ɡəstˈɔːktəm	0.3
gestalkten	ɡəstˈɔːktən	0.3
gestalkter	ɡəstˈɔːktɜ	0.44
gestalktes	ɡəstˈɔːktəs	0.44
gestenreich	ɡˈeːstənrˌaɪç	0.27
gestenreichste	ɡˈeːstənrˌaɪçstə	0.36
gestenreichstem	ɡˈeːstənrˌaɪçstəm	0.33
gestenreichsten	ɡˈeːstənrˌaɪçstən	0.33
gestenreichster	ɡˈeːstənrˌaɪçstɜ	0.36
gestenreichstes	ɡˈeːstənrˌaɪçstəs	0.33
gestionier	ɡɛstionˈiːɾ	0.4
gestioniere	ɡɛstionˈiːrə	0.36
gestionieren	ɡɛstionˈiːrən	0.33
gestionierend	ɡɛstionˈiːrənt	0.31
gestionierende	ɡɛstionˈiːrəndə	0.29
gestionierendem	ɡɛstionˈiːrəndəm	0.27
gestionierenden	ɡɛstionˈiːrəndən	0.27
gestionierender	ɡɛstionˈiːrəndɜ	0.29
gestionierendes	ɡɛstionˈiːrəndəs	0.27
gestionierest	ɡɛstionˈiːrəst	0.31
gestionieret	ɡɛstionˈiːrət	0.33
gestionierst	ɡɛstionˈiːɾst	0.33
gestioniert	ɡɛstionˈiːɾt	0.36
gestionierte	ɡɛstionˈiːɾtə	0.33
gestioniertem	ɡɛstionˈiːɾtəm	0.31
gestionierten	ɡɛstionˈiːɾtən	0.31
gestionierter	ɡɛstionˈiːɾtɜ	0.33
gestioniertes	ɡɛstionˈiːɾtəs	0.31
gestioniertest	ɡɛstionˈiːɾtəst	0.29
gestioniertet	ɡɛstionˈiːɾtət	0.31
gestreamlinet	ɡəstrˈiːmlaɪnt	0.46
gestreamlint	ɡəstrˈiːmlaɪnt	0.33
gestreamlinte	ɡəstrˈiːmlaɪntə	0.31
gestreamlintem	ɡəstrˈiːmlaɪntəm	0.29
gestreamlinten	ɡəstrˈiːmlaɪntən	0.29
gestreamlinter	ɡəstrˈiːmlaɪntɜ	0.31
gestreamlintes	ɡəstrˈiːmlaɪntəs	0.29
gestreamt	ɡəstrˈiːmt	0.33
gestreamte	ɡəstrˈiːmtə	0.3
gestreamtem	ɡəstrˈiːmtəm	0.27
gestreamten	ɡəstrˈiːmtən	0.27
gestreamter	ɡəstrˈiːmtɜ	0.3
gestreamtes	ɡəstrˈiːmtəs	0.27
gestylt	ɡəstˈaɪlt	0.38
gestylte	ɡəstˈaɪltə	0.33
gestyltem	ɡəstˈaɪltəm	0.3
gestylten	ɡəstˈaɪltən	0.3
gestylter	ɡəstˈaɪltɜ	0.33
gestyltes	ɡəstˈaɪltəs	0.3
gesurft	ɡəsˈœːɾft	0.29
gesünnelet	ɡezˈʏnːelet	0.33
getapt	ɡətˈɛɪpt	0.29
getimed	ɡətˈaɪmt	0.43
getunt	ɡətjˈuːnt	0.29
geud	ɡɔɪt	0.5
geude	ɡˈɔɪdə	0.4
geuden	ɡˈɔɪdən	0.33
geudend	ɡˈɔɪdənt	0.29
geudest	ɡˈɔɪdəst	0.29
geudet	ɡˈɔɪdət	0.33
geudete	ɡˈɔɪdətə	0.29
gewaterboardet	ɡəwˈɔːtɜbˌɔːdət	0.58
gewindsurft	ɡəvˈɪntsˌœːɾft	0.27
gezoomt	ɡəzˈuːmt	0.29
gikse	ɡˈiːksə	0.4
giksen	ɡˈiːksən	0.33
giksend	ɡˈiːksənt	0.29
giksest	ɡˈiːksəst	0.29
gikset	ɡˈiːksət	0.33
ging vorneweg	ɡˌɪŋ fɔɾnəvˈɛk	0.45
ginge vorneweg	ɡˌɪŋə fɔɾnəvˈɛk	0.42
gingen vorneweg	ɡˌɪŋən fɔɾnəvˈɛk	0.38
gingest vorneweg	ɡˌɪŋəst fɔɾnəvˈɛk	0.36
ginget vorneweg	ɡˌɪŋət fɔɾnəvˈɛk	0.38
gingst vorneweg	ɡˌɪŋst fɔɾnəvˈɛk	0.38
gingt vorneweg	ɡˌɪŋt fɔɾnəvˈɛk	0.42
glichst	ɡlɪçst	0.29
glorreichste	ɡlˈoːɾrˌaɪçstə	0.33
glorreichstem	ɡlˈoːɾrˌaɪçstəm	0.31
glorreichsten	ɡlˈoːɾrˌaɪçstən	0.31
glorreichster	ɡlˈoːɾrˌaɪçstɜ	0.33
glorreichstes	ɡlˈoːɾrˌaɪçstəs	0.31
goidelisch	ɡɔɪdˈeːlɪʃ	0.38
goidelische	ɡɔɪdˈeːlɪʃə	0.33
goidelischem	ɡɔɪdˈeːlɪʃəm	0.3
goidelischen	ɡɔɪdˈeːlɪʃən	0.3
goidelischer	ɡɔɪdˈeːlɪʃɜ	0.33
goidelisches	ɡɔɪdˈeːlɪʃəs	0.3
goldbestickt	ɡˈɔltbəʃtˌɪkt	0.27
goldgesäumt	ɡˈɔltɡəzˌɔɪmt	0.27
gottesmillionisch	ɡˌɔtəsmɪlˈioːniʃ	0.29
gottesmillionische	ɡˌɔtəsmɪlˈioːniʃə	0.27
gottesmillionischer	ɡˌɔtəsmɪlˈioːniʃɜ	0.27
graissier	ɡrɛsˈiːɾ	0.29
griawig	ɡrˈiːɾvɪk	0.38
grient	ɡriːnt	0.43
grient an	ɡrˌiːnt ˈan	0.33
griente	ɡrˈiːntə	0.38
griente an	ɡrˌiːntə ˈan	0.3
grienten	ɡrˈiːntən	0.33
grienten an	ɡrˌiːntən ˈan	0.27
grientest	ɡrˈiːntəst	0.3
grientet	ɡrˈiːntət	0.33
grientet an	ɡrˌiːntət ˈan	0.27
grignardier	ɡrinjaɾdˈiːɾ	0.3
grignardiere	ɡrinjaɾdˈiːrə	0.27
grignardiert	ɡrinjaɾdˈiːɾt	0.27
grobgemahlen	ɡrˈoːpɡəmˌaːlən	0.27
groovte	ɡrˈuːftə	0.33
groovten	ɡrˈuːftən	0.29
groovtet	ɡrˈuːftət	0.29
grubbet	ɡrˈʊbət	0.29
grusle	ɡrˈuːzlə	0.33
gruslet	ɡrˈuːzlət	0.29
grüezi	ɡrˈyətsɪ	0.29
gschert	kʃeːɾt	0.5
gscherte	kʃˈeːɾtə	0.43
gschertem	kʃˈeːɾtəm	0.38
gscherten	kʃˈeːɾtən	0.38
gscherter	kʃˈeːɾtɜ	0.43
gschertere	kʃˈeːɾtərə	0.38
gscherterem	kʃˈeːɾtərəm	0.33
gscherteren	kʃˈeːɾtərən	0.33
gscherterer	kʃˈeːɾtərɜ	0.38
gscherteres	kʃˈeːɾtərəs	0.33
gschertes	kʃˈeːɾtəs	0.38
gscherteste	kʃˈeːɾtəstə	0.3
gschertestem	kʃˈeːɾtəstəm	0.27
gschertesten	kʃˈeːɾtəstən	0.27
gschertester	kʃˈeːɾtəstɜ	0.3
gschertestes	kʃˈeːɾtəstəs	0.27
guillochier	ɡijɔʃˈiːɾ	0.5
guillochiere	ɡijɔʃˈiːrə	0.44
guillochieren	ɡijɔʃˈiːrən	0.4
guillochierend	ɡijɔʃˈiːrənt	0.36
guillochierende	ɡijɔʃˈiːrəndə	0.33
guillochierendem	ɡijɔʃˈiːrəndəm	0.31
guillochierenden	ɡijɔʃˈiːrəndən	0.31
guillochierender	ɡijɔʃˈiːrəndɜ	0.33
guillochierendes	ɡijɔʃˈiːrəndəs	0.31
guillochierest	ɡijɔʃˈiːrəst	0.36
guillochieret	ɡijɔʃˈiːrət	0.4
guillochierst	ɡijɔʃˈiːɾst	0.4
guillochiert	ɡijɔʃˈiːɾt	0.44
guillochierte	ɡijɔʃˈiːɾtə	0.4
guillochiertem	ɡijɔʃˈiːɾtəm	0.36
guillochierten	ɡijɔʃˈiːɾtən	0.36
guillochierter	ɡijɔʃˈiːɾtɜ	0.4
guillochiertes	ɡijɔʃˈiːɾtəs	0.36
guillochiertest	ɡijɔʃˈiːɾtəst	0.33
guillochiertet	ɡijɔʃˈiːɾtət	0.36
guineisch	ɡinˈeːɪʃ	0.29
gutbetucht	ɡˈuːtbətˌuːxt	0.33
gutbetuchte	ɡˈuːtbətˌuːxtə	0.3
gutbetuchtem	ɡˈuːtbətˌuːxtəm	0.27
gutbetuchten	ɡˈuːtbətˌuːxtən	0.27
gutbetuchter	ɡˈuːtbətˌuːxtɜ	0.3
gutbetuchtes	ɡˈuːtbətˌuːxtəs	0.27
gutgehabt	ɡˈuːtɡəhˌaːpt	0.33
gutgeheißen	ɡˈuːtɡəhˌaɪsən	0.27
guthabe	ɡˈuːthˌaːbə	0.29
guthabet	ɡˈuːthˌaːbət	0.38
guthabt	ɡˈuːthˌaːpt	0.29
guthast	ɡˈuːthast	0.29
guthat	ɡˈuːthat	0.33
guthatte	ɡˈuːthˌatə	0.29
gutherzig	ɡˈuːthˌɛɾtsɪç	0.27
gutherzige	ɡˈuːthˌɛɾtsɪɡə	0.27
gutherziger	ɡˈuːthˌɛɾtsɪɡɜ	0.27
guthieß	ɡˈuːthˌiːs	0.33
guthieße	ɡˈuːthˌiːsə	0.29
guthießt	ɡˈuːthˌiːst	0.29
guthätte	ɡˈuːthˌɛtə	0.29
guttat	ɡˈuːttˌaːt	0.33
guttue	ɡˈuːttˌuːə	0.33
guttun	ɡˈuːttˌuːn	0.33
guttust	ɡˈuːttˌuːst	0.43
guttut	ɡˈuːttˌuːt	0.33
gutverdienend	ɡˈuːtfɛɾdˌiːnənt	0.29
gutverdienende	ɡˈuːtfɛɾdˌiːnəndə	0.27
gutverdienender	ɡˈuːtfɛɾdˌiːnəndɜ	0.27
gutzuhaben	ɡˈuːttsuhˌaːbən	0.27
hahaha	hahahˈaː	0.33
halbbetäubt	hˈalpbətˌɔɪpt	0.27
handle	hˈandlə	0.33
handlet	hˈandlət	0.29
handysch	hˈɛndiʃ	0.33
handysche	hˈɛndiʃə	0.29
handyscher	hˈɛndiʃɜ	0.29
haussiere	hosˈiːrə	0.38
haussieren	hosˈiːrən	0.33
haussierend	hosˈiːrənt	0.3
haussierende	hosˈiːrəndə	0.27
haussierender	hosˈiːrəndɜ	0.27
haussiert	hosˈiːɾt	0.38
haussierte	hosˈiːɾtə	0.33
haussiertem	hosˈiːɾtəm	0.3
haussierten	hosˈiːɾtən	0.3
haussierter	hosˈiːɾtɜ	0.33
haussiertes	hosˈiːɾtəs	0.3
headbang	hˈɛtbˌɛŋ	0.57
headbange	hˈɛtbˌɛŋə	0.5
headbangen	hˈɛtbˌɛŋən	0.44
headbangend	hˈɛtbˌɛŋənt	0.4
headbangende	hˈɛtbˌɛŋəndə	0.36
headbangendem	hˈɛtbˌɛŋəndəm	0.33
headbangenden	hˈɛtbˌɛŋəndən	0.33
headbangender	hˈɛtbˌɛŋəndɜ	0.36
headbangendes	hˈɛtbˌɛŋəndəs	0.33
headbangest	hˈɛtbˌɛŋəst	0.4
headbanget	hˈɛtbˌɛŋət	0.44
headbangst	hˈɛtbˌɛŋst	0.44
headbangt	hˈɛtbˌɛŋt	0.5
headbangte	hˈɛtbˌɛŋtə	0.44
headbangten	hˈɛtbˌɛŋtən	0.4
headbangtest	hˈɛtbˌɛŋtəst	0.36
headbangtet	hˈɛtbˌɛŋtət	0.4
heiliggehalten	hˈaɪlɪçɡəhˌaltən	0.27
heranwuchsen	hɛrˈanvˌuːksən	0.27
hergebt	hˈeːɾɡˌeːpt	0.29
hergehabt	hˈeːɾɡəhˌaːpt	0.33
hergehalten	hˈeːɾɡəhˌaltən	0.27
hergeholt	hˈeːɾɡəhˌoːlt	0.44
hergeholte	hˈeːɾɡəhˌoːltə	0.4
hergeholtem	hˈeːɾɡəhˌoːltəm	0.36
hergeholten	hˈeːɾɡəhˌoːltən	0.36
hergeholter	hˈeːɾɡəhˌoːltɜ	0.4
hergeholtes	hˈeːɾɡəhˌoːltəs	0.36
hergehöre	hˈeːɾɡəhˌøːrə	0.33
hergehören	hˈeːɾɡəhˌøːrən	0.3
hergehörend	hˈeːɾɡəhˌøːrənt	0.27
hergehörest	hˈeːɾɡəhˌøːrəst	0.27
hergehöret	hˈeːɾɡəhˌøːrət	0.3
hergehörst	hˈeːɾɡəhˌøːɾst	0.3
hergehört	hˈeːɾɡəhˌøːɾt	0.44
hergehörte	hˈeːɾɡəhˌøːɾtə	0.4
hergehörten	hˈeːɾɡəhˌøːɾtən	0.36
hergehörtest	hˈeːɾɡəhˌøːɾtəst	0.33
hergehörtet	hˈeːɾɡəhˌøːɾtət	0.36
hergestammt	hˈeːɾɡəʃtˌamt	0.3
herholt	hˈeːɾhˌoːlt	0.29
herhört	hˈeːɾhˌøːɾt	0.29
heroben	hɛrˈoːbəm	0.29
herrief	hˈeːɾrˌiːf	0.33
herriefe	hˈeːɾrˌiːfə	0.29
herrieft	hˈeːɾrˌiːft	0.29
herritt	hˈeːɾrˌɪt	0.33
herritte	hˈeːɾrˌɪtə	0.29
herrufe	hˈeːɾrˌuːfə	0.29
herruft	hˈeːɾrˌuːft	0.43
herrühre	hˈeːɾrˌyːrə	0.29
herrührt	hˈeːɾrˌyːɾt	0.29
herstamm	hˈeːɾʃtˌam	0.29
heuernd	hˈɔɪɜnt	0.29
heul vor	hˌɔɪl fˈoːɾ	0.29
hierhergehört	hiːɾhˈeːɾɡəhˌøːɾt	0.33
hierhergehörte	hiːɾhˈeːɾɡəhˌøːɾtə	0.31
hierhergehörten	hiːɾhˈeːɾɡəhˌøːɾtən	0.29
hierhergehörtest	hiːɾhˈeːɾɡəhˌøːɾtəst	0.27
hierhergehörtet	hiːɾhˈeːɾɡəhˌøːɾtət	0.29
hindurchsah	hɪndˈʊɾçzˌaː	0.3
hindurchsaht	hɪndˈʊɾçzˌaːt	0.27
hindurchsehe	hɪndˈʊɾçzˌeːə	0.27
hindurchseht	hɪndˈʊɾçzˌeːt	0.27
hindurchsieht	hɪndˈʊɾçzˌiːt	0.27
hindurchströmt	hɪndˈʊɾçʃtrˌøːmt	0.29
hindurchströmte	hɪndˈʊɾçʃtrˌøːmtə	0.27
hindurchsähe	hɪndˈʊɾçzˌɛːə	0.27
hindurchsäht	hɪndˈʊɾçzˌɛːt	0.27
hingab	hˈɪnɡˌaːp	0.33
hingabt	hˈɪnɡˌaːpt	0.29
hingebe	hˈɪnɡˌeːbə	0.29
hingebt	hˈɪnɡˌeːpt	0.43
hingehe	hˈɪnɡˌeːə	0.33
hingehen	hˈɪnɡˌeːən	0.29
hingehet	hˈɪnɡˌeːət	0.29
hingehst	hˈɪnɡˌeːst	0.29
hingeht	hˈɪnɡˌeːt	0.33
hingibt	hˈɪnɡˌiːpt	0.29
hingieße	hˈɪnɡˌiːsə	0.29
hingießt	hˈɪnɡˌiːst	0.29
hinging	hˈɪnɡˌɪŋ	0.33
hinginge	hˈɪnɡˌɪŋə	0.29
hingingt	hˈɪnɡˌɪŋt	0.29
hingoss	hˈɪnɡˌɔs	0.33
hingosst	hˈɪnɡˌɔst	0.29
hingäbe	hˈɪnɡˌɛːbə	0.29
hingäbet	hˈɪnɡˌɛːbət	0.38
hingäbt	hˈɪnɡˌɛːpt	0.29
hingösse	hˈɪnɡˌœsə	0.29
hinknien	hˈɪnknˌiːn	0.44
hintangehalten	hɪntˈanɡəhˌaltən	0.29
hintangehaltene	hɪntˈanɡəhˌaltənə	0.27
hintangehaltener	hɪntˈanɡəhˌaltənɜ	0.27
hintangestanden	hɪntˈanɡəʃtˌandən	0.27
hist.	hɪstˈoːrɪʃ	0.5
hleban	lˈɛːban	0.71
hlupan	lˈuːpan	0.43
hoagaschten	hˈõɾ̃ɡɜʃdən	0.45
hochwuchs	hˈoːxvˌuːks	0.29
hochwuchsen	hˈoːxvˌuːksən	0.33
hochwuchsest	hˈoːxvˌuːksəst	0.3
hollywoodreif	hˈɔliwʊtrˌaɪf	0.36
hollywoodreife	hˈɔliwʊtrˌaɪfə	0.33
hollywoodreifem	hˈɔliwʊtrˌaɪfəm	0.31
hollywoodreifen	hˈɔliwʊtrˌaɪfən	0.31
hollywoodreifer	hˈɔliwʊtrˌaɪfɜ	0.33
hollywoodreifere	hˈɔliwʊtrˌaɪfərə	0.31
hollywoodreiferem	hˈɔliwʊtrˌaɪfərəm	0.29
hollywoodreiferen	hˈɔliwʊtrˌaɪfərən	0.29
hollywoodreiferer	hˈɔliwʊtrˌaɪfərɜ	0.31
hollywoodreiferes	hˈɔliwʊtrˌaɪfərəs	0.29
hollywoodreifes	hˈɔliwʊtrˌaɪfəs	0.31
hollywoodreifste	hˈɔliwʊtrˌaɪfstə	0.29
hollywoodreifstem	hˈɔliwʊtrˌaɪfstəm	0.27
hollywoodreifsten	hˈɔliwʊtrˌaɪfstən	0.27
hollywoodreifster	hˈɔliwʊtrˌaɪfstɜ	0.29
hollywoodreifstes	hˈɔliwʊtrˌaɪfstəs	0.27
holt vor	hˌoːlt fˈoːɾ	0.29
homemade	hˈɔʊmmˌɛɪt	0.75
homoiotherm	homɔɪotˈɛɾm	0.3
homoiotherme	homɔɪotˈɛɾmə	0.27
homoiothermer	homɔɪotˈɛɾmɜ	0.27
hook	hʊk	0.33
horchest	hˈɔɾçəst	0.38
horchest ab	hˌɔɾçəst ˈap	0.3
horchest auf	hˌɔɾçəst ˈaʊf	0.27
horchest aus	hˌɔɾçəst ˈaʊs	0.27
horchest um	hˌɔɾçəst ˈʊm	0.3
horchest zu	hˌɔɾçəst tsˈuː	0.27
horchst	hɔɾçst	0.29
hormongesteuert	hɔɾmˈoːnɡəʃtˌɔɪɜt	0.29
hormongesteuerte	hɔɾmˈoːnɡəʃtˌɔɪɜtə	0.27
hormongesteuerter	hɔɾmˈoːnɡəʃtˌɔɪɜtɜ	0.27
hypen	hˈaɪpən	0.33
hypend	hˈaɪpənt	0.29
hypest	hˈaɪpəst	0.29
hypet	hˈaɪpət	0.33
hypst	haɪpst	0.33
hypt	haɪpt	0.4
hypte	hˈaɪptə	0.33
hypten	hˈaɪptən	0.29
hyptet	hˈaɪptət	0.29
höchst	høːçst	0.5
höchste	hˈøːçstə	0.43
höchstem	hˈøːçstəm	0.38
höchsten	hˈøːçstən	0.38
höchstens	hˈøːçstəns	0.33
höchster	hˈøːçstɜ	0.43
höchstes	hˈøːçstəs	0.38
hörbehindert	hˈøːɾbəhˌɪndɜt	0.27
hüfthoch	hˈʏfthˌoːx	0.29
i. A.	ɪm ˈaʊftrˌaːk	0.89
i. d. R.	ɪn deːɾ rˈeːɡəl	0.7
iPad	ˈaɪpɛd	0.8
iPads	aɪpɛds	0.67
iPhone	ˈaɪfoːn	0.6
iPhones	ˈaɪfoːns	0.5
iPod	ˈaɪpɔt	0.6
iPods	ˈaɪpɔts	0.33
ichsüchtig	ˈɪçzˌʏçtɪç	0.27
ichsüchtige	ˈɪçzˌʏçtɪɡə	0.27
ichsüchtiger	ˈɪçzˌʏçtɪɡɜ	0.27
idg.	ˌɪndoɡɛɾmˈaːnɪʃ	0.92
illoyal	ˈɪlojaːl	0.29
im Höchstfall	ɪm hˈøːçstfˌal	0.27
immateriell	ˈɪmatəriɛl	0.3
immaterielle	ˈɪmatəriɛlə	0.27
immaterieller	ˈɪmatəriɛlɜ	0.27
indigen	ɪndiɡˈeːn	0.29
indog.	ˌɪndoɡɛɾmˈaːnɪʃ	0.67
indogerm.	ˌɪndoɡɛɾmˈaːnɪʃ	0.42
inert	ɪnˈɛɾt	0.4
ingerier	ɪnɡerˈiːɾ	0.29
inline	ˈɪnlaɪnə	0.29
inlinegeskatet	ˈɪnlaɪnɡəskˌɛɪtət	0.4
inliner	ˈɪnlaɪnɜ	0.29
inlinernd	ˈɪnlaɪnɜnt	0.33
inlineskate	ˈɪnlaɪnskˌɛɪtə	0.42
inlineskaten	ˈɪnlaɪnskˌɛɪtən	0.38
inlineskatend	ˈɪnlaɪnskˌɛɪtənt	0.36
inlineskatende	ˈɪnlaɪnskˌɛɪtəndə	0.33
inlineskatendem	ˈɪnlaɪnskˌɛɪtəndəm	0.31
inlineskatenden	ˈɪnlaɪnskˌɛɪtəndən	0.31
inlineskatender	ˈɪnlaɪnskˌɛɪtəndɜ	0.33
inlineskatendes	ˈɪnlaɪnskˌɛɪtəndəs	0.31
inlineskatest	ˈɪnlaɪnskˌɛɪtəst	0.36
inlineskatet	ˈɪnlaɪnskˌɛɪtət	0.38
inlineskatete	ˈɪnlaɪnskˌɛɪtətə	0.36
inlineskateten	ˈɪnlaɪnskˌɛɪtətən	0.33
inlineskatetest	ˈɪnlaɪnskˌɛɪtətəst	0.31
inlineskatetet	ˈɪnlaɪnskˌɛɪtətət	0.33
inlinest	ˈɪnlaɪnst	0.38
inlinete	ˈɪnlaɪntə	0.38
innegehabt	ˈɪnəɡəhˌaːpt	0.33
innegehabte	ˈɪnəɡəhˌaːptə	0.3
innegehabtem	ˈɪnəɡəhˌaːptəm	0.27
innegehabten	ˈɪnəɡəhˌaːptən	0.27
innegehabter	ˈɪnəɡəhˌaːptɜ	0.3
innegehabtes	ˈɪnəɡəhˌaːptəs	0.27
innegehalten	ˈɪnəɡəhˌaltən	0.27
innehabe	ˈɪnəhˌaːbə	0.29
innehabet	ˈɪnəhˌaːbət	0.38
innehabt	ˈɪnəhˌaːpt	0.29
innehast	ˈɪnəhast	0.29
innehat	ˈɪnəhˌat	0.33
innehatte	ˈɪnəhˌatə	0.29
innehielt	ˈɪnəhˌiːlt	0.29
innehält	ˈɪnəhˌɛlt	0.29
innehätte	ˈɪnəhˌɛtə	0.29
innewohn	ˈɪnəvˌoːn	0.62
innewohne	ˈɪnəvˌoːnə	0.75
innewohnen	ˈɪnəvˌoːnən	0.5
innewohnend	ˈɪnəvˌoːnənt	0.64
innewohnende	ˈɪnəvˌoːnəndə	0.64
innewohnendem	ˈɪnəvˌoːnəndəm	0.46
innewohnenden	ˈɪnəvˌoːnəndən	0.46
innewohnender	ˈɪnəvˌoːnəndɜ	0.58
innewohnendes	ˈɪnəvˌoːnəndəs	0.67
innewohnest	ˈɪnəvˌoːnəst	0.55
innewohnet	ˈɪnəvˌoːnət	0.6
innewohnst	ˈɪnəvˌoːnst	0.5
innewohnt	ˈɪnəvˌoːnt	0.56
innewohnte	ˈɪnəvˌoːntə	0.67
innewohnten	ˈɪnəvˌoːntən	0.45
innewohntest	ˈɪnəvˌoːntəst	0.5
innewohntet	ˈɪnəvˌoːntət	0.55
interview	ɪntɜvjˈuː	0.29
intrauterin	ɪntrauterˈiːn	0.27
invers	ɪnvˈɛɾs	0.33
inverse	ɪnvˈɛɾzə	0.29
inverser	ɪnvˈɛɾzɜ	0.29
ionisch	ˌiːˈoːnɪʃ	0.33
ionische	ˌiːˈoːnɪʃə	0.29
ionischer	ˌiːˈoːnɪʃɜ	0.29
ionosphärisch	ionosfˈɛːrɪʃ	0.27
ionotrop	ionotrˈoːp	0.33
ionotrope	ionotrˈoːpə	0.3
ionotropem	ionotrˈoːpəm	0.27
ionotropen	ionotrˈoːpən	0.27
ionotroper	ionotrˈoːpɜ	0.3
ionotropes	ionotrˈoːpəs	0.27
irgendwoher	ɪɾɡəntvohˈeːɾ	0.27
ischämisch	ɪsçˈɛːmɪʃ	0.38
ischämische	ɪsçˈɛːmɪʃə	0.33
ischämischem	ɪsçˈɛːmɪʃəm	0.3
ischämischen	ɪsçˈɛːmɪʃən	0.3
ischämischer	ɪsçˈɛːmɪʃɜ	0.33
ischämisches	ɪsçˈɛːmɪʃəs	0.3
isiXhosa	izikˈoːza	0.3
isiXhosas	izikˈoːzas	0.27
isotherm	izotˈɛɾm	0.29
ix aus	ˌɪks ˈaʊs	0.67
ix durch	ˌɪks dˈʊɾç	0.57
ix heraus	ˌɪks hɛrˈaʊs	0.53
jack auf	dʒˌɛk ˈaʊf	0.43
jacke auf	dʒˌɛkə ˈaʊf	0.38
jacken auf	dʒˌɛkən ˈaʊf	0.33
jackest auf	dʒˌɛkəst ˈaʊf	0.3
jacket auf	dʒˌɛkət ˈaʊf	0.33
jackst auf	dʒˌɛkst ˈaʊf	0.33
jackt auf	dʒˌɛkt ˈaʊf	0.38
jackte auf	dʒˌɛktə ˈaʊf	0.33
jackten auf	dʒˌɛktən ˈaʊf	0.3
jacktest auf	dʒˌɛktəst ˈaʊf	0.27
jacktet auf	dʒˌɛktət ˈaʊf	0.3
jamm	dʒɛm	0.75
jamme	dʒˈɛmə	0.6
jammen	dʒˈɛmən	0.5
jammend	dʒˈɛmənt	0.43
jammende	dʒˈɛməndə	0.38
jammendem	dʒˈɛməndəm	0.33
jammenden	dʒˈɛməndən	0.33
jammender	dʒˈɛməndɜ	0.38
jammendes	dʒˈɛməndəs	0.33
jammest	dʒˈɛməst	0.43
jammet	dʒˈɛmət	0.5
jammst	dʒɛmst	0.5
jammt	dʒɛmt	0.6
jammte	dʒˈɛmtə	0.5
jammten	dʒˈɛmtən	0.43
jammtest	dʒˈɛmtəst	0.38
jammtet	dʒˈɛmtət	0.43
jap.	japˈaːnɪʃ	0.57
jazze	dʒˈɛsə	0.6
jazzen	dʒˈɛsən	0.5
jazzend	dʒˈɛsənt	0.43
jazzende	dʒˈɛsəndə	0.38
jazzendem	dʒˈɛsəndəm	0.33
jazzenden	dʒˈɛsəndən	0.33
jazzender	dʒˈɛsəndɜ	0.38
jazzendes	dʒˈɛsəndəs	0.33
jazzest	dʒˈɛsəst	0.43
jazzet	dʒˈɛsət	0.5
jazzig	dʒˈɛsɪç	0.43
jazzige	dʒˈɛsɪɡə	0.43
jazzigem	dʒˈɛsɪɡəm	0.38
jazzigen	dʒˈɛsɪɡən	0.38
jazziger	dʒˈɛsɪɡɜ	0.43
jazzigere	dʒˈɛsɪɡərə	0.38
jazzigerem	dʒˈɛsɪɡərəm	0.33
jazzigeren	dʒˈɛsɪɡərən	0.33
jazzigerer	dʒˈɛsɪɡərɜ	0.38
jazzigeres	dʒˈɛsɪɡərəs	0.33
jazziges	dʒˈɛsɪɡəs	0.38
jazzigste	dʒˈɛsɪçstə	0.3
jazzigstem	dʒˈɛsɪçstəm	0.27
jazzigsten	dʒˈɛsɪçstən	0.27
jazzigster	dʒˈɛsɪçstɜ	0.3
jazzigstes	dʒˈɛsɪçstəs	0.27
jazzt	dʒɛst	0.6
jazzte	dʒˈɛstə	0.5
jazzten	dʒˈɛstən	0.43
jazztest	dʒˈɛstəst	0.38
jazztet	dʒˈɛstət	0.43
jeansfarben	dʒˈiːnsfˌaɾbəm	0.36
jedwede	jˈeːtvˌeːdə	0.29
jeher	jˈeːheːɾ	0.4
jemandem auf den Nägeln brennen	ˌaʊf deːn nˈɛːɡəln brˈɛnən	0.31
jemandem den Kopf verdrehen	deːn kˈɔpf fɛɾdrˈeːən	0.35
jemandem gegen den Strich gehen	ɡˈeːɡən deːn ʃtrɪç ɡˈeːən	0.31
jemandem unter den Fingernägeln brennen	ˌʊntɜ deːn fˈɪŋɜnˌɛːɡəln brˈɛnən	0.26
jemandem unter den Nägeln brennen	ˌʊntɜ deːn nˈɛːɡəln brˈɛnən	0.3
jemanden einen feuchten Kehricht angehen	aɪnən fˈɔɪçtən kˈeːrɪçt ˈanɡˌeːən	0.26
jemanden teuer zu stehen kommen	tˌɔɪɜ tsuː ʃtˈeːən kˌɔmən	0.36
jett	dʒɛt	0.5
jetten	dʒˈɛtən	0.33
jettend	dʒˈɛtənt	0.29
jettest	dʒˈɛtəst	0.29
jettet	dʒˈɛtət	0.33
jettete	dʒˈɛtətə	0.29
jeue	ʒˈøːə	0.5
jeuen	ʒˈøːən	0.4
jeuend	ʒˈøːənt	0.33
jeuende	ʒˈøːəndə	0.29
jeuender	ʒˈøːəndɜ	0.29
jeuest	ʒˈøːəst	0.33
jeuet	ʒˈøːət	0.4
jeust	ʒøːst	0.4
jeut	ʒøːt	0.5
jeute	ʒøːtə	0.4
jeuten	ʒˈøːtən	0.33
jeutest	ʒøːtəst	0.29
jeutet	ʒøːtət	0.33
jihadistisch	dʒihadˈɪstɪʃ	0.27
jobb	dʒɔp	0.75
jobbe	dʒˈɔbə	0.4
jobben	dʒˈɔbən	0.33
jobbend	dʒˈɔbənt	0.29
jobbest	dʒˈɔbəst	0.29
jobbet	dʒˈɔbət	0.67
jobbst	dʒɔpst	0.33
jobbt	dʒɔpt	0.6
jobbte	dʒˈɔptə	0.5
jobbten	dʒˈɔptən	0.43
jobbtest	dʒˈɔptəst	0.38
jobbtet	dʒˈɔptət	0.43
jogg	dʒɔk	0.5
jogg los	dʒˌɔk lˈoːs	0.29
jogg mit	dʒˌɔk mˈɪt	0.29
jogge	dʒˈɔɡə	0.4
joggen	dʒˈɔɡən	0.33
joggend	dʒˈɔɡənt	0.29
joggest	dʒˈɔɡəst	0.29
jogget	dʒˈɔɡət	0.33
joggst	dʒɔkst	0.33
joggt	dʒɔkt	0.4
joggte	dʒˈɔktə	0.33
joggten	dʒˈɔktən	0.29
joggtet	dʒˈɔktət	0.29
jonglier	ʒɔ̃ɡlˈiːɾ	0.43
jongliere	ʒɔ̃ɡlˈiːrə	0.38
jonglieren	ʒɔ̃ɡlˈiːrən	0.33
jonglierend	ʒɔ̃ɡlˈiːrənt	0.3
jonglierende	ʒɔ̃ɡlˈiːrəndə	0.27
jonglierender	ʒɔ̃ɡlˈiːrəndɜ	0.27
jonglierest	ʒɔ̃ɡlˈiːrəst	0.3
jonglieret	ʒɔ̃ɡlˈiːrət	0.33
jonglierst	ʒɔ̃ɡlˈiːɾst	0.33
jongliert	ʒɔ̃ɡlˈiːɾt	0.38
jonglierte	ʒɔ̃ɡlˈiːɾtə	0.33
jongliertem	ʒɔ̃ɡlˈiːɾtəm	0.3
jonglierten	ʒɔ̃ɡlˈiːɾtən	0.3
jonglierter	ʒɔ̃ɡlˈiːɾtɜ	0.33
jongliertes	ʒɔ̃ɡlˈiːɾtəs	0.3
jongliertest	ʒɔ̃ɡlˈiːɾtəst	0.27
jongliertet	ʒɔ̃ɡlˈiːɾtət	0.3
juhe	jʊhˈeː	0.75
jump	dʒamp	0.6
jumpe	dʒˈampə	0.5
jumpen	dʒˈampən	0.43
jumpend	dʒˈampənt	0.38
jumpende	dʒˈampəndə	0.33
jumpendem	dʒˈampəndəm	0.3
jumpenden	dʒˈampəndən	0.3
jumpender	dʒˈampəndɜ	0.33
jumpendes	dʒˈampəndəs	0.3
jumpest	dʒˈampəst	0.38
jumpet	dʒˈampət	0.43
jumpst	dʒampst	0.43
jumpt	dʒampt	0.5
jumpte	dʒˈamptə	0.43
jumpten	dʒˈamptən	0.38
jumptest	dʒˈamptəst	0.33
jumptet	dʒˈamptət	0.38
junior	jˈuːnioːɾ	0.29
just for fun	dʒˌast fɔːɾ fˈan	0.45
just in time	dʒʌst ɪn tˈaɪm	0.27
jährl.	jˈɛːɾlɪç	0.43
k. u. k.	kaːʊntkˈaː	0.43
k.u.k.	kaːʊntkˈaː	0.43
kalorienbewusst	kalorˈiːənbəvˌʊst	0.27
kalorienreichste	kalorˈiːənrˌaɪçstə	0.31
kalorienreichstem	kalorˈiːənrˌaɪçstəm	0.29
kalorienreichsten	kalorˈiːənrˌaɪçstən	0.29
kalorienreichster	kalorˈiːənrˌaɪçstɜ	0.31
kalorienreichstes	kalorˈiːənrˌaɪçstəs	0.29
kambodschanisch	kˌambodʒˈaːnɪʃ	0.27
kanad.	kanˈaːdɪʃ	0.43
kapitalkräftig	kapitˈaːlkrˌɛftɪç	0.47
kapitalkräftige	kapitˈaːlkrˌɛftɪɡə	0.47
kapitalkräftigem	kapitˈaːlkrˌɛftɪɡəm	0.38
kapitalkräftigen	kapitˈaːlkrˌɛftɪɡən	0.38
kapitalkräftiger	kapitˈaːlkrˌɛftɪɡɜ	0.47
kapitalkräftigere	kapitˈaːlkrˌɛftɪɡərə	0.44
kapitalkräftigerem	kapitˈaːlkrˌɛftɪɡərəm	0.44
kapitalkräftigeren	kapitˈaːlkrˌɛftɪɡərən	0.44
kapitalkräftigerer	kapitˈaːlkrˌɛftɪɡərɜ	0.53
kapitalkräftigeres	kapitˈaːlkrˌɛftɪɡərəs	0.47
kapitalkräftiges	kapitˈaːlkrˌɛftɪɡəs	0.5
kapitalkräftigste	kapitˈaːlkrˌɛftɪçstə	0.44
kapitalkräftigstem	kapitˈaːlkrˌɛftɪçstəm	0.37
kapitalkräftigsten	kapitˈaːlkrˌɛftɪçstən	0.37
kapitalkräftigster	kapitˈaːlkrˌɛftɪçstɜ	0.44
kapitalkräftigstes	kapitˈaːlkrˌɛftɪçstəs	0.42
karib.	karˈiːbɪʃ	0.43
kariogen	karioɡˈeːn	0.33
kariogene	karioɡˈeːnə	0.3
kariogenem	karioɡˈeːnəm	0.27
kariogenen	karioɡˈeːnən	0.27
kariogener	karioɡˈeːnɜ	0.3
kariogenere	karioɡˈeːnərə	0.27
kariogenerer	karioɡˈeːnərɜ	0.27
kariogenes	karioɡˈeːnəs	0.27
karriereorientiert	karˈieːrəoriɛntˌiːɾt	0.28
karriereorientierte	karˈieːrəoriɛntˌiːɾtə	0.26
karriereorientierter	karˈieːrəoriɛntˌiːɾtɜ	0.26
katal.	katalˈaːnɪʃ	0.44
kath.	katˈoːlɪʃ	0.57
kaufm.	kˈaʊfmˌɛnɪʃ	0.44
kaukas.	kaʊkˈaːzɪʃ	0.38
kebse	kˈeːpsə	0.4
kebsen	kˈeːpsən	0.33
kebsend	kˈeːpsənt	0.29
kebsest	kˈeːpsəst	0.29
kebset	kˈeːpsət	0.33
kelt.	kˈɛltɪʃ	0.33
kerngesund	kˌɛɾnɡəzˈʊnt	0.3
kerngesunde	kˈɛɾnɡəzˌʊndə	0.27
kerngesunder	kˈɛɾnɡəzˌʊndɜ	0.27
kerosingetränkt	kerozˈiːnɡətrˌɛŋkt	0.27
kewl	kuːl	0.5
kidnapp	kˈɪtnˌɛp	0.33
kidnappe	kˈɪtnˌɛpə	0.29
kidnappt	kˈɪtnˌɛpt	0.29
kiefernbewachsen	kˈiːfɜnbəvˌaksən	0.29
kiefernbewachsene	kˈiːfɜnbəvˌaksənə	0.27
kiefernbewachsener	kˈiːfɜnbəvˌaksənɜ	0.27
kiesbestreut	kˈiːsbəʃtrˌɔɪt	0.27
kirchenlat.	kˈɪɾçənlatˌaɪnɪʃ	0.33
kite	kˈaɪtə	0.4
kiten	kˈaɪtən	0.33
kitend	kˈaɪtənt	0.29
kitest	kˈaɪtəst	0.29
kitet	kˈaɪtət	0.33
kitete	kˈaɪtətə	0.29
kleingehackt	klˈaɪnɡəhˌakt	0.36
kleingehackte	klˈaɪnɡəhˌaktə	0.33
kleingehacktem	klˈaɪnɡəhˌaktəm	0.31
kleingehackten	klˈaɪnɡəhˌaktən	0.31
kleingehackter	klˈaɪnɡəhˌaktɜ	0.33
kleingehacktes	klˈaɪnɡəhˌaktəs	0.31
kleingehalten	klˈaɪnɡəhˌaltən	0.31
kleingehaltene	klˈaɪnɡəhˌaltənə	0.29
kleingehaltenem	klˈaɪnɡəhˌaltənəm	0.27
kleingehaltenen	klˈaɪnɡəhˌaltənən	0.27
kleingehaltener	klˈaɪnɡəhˌaltənɜ	0.29
kleingehaltenes	klˈaɪnɡəhˌaltənəs	0.27
klimatol.	klimatolˈoːɡɪʃ	0.33
kluggeschissen	klˈuːkɡəʃˌɪsən	0.27
kniehoch	knˈiːhˌoːx	0.33
knuse	knˈuːzə	0.4
knusen	knˈuːzən	0.33
knusend	knˈuːzənt	0.29
knusest	knˈuːzəst	0.29
knuset	knˈuːzət	0.33
koffeinreichste	kɔfeˈiːnrˌaɪçstə	0.29
koffeinreichstem	kɔfeˈiːnrˌaɪçstəm	0.27
koffeinreichsten	kɔfeˈiːnrˌaɪçstən	0.27
koffeinreichster	kɔfeˈiːnrˌaɪçstɜ	0.29
koffeinreichstes	kɔfeˈiːnrˌaɪçstəs	0.27
kokse	kˈoːksə	0.4
koksen	kˈoːksən	0.33
koksend	kˈoːksənt	0.29
koksest	kˈoːksəst	0.29
kokset	kˈoːksət	0.33
konfuse	kɔnfˈuːzə	0.29
konfuser	kɔnfˈuːzɜ	0.29
kooperier	koopərˈiːɾ	0.29
kotranslational	kotranslatsionˈaːl	0.56
kotranslationale	kotranslatsionˈaːlə	0.65
kotranslationalem	kotranslatsionˈaːləm	0.56
kotranslationalen	kotranslatsionˈaːlən	0.56
kotranslationaler	kotranslatsionˈaːlɜ	0.65
kotranslationales	kotranslatsionˈaːləs	0.67
krabbet	krˈabət	0.29
krebsartig	krˈeːpsˌaːɾtɪç	0.27
krebsartige	krˈeːpsˌaːɾtɪɡə	0.27
krebsartiger	krˈeːpsˌaːɾtɪɡɜ	0.27
krebse	krˈeːpsə	0.33
krebsen	krˈeːpsən	0.29
krebserregend	krˈeːpsɛɾrˌeːɡənt	0.31
krebserregende	krˈeːpsɛɾrˌeːɡəndə	0.29
krebserregendem	krˈeːpsɛɾrˌeːɡəndəm	0.27
krebserregenden	krˈeːpsɛɾrˌeːɡəndən	0.27
krebserregender	krˈeːpsɛɾrˌeːɡəndɜ	0.29
krebserregendere	krˈeːpsɛɾrˌeːɡəndərə	0.27
krebserregenderer	krˈeːpsɛɾrˌeːɡəndərɜ	0.27
krebserregendes	krˈeːpsɛɾrˌeːɡəndəs	0.27
krebserregendste	krˈeːpsɛɾrˌeːɡəntstə	0.31
krebserregendstem	krˈeːpsɛɾrˌeːɡəntstəm	0.29
krebserregendsten	krˈeːpsɛɾrˌeːɡəntstən	0.29
krebserregendster	krˈeːpsɛɾrˌeːɡəntstɜ	0.31
krebserregendstes	krˈeːpsɛɾrˌeːɡəntstəs	0.29
krebset	krˈeːpsət	0.29
krebsig	krˈeːpsɪç	0.38
krebsige	krˈeːpsɪɡə	0.38
krebsigem	krˈeːpsɪɡəm	0.33
krebsigen	krˈeːpsɪɡən	0.33
krebsiger	krˈeːpsɪɡɜ	0.38
krebsiges	krˈeːpsɪɡəs	0.33
kriechst	kriːçst	0.29
kriechst vor	krˌiːçst fˈoːɾ	0.3
krisle	krˈiːzlə	0.33
krislet	krˈiːzlət	0.29
kräusle	krˈɔɪzlə	0.29
kröchst	krœçst	0.29
kröchst vor	krˌœçst fˈoːɾ	0.3
kundig	kˈʊndɪk	0.29
kurios	kurˈioːs	0.29
label	lˈɛɪbəl	0.33
labele	lˈɛɪbələ	0.29
labeln	lˈɛɪbəln	0.29
labelt	lˈɛɪbəlt	0.29
lable	lˈɛɪblə	0.33
lablet	lˈɛɪblət	0.29
laichst	laɪçst	0.29
languedokisch	lɑ̃ɡdˈɔkɪʃ	0.4
languedokische	lɑ̃ɡdˈɔkɪʃə	0.36
languedokischem	lɑ̃ɡdˈɔkɪʃəm	0.33
languedokischen	lɑ̃ɡdˈɔkɪʃən	0.33
languedokischer	lɑ̃ɡdˈɔkɪʃɜ	0.36
languedokisches	lɑ̃ɡdˈɔkɪʃəs	0.33
langzeitig	lˈaŋtsˌaɪtɪç	0.27
laser	lˈɛɪzɜ	0.4
lasere	lˈɛɪzərə	0.33
lasergesteuert	lˈɛɪzɜɡəʃtˌɔɪɜt	0.38
lasergesteuerte	lˈɛɪzɜɡəʃtˌɔɪɜtə	0.36
lasergesteuertem	lˈɛɪzɜɡəʃtˌɔɪɜtəm	0.33
lasergesteuerten	lˈɛɪzɜɡəʃtˌɔɪɜtən	0.33
lasergesteuerter	lˈɛɪzɜɡəʃtˌɔɪɜtɜ	0.36
lasergesteuertes	lˈɛɪzɜɡəʃtˌɔɪɜtəs	0.33
lasern	lˈɛɪzɜn	0.33
lasernd	lˈɛɪzɜnt	0.43
lasernde	lˈɛɪzɜndə	0.38
laserndem	lˈɛɪzɜndəm	0.33
lasernden	lˈɛɪzɜndən	0.33
lasernder	lˈɛɪzɜndɜ	0.38
laserndes	lˈɛɪzɜndəs	0.33
laserst	lˈɛɪzɜst	0.29
lasert	lˈɛɪzɜt	0.33
laserte	lˈɛɪzɜtə	0.29
last minute	lˈaːst mˈɪnɪt	0.3
layout	leːˈaʊt	0.6
layoute	leːˈaʊtə	0.5
layouten	leːˈaʊtən	0.43
layoutend	leːˈaʊtənt	0.38
layoutende	leːˈaʊtəndə	0.33
layoutendem	leːˈaʊtəndəm	0.3
layoutenden	leːˈaʊtəndən	0.3
layoutender	leːˈaʊtəndɜ	0.33
layoutendes	leːˈaʊtəndəs	0.3
layoutest	leːˈaʊtəst	0.38
layoutet	leːˈaʊtət	0.43
layoutete	leːˈaʊtətə	0.38
layouteten	leːˈaʊtətən	0.33
layoutetest	leːˈaʊtətəst	0.3
layoutetet	leːˈaʊtətət	0.33
leak	liːk	0.5
leake	lˈiːkə	0.4
leaken	lˈiːkən	0.33
leakend	lˈiːkənt	0.29
leakest	lˈiːkəst	0.29
leaket	lˈiːkət	0.33
leakst	liːkst	0.33
leakt	liːkt	0.4
leakte	lˈiːktə	0.33
leakten	lˈiːktən	0.29
leaktet	lˈiːktət	0.29
lease	lˈiːzə	0.4
leasen	lˈiːzən	0.33
leasend	lˈiːzənt	0.29
leasest	lˈiːzəst	0.29
leaset	lˈiːzət	0.33
least	liːst	0.4
leaste	lˈiːstə	0.33
leasten	lˈiːstən	0.29
leastet	lˈiːstət	0.29
leerräum	lˈeːɾrˌɔɪm	0.43
leger	leʒˈɛːɾ	0.4
legere	leʒˈɛːrə	0.33
legerem	leʒˈɛːrəm	0.29
legeren	leʒˈɛːrən	0.29
legerer	leʒˈɛːrɜ	0.33
legerere	leʒˈɛːrərə	0.29
legererer	leʒˈɛːrərɜ	0.29
legeres	leʒˈɛːrəs	0.29
lest vor	lˌeːst fˈoːɾ	0.29
lichtgehupt	lˈɪçtɡəhˌuːpt	0.27
lidlos	lˈiːtlˌoːs	0.33
lidlose	lˈiːtlˌoːzə	0.29
lidloser	lˈiːtlˌoːzɜ	0.29
liebbehalte	lˈiːpbəhˌaltə	0.3
liebbehalten	lˈiːpbəhˌaltən	0.27
liebbehaltet	lˈiːpbəhˌaltət	0.27
liebbehielt	lˈiːpbəhˌiːlt	0.33
liebbehielte	lˈiːpbəhˌiːltə	0.3
liebbehielten	lˈiːpbəhˌiːltən	0.27
liebbehieltet	lˈiːpbəhˌiːltət	0.27
liebbehieltst	lˈiːpbəhˌiːltst	0.27
liebbehält	lˈiːpbəhˌɛlt	0.33
liebbehältst	lˈiːpbəhˌɛltst	0.27
liebediener	lˈiːbədˌiːnɜ	0.4
liebedienere	lˈiːbədˌiːnərə	0.36
liebgehabt	lˈiːpɡəhˌaːpt	0.33
liebgehabte	lˈiːpɡəhˌaːptə	0.3
liebgehabtem	lˈiːpɡəhˌaːptəm	0.27
liebgehabten	lˈiːpɡəhˌaːptən	0.27
liebgehabter	lˈiːpɡəhˌaːptɜ	0.3
liebgehabtes	lˈiːpɡəhˌaːptəs	0.27
literal	lˌɪtərˈaːl	0.29
load down	lˌɔʊt dˈaʊn	0.5
loade down	lˌɔʊdə dˈaʊn	0.44
loaden down	lˌɔʊdən dˈaʊn	0.3
loadest down	lˌɔʊdəst dˈaʊn	0.36
loadet down	lˌɔʊdət dˈaʊn	0.4
loadete down	lˌɔʊdətə dˈaʊn	0.45
loadeten down	lˌɔʊdətən dˈaʊn	0.33
loadetest down	lˌɔʊdətəst dˈaʊn	0.38
loadetet down	lˌɔʊdətət dˈaʊn	0.42
lobgepriesen	lˈoːpɡəprˌiːzən	0.27
lobgesungen	lˈoːpɡəzˌʊŋən	0.3
lobsam	lˈoːpzaːm	0.33
lobsame	lˈoːpzaːmə	0.29
lobsamer	lˈoːpzaːmɜ	0.29
lobsang	lˈoːpzˌaŋ	0.33
lobsangt	lˈoːpzˌaŋt	0.29
lobsing	lˈoːpzˌɪŋ	0.33
lobsinge	lˈoːpzˌɪŋə	0.29
lobsingt	lˈoːpzˌɪŋt	0.29
lobsänge	lˈoːpzˌɛŋə	0.29
lobsängt	lˈoːpzˌɛŋt	0.29
longier	lɔ̃ʒˈiːɾ	0.33
longiere	lɔ̃ʒˈiːrə	0.29
longiert	lɔ̃ʒˈiːɾt	0.29
longline	lˈɔŋlaɪn	0.43
loop	luːp	0.33
loot	lˈuːt	0.33
losbrichst	lˈoːsbrˌɪçst	0.3
losbrächst	lˈoːsbrˌɛːçst	0.3
losgeeist	lˈoːsɡəˌaɪst	0.33
losgeeiste	lˈoːsɡəˌaɪstə	0.3
losgeeistem	lˈoːsɡəˌaɪstəm	0.27
losgeeisten	lˈoːsɡəˌaɪstən	0.27
losgeeister	lˈoːsɡəˌaɪstɜ	0.3
losgeeistes	lˈoːsɡəˌaɪstəs	0.27
losgehakt	lˈoːsɡəhˌaːkt	0.33
losgehakte	lˈoːsɡəhˌaːktə	0.3
losgehaktem	lˈoːsɡəhˌaːktəm	0.27
losgehakten	lˈoːsɡəhˌaːktən	0.27
losgehakter	lˈoːsɡəhˌaːktɜ	0.3
losgehaktes	lˈoːsɡəhˌaːktəs	0.27
losgejoggt	lˈoːsɡədʒˌɔkt	0.4
losgeschrien	lˈoːsɡəʃrˌiːn	0.3
losjogge	lˈoːsdʒˌɔɡə	0.38
losjoggen	lˈoːsdʒˌɔɡən	0.33
losjoggend	lˈoːsdʒˌɔɡənt	0.3
losjoggest	lˈoːsdʒˌɔɡəst	0.3
losjogget	lˈoːsdʒˌɔɡət	0.33
losjoggst	lˈoːsdʒˌɔkst	0.33
losjoggt	lˈoːsdʒˌɔkt	0.38
losjoggte	lˈoːsdʒˌɔktə	0.33
losjoggten	lˈoːsdʒˌɔktən	0.3
losjoggtest	lˈoːsdʒˌɔktəst	0.27
losjoggtet	lˈoːsdʒˌɔktət	0.3
loslöst	lˈoːslˌøːst	0.29
lospruste	lˈoːsprˌuːstə	0.33
losprusten	lˈoːsprˌuːstən	0.3
losprustend	lˈoːsprˌuːstənt	0.27
losprustest	lˈoːsprˌuːstəst	0.27
losprustet	lˈoːsprˌuːstət	0.3
losprustete	lˈoːsprˌuːstətə	0.27
lossage	lˈoːszˌaːɡə	0.29
lossagt	lˈoːszˌaːkt	0.29
losschicke	lˈoːsʃˌɪkə	0.38
losschicken	lˈoːsʃˌɪkən	0.33
losschickend	lˈoːsʃˌɪkənt	0.3
losschickest	lˈoːsʃˌɪkəst	0.3
losschicket	lˈoːsʃˌɪkət	0.33
losschickst	lˈoːsʃˌɪkst	0.33
losschickt	lˈoːsʃˌɪkt	0.38
losschickte	lˈoːsʃˌɪktə	0.33
losschickten	lˈoːsʃˌɪktən	0.3
losschicktest	lˈoːsʃˌɪktəst	0.27
losschicktet	lˈoːsʃˌɪktət	0.3
losschieße	lˈoːsʃˌiːsə	0.38
losschießen	lˈoːsʃˌiːsən	0.33
losschießend	lˈoːsʃˌiːsənt	0.3
losschießende	lˈoːsʃˌiːsəndə	0.27
losschießender	lˈoːsʃˌiːsəndɜ	0.27
losschießest	lˈoːsʃˌiːsəst	0.3
losschießet	lˈoːsʃˌiːsət	0.33
losschießt	lˈoːsʃˌiːst	0.38
losschimpfe	lˈoːsʃˌɪmpfə	0.3
losschimpfen	lˈoːsʃˌɪmpfən	0.27
losschimpfet	lˈoːsʃˌɪmpfət	0.27
losschimpfst	lˈoːsʃˌɪmpfst	0.27
losschimpft	lˈoːsʃˌɪmpft	0.3
losschimpfte	lˈoːsʃˌɪmpftə	0.27
losschlage	lˈoːsʃlˌaːɡə	0.33
losschlagen	lˈoːsʃlˌaːɡən	0.3
losschlagend	lˈoːsʃlˌaːɡənt	0.27
losschlagest	lˈoːsʃlˌaːɡəst	0.27
losschlaget	lˈoːsʃlˌaːɡət	0.3
losschlagt	lˈoːsʃlˌaːkt	0.33
losschlug	lˈoːsʃlˌuːk	0.38
losschlugen	lˈoːsʃlˌuːɡən	0.3
losschlugst	lˈoːsʃlˌuːkst	0.3
losschlugt	lˈoːsʃlˌuːkt	0.33
losschlägst	lˈoːsʃlˌɛːkst	0.3
losschlägt	lˈoːsʃlˌɛːkt	0.33
losschlüge	lˈoːsʃlˌyːɡə	0.33
losschlügen	lˈoːsʃlˌyːɡən	0.3
losschlügest	lˈoːsʃlˌyːɡəst	0.27
losschlüget	lˈoːsʃlˌyːɡət	0.3
losschlügst	lˈoːsʃlˌyːkst	0.3
losschlügt	lˈoːsʃlˌyːkt	0.33
losschoss	lˈoːsʃˌɔs	0.43
losschossen	lˈoːsʃˌɔsən	0.33
losschossest	lˈoːsʃˌɔsəst	0.3
losschosst	lˈoːsʃˌɔst	0.38
losschraube	lˈoːsʃrˌaʊbə	0.3
losschrauben	lˈoːsʃrˌaʊbən	0.27
losschraubet	lˈoːsʃrˌaʊbət	0.36
losschraubst	lˈoːsʃrˌaʊpst	0.27
losschraubt	lˈoːsʃrˌaʊpt	0.3
losschraubte	lˈoːsʃrˌaʊptə	0.27
losschreie	lˈoːsʃrˌaɪə	0.33
losschreien	lˈoːsʃrˌaɪən	0.3
losschreiend	lˈoːsʃrˌaɪənt	0.27
losschreiest	lˈoːsʃrˌaɪəst	0.27
losschreiet	lˈoːsʃrˌaɪət	0.3
losschreist	lˈoːsʃrˌaɪst	0.3
losschreit	lˈoːsʃrˌaɪt	0.33
losschrie	lˈoːsʃrˌiː	0.43
losschrien	lˈoːsʃrˌiːn	0.44
losschriest	lˈoːsʃrˌiːst	0.33
losschriet	lˈoːsʃrˌiːt	0.38
losschwamm	lˈoːsʃvˌam	0.38
losschwammen	lˈoːsʃvˌamən	0.3
losschwammst	lˈoːsʃvˌamst	0.3
losschwammt	lˈoːsʃvˌamt	0.33
losschwimme	lˈoːsʃvˌɪmə	0.33
losschwimmen	lˈoːsʃvˌɪmən	0.3
losschwimmend	lˈoːsʃvˌɪmənt	0.27
losschwimmest	lˈoːsʃvˌɪməst	0.27
losschwimmet	lˈoːsʃvˌɪmət	0.3
losschwimmst	lˈoːsʃvˌɪmst	0.3
losschwimmt	lˈoːsʃvˌɪmt	0.33
losschwomm	lˈoːsʃvˌɔm	0.38
losschwommen	lˈoːsʃvˌɔmən	0.3
losschwommst	lˈoːsʃvˌɔmst	0.3
losschwommt	lˈoːsʃvˌɔmt	0.33
losschwämme	lˈoːsʃvˌɛmə	0.33
losschwämmen	lˈoːsʃvˌɛmən	0.3
losschwämmest	lˈoːsʃvˌɛməst	0.27
losschwämmet	lˈoːsʃvˌɛmət	0.3
losschwämmst	lˈoːsʃvˌɛmst	0.3
losschwämmt	lˈoːsʃvˌɛmt	0.33
losschwömme	lˈoːsʃvˌœmə	0.33
losschwömmen	lˈoːsʃvˌœmən	0.3
losschwömmest	lˈoːsʃvˌœməst	0.27
losschwömmet	lˈoːsʃvˌœmət	0.3
losschwömmst	lˈoːsʃvˌœmst	0.3
losschwömmt	lˈoːsʃvˌœmt	0.33
losschösse	lˈoːsʃˌœsə	0.38
losschössen	lˈoːsʃˌœsən	0.33
losschössest	lˈoːsʃˌœsəst	0.3
losschösset	lˈoːsʃˌœsət	0.33
lotse	lˈoːtsə	0.4
lotsen	lˈoːtsən	0.33
lotsend	lˈoːtsənt	0.29
lotsest	lˈoːtsəst	0.29
lotset	lˈoːtsət	0.33
luchse	lˈʊksə	0.4
luchse ab	lˌʊksə ˈap	0.29
luchsen	lˈʊksən	0.33
luchsend	lˈʊksənt	0.29
luchsest	lˈʊksəst	0.29
luchset	lˈʊksət	0.33
luschernd	lˈuːʃɜnt	0.29
luse	lˈuːzə	0.5
lusen	lˈuːzən	0.4
lusend	lˈuːzənt	0.33
lusende	lˈuːzəndə	0.29
lusender	lˈuːzəndɜ	0.29
lusest	lˈuːzəst	0.33
luset	lˈuːzət	0.4
lynchst	lʏnçst	0.29
lögen	lˈøːɡŋ̩	0.4
lögen an	lˌøːɡŋ̩ ˈan	0.29
lögen vor	lˌøːɡŋ̩ fˈoːɾ	0.38
lögt vor	lˌøːkt fˈoːɾ	0.29
maberes	mabˈerɛs	0.29
machohaft	mˈatʃohaft	0.33
machohafte	mˈatʃohaftə	0.3
machohaftem	mˈatʃohaftəm	0.27
machohaften	mˈatʃohaftən	0.27
machohafter	mˈatʃohaftɜ	0.3
machohaftere	mˈatʃohaftərə	0.27
machohafterer	mˈatʃohaftərɜ	0.27
machohaftes	mˈatʃohaftəs	0.27
mafios	mafˈioːs	0.29
manag	mˈɛnɪdʒ	0.67
managen	mˈɛnɪdʒən	0.5
managend	mˈɛnɪdʒənt	0.44
managende	mˈɛnɪdʒəndə	0.4
managendem	mˈɛnɪdʒəndəm	0.36
managenden	mˈɛnɪdʒəndən	0.36
managender	mˈɛnɪdʒəndɜ	0.4
managendes	mˈɛnɪdʒəndəs	0.36
managest	mˈɛnɪdʒəst	0.44
managet	mˈɛnɪdʒət	0.5
managst	mˈɛnɪdʒst	0.5
managt	mˈɛnɪdʒt	0.57
managte	mˈɛnɪtʃtə	0.5
managten	mˈɛnɪdʒtən	0.44
managtest	mˈɛnɪdʒtəst	0.4
managtet	mˈɛnɪdʒtət	0.44
mapp	mɛp	0.33
massereichste	mˈasərˌaɪçstə	0.27
massereichster	mˈasərˌaɪçstɜ	0.27
matchen	mˈɛtʃən	0.43
materiell	matərˈiɛl	0.33
materielle	matərˈiɛlə	0.3
materiellem	matərˈiɛləm	0.27
materiellen	matərˈiɛlən	0.27
materieller	matərˈiɛlɜ	0.3
materiellere	matərˈiɛlərə	0.27
materiellerer	matərˈiɛlərɜ	0.27
materielles	matərˈiɛləs	0.27
mauve	moːv	0.6
mediat	medˈiaːt	0.29
melancholisch	melaŋkˈoːlɪʃ	0.27
miachteln	mˈiːɾçtəln	0.33
miachtln	mˈiːɾçtəln	0.44
mobbet	mˈɔbət	0.33
mondbeschienen	mˈoːntbəʃˌiːnən	0.27
mondlos	mˈoːntloːs	0.29
moosbewachsen	mˈoːsbəvˌaksən	0.27
mosre	mˈoːzrə	0.4
mosre rum	mˌoːzrə rˈʊm	0.29
mouillier	mujˈiːɾ	0.33
mouilliere	mujˈiːrə	0.29
mouilliert	mujˈiːɾt	0.29
mulchst	mʊlçst	0.29
muse	mˈuːzə	0.5
musen	mˈuːzən	0.4
musend	mˈuːzənt	0.33
musende	mˈuːzəndə	0.29
musender	mˈuːzəndɜ	0.29
musest	mˈuːzəst	0.33
muset	mˈuːzət	0.4
mäusle	mˈɔɪzlə	0.33
mäuslet	mˈɔɪzlət	0.29
mèch	mɛʃ	0.5
mèchen	mˈɛʃən	0.33
mèchend	mˈɛʃənt	0.29
mèchest	mˈɛʃəst	0.29
mèchet	mˈɛʃət	0.33
mècht	mɛʃt	0.4
mèchte	mˈɛʃtə	0.33
mèchten	mˈɛʃtən	0.29
mèchtet	mˈɛʃtət	0.29
möglichst	mˈøːklɪçst	0.44
n. Chr.	naːx krˈɪstʊs	1.0
n. V.	naːx fɛɾˈaɪnbaːrʊŋ	0.71
n. d. H.	naːx deːɾ hˈɛdʒra	0.67
nachgeeifert	nˈaːxɡəˌaɪfɜt	0.3
nachgeholt	nˈaːxɡəhˌoːlt	0.33
nachgeholte	nˈaːxɡəhˌoːltə	0.3
nachgeholtem	nˈaːxɡəhˌoːltəm	0.27
nachgeholten	nˈaːxɡəhˌoːltən	0.27
nachgeholter	nˈaːxɡəhˌoːltɜ	0.3
nachgeholtes	nˈaːxɡəhˌoːltəs	0.27
nachgestrebt	nˈaːxɡəʃtrˌeːpt	0.27
nachgeströmt	nˈaːxɡəʃtrˌøːmt	0.27
nachgewachsen	nˈaːxɡəvˌaksən	0.27
nachlese	nˈaːxlˌeːzə	0.29
nachräum	nˈaːxrˌɔɪm	0.29
nachsterbet	nˈaːxʃtˌɛɾbət	0.3
nachversteuer	nˈaːxfɛɾʃtˌɔɪɜ	0.27
nachversteuernd	nˈaːxfɛɾʃtˌɔɪɜnt	0.31
nachversteuernde	nˈaːxfɛɾʃtˌɔɪɜndə	0.29
nachversteuerndem	nˈaːxfɛɾʃtˌɔɪɜndəm	0.27
nachversteuernden	nˈaːxfɛɾʃtˌɔɪɜndən	0.27
nachversteuernder	nˈaːxfɛɾʃtˌɔɪɜndɜ	0.29
nachversteuerndes	nˈaːxfɛɾʃtˌɔɪɜndəs	0.27
nachversteure	nˈaːxfɛɾʃtˌɔɪrə	0.33
nachwuchs	nˈaːxvˌuːks	0.29
nachwuchsen	nˈaːxvˌuːksən	0.33
nachzuversteuern	nˈaːxtsufɛɾʃtˌɔɪɜn	0.27
nachzuversteuernde	nˈaːxtsufɛɾʃtˌɔɪɜndə	0.29
nachzuversteuerndem	nˈaːxtsufɛɾʃtˌɔɪɜndəm	0.28
nachzuversteuernden	nˈaːxtsufɛɾʃtˌɔɪɜndən	0.28
nachzuversteuernder	nˈaːxtsufɛɾʃtˌɔɪɜndɜ	0.29
nachzuversteuerndes	nˈaːxtsufɛɾʃtˌɔɪɜndəs	0.28
naivste	naˈiːfstə	0.29
naivster	naˈiːfstɜ	0.29
native Speaker	nˈeɪtɪv spˈiːkə	0.67
native speaker	nˈeɪtɪv spˈiːkə	0.67
nature	natˈyːɾ	0.33
neuartig	nˈɔɪˌaːɾtɪk	0.33
neubabylonisch	nˈɔɪbabylˌoːnɪʃ	0.42
neubabylonische	nˈɔɪbabylˌoːnɪʃə	0.46
neubabylonischem	nˈɔɪbabylˌoːnɪʃəm	0.53
neubabylonischen	nˈɔɪbabylˌoːnɪʃən	0.36
neubabylonischer	nˈɔɪbabylˌoːnɪʃɜ	0.46
neubabylonisches	nˈɔɪbabylˌoːnɪʃəs	0.5
neuenglisch	nˈɔɪˌɛŋlɪʃ	0.33
neuenglische	nˈɔɪˌɛŋlɪʃə	0.3
neuenglischem	nˈɔɪˌɛŋlɪʃəm	0.27
neuenglischen	nˈɔɪˌɛŋlɪʃən	0.27
neuenglischer	nˈɔɪˌɛŋlɪʃɜ	0.3
neuenglisches	nˈɔɪˌɛŋlɪʃəs	0.27
neuernd	nˈɔɪɜnt	0.29
neungeschossig	nˈɔɪnɡəʃˌɔsɪç	0.33
neungeschossige	nˈɔɪnɡəʃˌɔsɪɡə	0.33
neungeschossigem	nˈɔɪnɡəʃˌɔsɪɡəm	0.31
neungeschossigen	nˈɔɪnɡəʃˌɔsɪɡən	0.31
neungeschossiger	nˈɔɪnɡəʃˌɔsɪɡɜ	0.33
neungeschossiges	nˈɔɪnɡəʃˌɔsɪɡəs	0.31
neureichste	nˈɔɪrˌaɪçstə	0.27
neureichster	nˈɔɪrˌaɪçstɜ	0.27
neurochirurgisch	nˈɔɪroçirˌʊɾɡɪʃ	0.29
neurochirurgische	nˈɔɪroçirˌʊɾɡɪʃə	0.27
neurochirurgischer	nˈɔɪroçirˌʊɾɡɪʃɜ	0.27
nice	naɪs	0.75
niedergeholt	nˈiːdɜɡəhˌoːlt	0.3
niedergeholte	nˈiːdɜɡəhˌoːltə	0.27
niedergeholter	nˈiːdɜɡəhˌoːltɜ	0.27
niederknien	nˈiːdɜknˌiːn	0.3
niederstichst	nˈiːdɜʃtˌɪçst	0.27
nikotingelb	nikotˈiːnɡˌɛlp	0.27
nirgendsher	nˈɪɾɡəntshˌeːɾ	0.36
niveaulos	nivˈoːloːs	0.33
niveaulose	nivˈoːloːzə	0.3
niveaulosem	nivˈoːloːzəm	0.27
niveaulosen	nivˈoːloːzən	0.27
niveauloser	nivˈoːloːzɜ	0.3
niveaulosere	nivˈoːloːzərə	0.27
niveauloserer	nivˈoːloːzərɜ	0.27
niveauloses	nivˈoːloːzəs	0.27
nonchalant	nˌɔ̃ʃalˈɑ̃ː	0.5
nonchalante	nˌõʃalˈantə	0.36
nonchalantem	nˌõʃalˈantəm	0.33
nonchalanten	nˌɔ̃ʃalˈɑ̃ːtən	0.33
nonchalanter	nˌõʃalˈantɜ	0.36
nonchalantere	nˌõʃalˈantərə	0.33
nonchalanterem	nˌõʃalˈantərəm	0.31
nonchalanteren	nˌõʃalˈantərən	0.31
nonchalanterer	nˌõʃalˈantərɜ	0.33
nonchalanteres	nˌõʃalˈantərəs	0.31
nonchalantes	nˌõʃalˈantəs	0.33
nonchalanteste	nˌõʃalˈantəstə	0.29
nonchalantestem	nˌõʃalˈantəstəm	0.27
nonchalantesten	nˌõʃalˈantəstən	0.27
nonchalantester	nˌõʃalˈantəstɜ	0.29
nonchalantestes	nˌõʃalˈantəstəs	0.27
nonchalier	nɔ̃ʃalˈiːɾ	0.33
nonchaliere	nɔ̃ʃalˈiːrə	0.3
nonchalieren	nɔ̃ʃalˈiːrən	0.27
nonchalieret	nɔ̃ʃalˈiːrət	0.27
nonchalierst	nɔ̃ʃalˈiːɾst	0.27
nonchaliert	nɔ̃ʃalˈiːɾt	0.3
nonchalierte	nɔ̃ʃalˈiːɾtə	0.27
nonchalierter	nɔ̃ʃalˈiːɾtɜ	0.27
nordenglisch	nˈɔɾtˌɛŋlɪʃ	0.3
nordenglische	nˈɔɾtˌɛŋlɪʃə	0.27
nordenglischer	nˈɔɾtˌɛŋlɪʃɜ	0.27
nottat	nˈoːttaːt	0.33
nottun	nˈoːttˌuːn	0.33
nottut	nˈoːttuːt	0.33
nuancier	nyɑ̃sˈiːɾ	0.29
obligat	obliɡˈaːt	0.43
obligate	obliɡˈaːtə	0.38
obligatem	obliɡˈaːtəm	0.33
obligaten	obliɡˈaːtən	0.33
obligater	obliɡˈaːtɜ	0.38
obligatere	obliɡˈaːtərə	0.33
obligaterem	obliɡˈaːtərəm	0.3
obligateren	obliɡˈaːtərən	0.3
obligaterer	obliɡˈaːtərɜ	0.33
obligateres	obliɡˈaːtərəs	0.3
obligates	obliɡˈaːtəs	0.33
obligateste	obliɡˈaːtəstə	0.27
obligatester	obliɡˈaːtəstɜ	0.27
obligier	ɔbliɡˈiːɾ	0.29
oblique	oblˈiːk	0.4
oblique Kasus	oblˌiːkvə kˈaːzʊs	0.33
obliquen	oblˈiːkvən	0.38
obliquer	oblˈiːkvɜ	0.29
obsten	ˈɔpstən	0.33
ochs	ɔks	0.33
ochse	ˈɔksə	0.5
ochsen	ˈɔksən	0.4
ochsend	ˈɔksənt	0.33
ochsende	ˈɔksəndə	0.29
ochsender	ˈɔksəndɜ	0.29
ochsest	ˈɔksəst	0.33
ochset	ˈɔksət	0.4
odios	odˈioːs	0.33
odiose	odˈioːzə	0.29
odioser	odˈioːzɜ	0.29
offshore	ˈɔfʃoːɾ	0.43
ohnehin	ˈoːnəhɪn	0.33
ohneweiters	ˌoːnəvˈaɪtɜs	0.7
okaye	okeːə	0.4
okayem	okˈeːəm	0.33
okayen	okˈeːən	0.33
okayer	okˈeːɜ	0.4
okayere	okˈeːərə	0.33
okayerem	okˈeːərəm	0.29
okayeren	okˈeːərən	0.29
okayerer	okˈeːərɜ	0.33
okayeres	okˈeːərəs	0.29
okayes	okˈeːəs	0.33
okayste	okˈeːstə	0.29
okayster	okˈeːstɜ	0.29
oldschool	ˈɔʊldskˌuːl	0.62
orangem	orˈɑ̃ːʒəm	0.29
orangen	orˈɑ̃ːʒən	0.29
oranger	orˈɑ̃ːʒɜ	0.33
ostgerm.	ˈɔstɡɛɾmaːnɪʃ	0.45
oute	ˈaʊtə	0.5
outen	ˈaʊtən	0.4
outend	ˈaʊtənt	0.33
outende	ˈaʊtəndə	0.29
outender	ˈaʊtəndɜ	0.29
outest	ˈaʊtəst	0.33
outet	ˈaʊtət	0.4
outete	ˈaʊtətə	0.33
outeten	ˈaʊtətən	0.29
outetet	ˈaʊtətət	0.29
outgesourct	ˈaʊtɡəsˌɔːɾst	0.6
outgesourcte	ˈaʊtɡəsˌɔːɾstə	0.55
outgesourctem	ˈaʊtɡəsˌɔːɾstəm	0.5
outgesourcten	ˈaʊtɡəsˌɔːɾstən	0.5
outgesourcter	ˈaʊtɡəsˌɔːɾstɜ	0.55
outgesourctes	ˈaʊtɡəsˌɔːɾstəs	0.5
outsource	ˈaʊtsˌɔːɾsə	0.62
outsourcen	ˈaʊtsˌɔːɾsən	0.56
outsourcend	ˈaʊtsˌɔːɾsənt	0.5
outsourcende	ˈaʊtsˌɔːɾsəndə	0.45
outsourcendem	ˈaʊtsˌɔːɾsəndəm	0.42
outsourcenden	ˈaʊtsˌɔːɾsəndən	0.42
outsourcender	ˈaʊtsˌɔːɾsəndɜ	0.45
outsourcendes	ˈaʊtsˌɔːɾsəndəs	0.42
outsourcest	ˈaʊtsˌɔːɾsəst	0.5
outsourcet	ˈaʊtsˌɔːɾsət	0.56
outsourct	ˈaʊtsˌɔːɾst	0.62
outsourcte	ˈaʊtsˌɔːɾstə	0.56
outsourcten	ˈaʊtsˌɔːɾstən	0.5
outsourctest	ˈaʊtsˌɔːɾstəst	0.45
outsourctet	ˈaʊtsˌɔːɾstət	0.5
outzusourcen	ˈaʊttsusˌɔːsən	0.64
outzusourcende	ˈaʊttsusˌɔːɾsəndə	0.43
outzusourcendem	ˈaʊttsusˌɔːɾsəndəm	0.4
outzusourcenden	ˈaʊttsusˌɔːɾsəndən	0.4
outzusourcender	ˈaʊttsusˌɔːɾsəndɜ	0.43
outzusourcendes	ˈaʊttsusˌɔːɾsəndəs	0.4
ouvert	uvˈɛɾ	0.5
overrul	ɔʊvɜrˈuːl	0.29
overrult	ɔʊvɜrˈuːlt	0.38
overrulte	ɔʊvɜrˈuːltə	0.33
overrulten	ɔʊvɜrˈuːltən	0.3
overrultest	ɔʊvɜrˈuːltəst	0.27
overrultet	ɔʊvɜrˈuːltət	0.3
oversized	ˈɔʊvɜsˌaɪst	0.67
owegehn	ˈɔbeɡˌeːn	0.33
par excellence	paːɾ ɛksəlˈɑ̃ːs	0.38
paschal	pasçˈaːl	0.43
paschale	pasçˈaːlə	0.38
paschalem	pasçˈaːləm	0.33
paschalen	pasçˈaːlən	0.33
paschaler	pasçˈaːlɜ	0.38
paschales	pasçˈaːləs	0.33
passager	pasaʒˈeːɾ	0.29
patchen	pˈɛtʃən	0.43
patrouillier	pˌatrʊljˈiːɾ	0.33
patrouilliere	pˌatrʊljˈiːrə	0.3
patrouillieren	pˌatrʊljˈiːrən	0.27
patrouillieret	pˌatrʊljˈiːrət	0.27
patrouillierst	pˌatrʊljˈiːɾst	0.27
patrouilliert	pˌatrʊljˈiːɾt	0.3
patrouillierte	pˌatrʊljˈiːɾtə	0.27
patrouillierter	pˌatrʊljˈiːɾtɜ	0.27
pechschwarz	pˈɛçʃvˈaɾts	0.27
pers.	pɛɾzˈøːnlɪç	0.7
petrochemisch	pˈetroçˌeːmɪʃ	0.36
petrochemische	pˈetroçˌeːmɪʃə	0.33
petrochemischem	pˈetroçˌeːmɪʃəm	0.31
petrochemischen	pˈetroçˌeːmɪʃən	0.31
petrochemischer	pˈetroçˌeːmɪʃɜ	0.33
petrochemisches	pˈetroçˌeːmɪʃəs	0.31
peu à peu	pˈøaːpˈø	0.62
pfui	pfʊɪ	0.5
pfui Teufel	pfʊɪ tˈɔɪfəl	0.3
pharm.	faɾmatsˈɔɪtɪʃ	0.67
photogeshoppt	fˈoːtoɡəʃˌɔpt	0.54
photogeshoppte	fˈoːtoɡəʃˌɔptə	0.62
photogeshopptem	fˈoːtoɡəʃˌɔptəm	0.47
photogeshoppten	fˈoːtoɡəʃˌɔptən	0.6
photogeshoppter	fˈoːtoɡəʃˌɔptɜ	0.57
photogeshopptes	fˈoːtoɡəʃˌɔptəs	0.57
photoshopp	fˈoːtoʃˌɔp	0.44
photoshoppe	fˈoːtoʃˌɔpə	0.56
photoshoppen	fˈoːtoʃˌɔpən	0.36
photoshoppend	fˈoːtoʃˌɔpənt	0.5
photoshoppest	fˈoːtoʃˌɔpəst	0.42
photoshoppet	fˈoːtoʃˌɔpət	0.45
photoshoppst	fˈoːtoʃˌɔpst	0.36
photoshoppt	fˈoːtoʃˌɔpt	0.4
photoshoppte	fˈoːtoʃˌɔptə	0.5
photoshoppten	fˈoːtoʃˌɔptən	0.42
photoshopptest	fˈoːtoʃˌɔptəst	0.38
photoshopptet	fˈoːtoʃˌɔptət	0.5
phryg.	frˈyːɡɪʃ	0.5
pichst	pɪçst	0.33
pikse	pˈiːksə	0.4
piksen	pˈiːksən	0.33
piksend	pˈiːksənt	0.29
piksest	pˈiːksəst	0.29
pikset	pˈiːksət	0.33
plangemäß	plˈaːnɡəmˌɛːs	0.33
plangemäße	plˈaːnɡəmˌɛːsə	0.3
plangemäßem	plˈaːnɡəmˌɛːsəm	0.27
plangemäßen	plˈaːnɡəmˌɛːsən	0.27
plangemäßer	plˈaːnɡəmˌɛːsɜ	0.3
plangemäßes	plˈaːnɡəmˌɛːsəs	0.27
poet.	poˈeːtɪʃ	0.33
poikilotherm	pˌɔɪkilotˈɛɾm	0.36
poikilotherme	pˌɔɪkilotˈɛɾmə	0.33
poikilothermem	pˌɔɪkilotˈɛɾməm	0.31
poikilothermen	pˌɔɪkilotˈɛɾmən	0.31
poikilothermer	pˌɔɪkilotˈɛɾmɜ	0.33
poikilothermes	pˌɔɪkilotˈɛɾməs	0.31
pointier	poɛ̃tˈiːɾ	0.29
polysem	polizˈeːm	0.29
posthum	pɔsthˈuːm	0.29
power aus	pˌoːvɜ ˈaʊs	0.29
powerem	pˈoːvərəm	0.33
poweren	pˈoːvərən	0.33
powerer	pˈoːvərɜ	0.4
powerere	pˈoːvərərə	0.33
powererem	pˈoːvərərəm	0.29
powereren	pˈoːvərərən	0.29
powererer	pˈoːvərərɜ	0.33
powereres	pˈoːvərərəs	0.29
poweres	pˈoːvərəs	0.33
powerste	pˈoːvɜstə	0.29
powerster	pˈoːvɜstɜ	0.29
powidl	pˈɔvidəl	0.43
powre	pˈaʊrə	0.4
preuß.	prˈɔɪsɪʃ	0.43
proggend	prˈɔɡənt	0.29
prolle	prˈɔlə	0.4
prollend	prˈɔlənt	0.29
prollest	prˈɔləst	0.29
prollet	prˈɔlət	0.33
prolltet	prˈɔltət	0.29
promot	promˈɔʊt	0.29
protze	prˈɔtsə	0.33
protzet	prˈɔtsət	0.29
prov.	provizˈoːrɪʃ	0.7
pscht	pʃt	0.82
pseudoreligiös	psˈɔɪdoreliɡˌiøːs	0.29
pseudoreligiöse	psˈɔɪdoreliɡˌiøːzə	0.27
pseudoreligiöser	psˈɔɪdoreliɡˌiøːzɜ	0.27
psychedelisch	psyçədˈeːlɪʃ	0.27
psychrophil	psyçrofˈiːl	0.3
psychrophile	psyçrofˈiːlə	0.27
psychrophiler	psyçrofˈiːlɜ	0.27
publicitysüchtig	pablˈɪsɪtizˌʏçtɪç	0.29
publicitysüchtige	pablˈɪsɪtizˌʏçtɪɡə	0.29
publicitysüchtigem	pablˈɪsɪtizˌʏçtɪɡəm	0.28
publicitysüchtigen	pablˈɪsɪtizˌʏçtɪɡən	0.28
publicitysüchtiger	pablˈɪsɪtizˌʏçtɪɡɜ	0.29
publicitysüchtigere	pablˈɪsɪtizˌʏçtɪɡərə	0.28
publicitysüchtigerem	pablˈɪsɪtizˌʏçtɪɡərəm	0.26
publicitysüchtigeren	pablˈɪsɪtizˌʏçtɪɡərən	0.26
publicitysüchtigerer	pablˈɪsɪtizˌʏçtɪɡərɜ	0.28
publicitysüchtigeres	pablˈɪsɪtizˌʏçtɪɡərəs	0.26
publicitysüchtiges	pablˈɪsɪtizˌʏçtɪɡəs	0.28
publicityträchtig	pablˈɪsɪtitrˌɛçtɪç	0.28
publicityträchtige	pablˈɪsɪtitrˌɛçtɪɡə	0.28
publicityträchtigem	pablˈɪsɪtitrˌɛçtɪɡəm	0.26
publicityträchtigen	pablˈɪsɪtitrˌɛçtɪɡən	0.26
publicityträchtiger	pablˈɪsɪtitrˌɛçtɪɡɜ	0.28
publicityträchtiges	pablˈɪsɪtitrˌɛçtɪɡəs	0.26
publik	publˈiːk	0.33
publike	publˈiːkə	0.29
publiker	publˈiːkɜ	0.29
punche	pˈantʃə	0.5
punchen	pˈantʃən	0.43
punchend	pˈantʃənt	0.38
punchende	pˈantʃəndə	0.33
punchendem	pˈantʃəndəm	0.3
punchenden	pˈantʃəndən	0.3
punchender	pˈantʃəndɜ	0.33
punchendes	pˈantʃəndəs	0.3
punchest	pˈantʃəst	0.38
punchet	pˈantʃət	0.43
punchst	pantʃst	0.43
puncht	pantʃt	0.5
punchte	pˈantʃtə	0.43
punchten	pˈantʃtən	0.38
punchtest	pˈantʃtəst	0.33
punchtet	pˈantʃtət	0.38
punkig	pˈaŋkɪç	0.29
punkige	pˈaŋkɪɡə	0.29
punkiger	pˈaŋkɪɡɜ	0.29
pupse	pˈuːpsə	0.4
pupsen	pˈuːpsən	0.33
pupsend	pˈuːpsənt	0.29
pupsest	pˈuːpsəst	0.29
pupset	pˈuːpsət	0.33
purpurn	pˈuːɾpuːɾn	0.29
purpurrot	pˈuːɾpuːɾrˌoːt	0.33
purpurrote	pˈuːɾpuːɾrˌoːtə	0.3
purpurrotem	pˈuːɾpuːɾrˌoːtəm	0.27
purpurroten	pˈuːɾpuːɾrˌoːtən	0.27
purpurroter	pˈuːɾpuːɾrˌoːtɜ	0.3
purpurrotes	pˈuːɾpuːɾrˌoːtəs	0.27
puzzel	pˈʊzəl	0.33
puzzele	pˈʊzələ	0.29
puzzeln	pˈʊzəln	0.29
puzzelt	pˈʊzəlt	0.29
puzzlet	pˈʊzlət	0.29
pythonesk	paɪθənˈɛsk	0.44
pythoneske	paɪθənˈɛskə	0.4
pythoneskem	paɪθənˈɛskəm	0.36
pythonesken	paɪθənˈɛskən	0.36
pythonesker	paɪθənˈɛskɜ	0.4
pythoneskere	paɪθənˈɛskərə	0.36
pythoneskerem	paɪθənˈɛskərəm	0.33
pythoneskeren	paɪθənˈɛskərən	0.33
pythoneskerer	paɪθənˈɛskərɜ	0.36
pythoneskeres	paɪθənˈɛskərəs	0.33
pythoneskes	paɪθənˈɛskəs	0.36
pythoneskeste	paɪθənˈɛskəstə	0.31
pythoneskestem	paɪθənˈɛskəstəm	0.29
pythoneskesten	paɪθənˈɛskəstən	0.29
pythoneskester	paɪθənˈɛskəstɜ	0.31
pythoneskestes	paɪθənˈɛskəstəs	0.29
querfeldein	kveːɾfɛltˈaɪn	0.27
querlese	kvˈeːɾlˌeːzə	0.38
querlesend	kvˈeːɾlˌeːzənt	0.3
querlesende	kvˈeːɾlˌeːzəndə	0.27
querlesender	kvˈeːɾlˌeːzəndɜ	0.27
querlesest	kvˈeːɾlˌeːzəst	0.3
querleset	kvˈeːɾlˌeːzət	0.33
rabiat	rabˈiaːt	0.29
radebrechst	rˈaːdəbrˌɛçst	0.27
raiden	rˈeːdən	0.33
random	rˈɛndəm	0.33
rangeklotzt	rˈanɡəklˌɔtst	0.27
rangekommen	rˈanɡəkˌɔmən	0.3
rangekommene	rˈanɡəkˌɔmənə	0.27
rangekommener	rˈanɡəkˌɔmənɜ	0.27
rangemusst	rˈanɡəmˌʊst	0.33
ranghöchste	rˈaŋhˌøːçstə	0.3
ranghöchstem	rˈaŋhˌøːçstəm	0.27
ranghöchsten	rˈaŋhˌøːçstən	0.27
ranghöchster	rˈaŋhˌøːçstɜ	0.3
ranghöchstes	rˈaŋhˌøːçstəs	0.27
ratete	rˈɛɪtətə	0.29
rausgeholt	rˈaʊsɡəhˌoːlt	0.3
rausgeholte	rˈaʊsɡəhˌoːltə	0.27
rausgeholter	rˈaʊsɡəhˌoːltɜ	0.27
rausgehört	rˈaʊsɡəhˌøːɾt	0.3
rausgehörte	rˈaʊsɡəhˌøːɾtə	0.27
rausgehörter	rˈaʊsɡəhˌøːɾtɜ	0.27
raven	rˈɛɪvən	0.33
ravend	rˈɛɪvənt	0.29
ravest	rˈɛɪvəst	0.29
ravet	rˈɛɪvət	0.33
ravst	rɛɪfst	0.33
ravt	rɛɪft	0.4
ravte	rˈɛɪftə	0.5
ravten	rˈɛɪftən	0.43
ravtest	rˈɛɪftəst	0.38
ravtet	rˈɛɪftət	0.43
recherchier	reʃɛɾʃˈiːɾ	0.56
recherchiere	reʃɛɾʃˈiːrə	0.5
recherchieren	reʃɛɾʃˈiːrən	0.45
recherchierend	reʃɛɾʃˈiːrənt	0.42
recherchierende	reʃɛɾʃˈiːrəndə	0.38
recherchierendem	reʃɛɾʃˈiːrəndəm	0.36
recherchierenden	reʃɛɾʃˈiːrəndən	0.36
recherchierender	reʃɛɾʃˈiːrəndɜ	0.38
recherchierendes	reʃɛɾʃˈiːrəndəs	0.36
recherchierest	reʃɛɾʃˈiːrəst	0.42
recherchieret	reʃɛɾʃˈiːrət	0.45
recherchierst	reʃɛɾʃˈiːɾst	0.45
recherchiert	reʃɛɾʃˈiːɾt	0.5
recherchierte	reʃɛɾʃˈiːɾtə	0.45
recherchiertem	reʃɛɾʃˈiːɾtəm	0.42
recherchierten	reʃɛɾʃˈiːɾtən	0.42
recherchierter	reʃɛɾʃˈiːɾtɜ	0.45
recherchiertes	reʃɛɾʃˈiːɾtəs	0.42
recherchiertest	reʃɛɾʃˈiːɾtəst	0.38
recherchiertet	reʃɛɾʃˈiːɾtət	0.42
rechst	rɛçst	0.33
recycel	rˌisˈaɪkəl	0.38
recycelbar	risˈaɪkəlbaːɾ	0.27
recycele	rˌisˈaɪkələ	0.33
recycelest	rˌisˈaɪkələst	0.27
recycelet	rˌisˈaɪkələt	0.3
recyceln	rˌisˈaɪkəln	0.33
recycelnd	rˌisˈaɪkəlnt	0.3
recycelnde	rˌisˈaɪkəlndə	0.27
recycelnder	rˌisˈaɪkəlndɜ	0.27
recycelst	rˌisˈaɪkəlst	0.3
recycelt	rˌisˈaɪkəlt	0.33
recycelte	rˌisˈaɪkəltə	0.3
recyceltem	rˌisˈaɪkəltəm	0.27
recycelten	rˌisˈaɪkəltən	0.27
recycelter	rˌisˈaɪkəltɜ	0.3
recyceltes	rˌisˈaɪkəltəs	0.27
recyceltet	rˌisˈaɪkəltət	0.27
recycle	rˌisˈaɪklə	0.38
recyclebar	risˈaɪkəlbaːɾ	0.45
recyclebare	risˈaɪkəlbaːrə	0.42
recyclebarem	risˈaɪkəlbaːrəm	0.38
recyclebaren	risˈaɪkəlbaːrən	0.38
recyclebarer	risˈaɪkəlbaːrɜ	0.42
recyclebares	risˈaɪkəlbaːrəs	0.38
recyclen	rˌisˈaɪkəln	0.56
recyclend	rˌisˈaɪkəlnt	0.5
recyclende	rˌisˈaɪkəlndə	0.45
recyclendem	rˌisˈaɪkəlndəm	0.42
recyclenden	rˌisˈaɪkəlndən	0.42
recyclender	rˌisˈaɪkəlndɜ	0.45
recyclendes	rˌisˈaɪkəlndəs	0.42
recyclest	rˌisˈaɪkləst	0.3
recyclet	rˌisˈaɪklət	0.33
recyclete	rˌisˈaɪkəltə	0.5
recycletem	rˌisˈaɪkəltəm	0.45
recycleten	rˌisˈaɪkəltən	0.45
recycleter	rˌisˈaɪkəltɜ	0.5
recycletes	rˌisˈaɪkəltəs	0.45
recycletest	rˌisˈaɪkəltəst	0.42
recycletet	rˌisˈaɪkəltət	0.45
recykel	risˈaɪkəl	0.38
recykele	risˈaɪkələ	0.33
recykeln	risˈaɪkəln	0.33
recykelnd	risˈaɪkəlnt	0.3
recykelnde	risˈaɪkəlndə	0.27
recykelnder	risˈaɪkəlndɜ	0.27
recykelst	risˈaɪkəlst	0.3
recykelt	risˈaɪkəlt	0.33
recykelte	risˈaɪkəltə	0.3
recykeltem	risˈaɪkəltəm	0.27
recykelten	risˈaɪkəltən	0.27
recykelter	risˈaɪkəltɜ	0.3
recykeltes	risˈaɪkəltəs	0.27
recykeltet	risˈaɪkəltət	0.27
recykle	risˈaɪklə	0.38
recyklest	risˈaɪkləst	0.3
recyklet	risˈaɪklət	0.33
regimetreu	reʒˈiːmtrˌɔɪ	0.3
regimetreue	reʒˈiːmtrˌɔɪə	0.27
regimetreuer	reʒˈiːmtrˌɔɪɜ	0.27
reglementier	reɡləmɛntˈiːɾ	0.27
reglos	rˈeːklˌoːs	0.33
reglose	rˈeːklˌoːzə	0.29
regloser	rˈeːklˌoːzɜ	0.29
regsam	rˈeːkzaːm	0.33
regsame	rˈeːkzaːmə	0.29
regsamer	rˈeːkzaːmɜ	0.29
reichsdeutsch	rˈaɪçsdˌɔɪtʃ	0.27
reichst	raɪçst	0.29
reingebeten	rˈaɪnɡəbˌeːtən	0.27
reingebissen	rˈaɪnɡəbˌɪsən	0.27
reingebuttert	rˈaɪnɡəbˌʊtɜt	0.27
reingecheckt	rˈaɪnɡətʃˌɛkt	0.45
reingefallen	rˈaɪnɡəfˌalən	0.27
reingefeiert	rˈaɪnɡəfˌaɪɜt	0.27
reingehauen	rˈaɪnɡəhˌaʊən	0.36
reingehaut	rˈaɪnɡəhˌaʊt	0.4
reingehängt	rˈaɪnɡəhˌɛŋt	0.4
reingehängte	rˈaɪnɡəhˌɛŋtə	0.36
reingehängtem	rˈaɪnɡəhˌɛŋtəm	0.33
reingehängten	rˈaɪnɡəhˌɛŋtən	0.33
reingehängter	rˈaɪnɡəhˌɛŋtɜ	0.36
reingehängtes	rˈaɪnɡəhˌɛŋtəs	0.33
reingekackt	rˈaɪnɡəkˌakt	0.3
reingekniet	rˈaɪnɡəknˌiːt	0.3
reingekniete	rˈaɪnɡəknˌiːtə	0.27
reingeknieter	rˈaɪnɡəknˌiːtɜ	0.27
reingekonnt	rˈaɪnɡəkˌɔnt	0.3
reingekonnte	rˈaɪnɡəkˌɔntə	0.27
reingekonnter	rˈaɪnɡəkˌɔntɜ	0.27
reingepackt	rˈaɪnɡəpˌakt	0.3
reingepackte	rˈaɪnɡəpˌaktə	0.27
reingepackter	rˈaɪnɡəpˌaktɜ	0.27
reingepinkelt	rˈaɪnɡəpˌɪŋkəlt	0.31
reingepisst	rˈaɪnɡəpˌɪst	0.3
reingepumpt	rˈaɪnɡəpˌʊmpt	0.27
reingeräumt	rˈaɪnɡərˌɔɪmt	0.3
reingeschaut	rˈaɪnɡəʃˌaʊt	0.3
reingeschaute	rˈaɪnɡəʃˌaʊtə	0.27
reingeschauter	rˈaɪnɡəʃˌaʊtɜ	0.27
reingeschissen	rˈaɪnɡəʃˌɪsən	0.27
reingeschneit	rˈaɪnɡəʃnˌaɪt	0.27
reingesteckt	rˈaɪnɡəʃtˌɛkt	0.36
reingesteckte	rˈaɪnɡəʃtˌɛktə	0.33
reingestecktem	rˈaɪnɡəʃtˌɛktəm	0.31
reingesteckten	rˈaɪnɡəʃtˌɛktən	0.31
reingesteckter	rˈaɪnɡəʃtˌɛktɜ	0.33
reingestecktes	rˈaɪnɡəʃtˌɛktəs	0.31
reingestopft	rˈaɪnɡəʃtˌɔpft	0.33
reingestopfte	rˈaɪnɡəʃtˌɔpftə	0.31
reingestopftem	rˈaɪnɡəʃtˌɔpftəm	0.29
reingestopften	rˈaɪnɡəʃtˌɔpftən	0.29
reingestopfter	rˈaɪnɡəʃtˌɔpftɜ	0.31
reingestopftes	rˈaɪnɡəʃtˌɔpftəs	0.29
reingewaschen	rˈaɪnɡəvˌaʃən	0.27
reingewürgt	rˈaɪnɡəvˌʏɾkt	0.27
reinknien	rˈaɪnknˌiːn	0.4
reinzuknien	rˈaɪntsuknˌiːn	0.31
relax	rilˈɛks	0.33
relaxe	rilˈɛksə	0.29
relaxt	rilˈɛkst	0.29
remis	rəmˈiː	0.6
renaissancistisch	rənɛsɑ̃sˈɪstɪʃ	0.36
renaissancistische	rənɛsɑ̃sˈɪstɪʃə	0.33
renaissancistischem	rənɛsɑ̃sˈɪstɪʃəm	0.31
renaissancistischen	rənɛsɑ̃sˈɪstɪʃən	0.31
renaissancistischer	rənɛsɑ̃sˈɪstɪʃɜ	0.33
renaissancistischere	rənɛsɑ̃sˈɪstɪʃərə	0.31
renaissancistischerem	rənɛsɑ̃sˈɪstɪʃərəm	0.29
renaissancistischeren	rənɛsɑ̃sˈɪstɪʃərən	0.29
renaissancistischerer	rənɛsɑ̃sˈɪstɪʃərɜ	0.31
renaissancistischeres	rənɛsɑ̃sˈɪstɪʃərəs	0.29
renaissancistisches	rənɛsɑ̃sˈɪstɪʃəs	0.31
renaissancistischste	rənɛsɑ̃sˈɪstɪʃstə	0.29
renaissancistischstem	rənɛsɑ̃sˈɪstɪʃstəm	0.28
renaissancistischsten	rənɛsɑ̃sˈɪstɪʃstən	0.28
renaissancistischster	rənɛsɑ̃sˈɪstɪʃstɜ	0.29
renaissancistischstes	rənɛsɑ̃sˈɪstɪʃstəs	0.28
resette	rɪsˈɛtə	0.33
resetten	rɪsˈɛtən	0.29
resettet	rɪsˈɛtət	0.29
restringierte Kode	restrɪŋɡˌiːɾtə kˈoːt	0.27
restringierter Kode	restrɪŋɡˌiːɾtɜ kˈoːt	0.27
revanchier	revɑ̃ʃˈiːɾ	0.33
revanchiere	revɑ̃ʃˈiːrə	0.3
revanchieren	revɑ̃ʃˈiːrən	0.27
revanchieret	revɑ̃ʃˈiːrət	0.27
revanchierst	revɑ̃ʃˈiːɾst	0.27
revanchiert	revɑ̃ʃˈiːɾt	0.3
revanchierte	revɑ̃ʃˈiːɾtə	0.27
review	rivjˈuː	0.6
reviewe	rivjˈuːə	0.5
reviewen	rivjˈuːən	0.43
reviewend	rivjˈuːənt	0.38
reviewende	rivjˈuːəndə	0.33
reviewendem	rivjˈuːəndəm	0.3
reviewenden	rivjˈuːəndən	0.3
reviewender	rivjˈuːəndɜ	0.33
reviewendes	rivjˈuːəndəs	0.3
reviewest	rivjˈuːəst	0.38
reviewet	rivjˈuːət	0.43
reviewst	rivjˈuːst	0.43
reviewt	rivjˈuːt	0.5
reviewte	rivjˈuːtə	0.43
reviewtem	rivjˈuːtəm	0.38
reviewten	rivjˈuːtən	0.38
reviewter	rivjˈuːtɜ	0.43
reviewtes	rivjˈuːtəs	0.38
reviewtest	rivjˈuːtəst	0.33
reviewtet	rivjˈuːtət	0.38
riechst	riːçst	0.33
robbet	rˈɔbət	0.33
robote	rˈɔbɔtə	0.33
roboten	rˈɔbɔtən	0.29
robotet	rˈɔbɔtət	0.29
rollerblad	rˈɔʊlɜblˌɛɪt	0.3
rollerblade	rˈɔʊlɜblˌɛɪdə	0.27
rollergebladet	rˈɔʊlɜɡəblˌɛɪdət	0.29
rosae	rˈoːzaə	0.4
rosaem	rˈoːzaəm	0.33
rosaen	rˈoːzaən	0.33
rosaes	rˈoːzaəs	0.33
rotsiehst	rˈoːtzˌiːst	0.29
rotsieht	rˈoːtzˌiːt	0.33
ruacheln	rˈʊɾxəln	0.29
rugbyverrückt	rˈakbifɛɾrˌʏkt	0.33
rugbyverrückte	rˈakbifɛɾrˌʏktə	0.31
rugbyverrücktem	rˈakbifɛɾrˌʏktəm	0.29
rugbyverrückten	rˈakbifɛɾrˌʏktən	0.29
rugbyverrückter	rˈakbifɛɾrˌʏktɜ	0.31
rugbyverrücktes	rˈakbifɛɾrˌʏktəs	0.29
rumgehurt	rˈʊmɡəhˌuːɾt	0.33
rumgehüsert	rˈʊmɡəhˌyːsɜt	0.3
rummosre	rˈʊmmˌoːzrə	0.38
runderneuer	rˈʊntɛɾnˌɔɪɜ	0.3
runderneuere	rˈʊntɛɾnˌɔɪərə	0.27
runderneuern	rˈʊntɛɾnˌɔɪɜn	0.27
runderneuernd	rˈʊntɛɾnˌɔɪɜnt	0.33
runderneuernde	rˈʊntɛɾnˌɔɪɜndə	0.31
runderneuerndem	rˈʊntɛɾnˌɔɪɜndəm	0.29
runderneuernden	rˈʊntɛɾnˌɔɪɜndən	0.29
runderneuernder	rˈʊntɛɾnˌɔɪɜndɜ	0.31
runderneuerndes	rˈʊntɛɾnˌɔɪɜndəs	0.29
runderneuert	rˈʊntɛɾnˌɔɪɜt	0.27
runderneure	rˈʊntɛɾnˌɔɪrə	0.36
rundgemailt	rˈʊntɡəmˌɛɪlt	0.27
rundweg	rˈʊntvˌɛk	0.29
runtergeholt	rˈʊntɜɡəhˌoːlt	0.27
rächst	rɛçst	0.33
räum	rɔɪm	0.5
räum ab	rˌɔɪm ˈap	0.33
räum an	rˌɔɪm ˈan	0.33
räum auf	rˌɔɪm ˈaʊf	0.29
räum aus	rˌɔɪm ˈaʊs	0.29
räum ein	rˌɔɪm ˈaɪn	0.29
räum leer	rˌɔɪm lˈeːɾ	0.29
räum nach	rˌɔɪm nˈaːx	0.29
räum um	rˌɔɪm ˈʊm	0.33
räum weg	rˌɔɪm vˈɛk	0.29
räuspre	rˈɔɪsprə	0.29
röchst	rœçst	0.33
rückgespult	rˈʏkɡəʃpˌuːlt	0.3
rückgespulte	rˈʏkɡəʃpˌuːltə	0.27
rückgespulter	rˈʏkɡəʃpˌuːltɜ	0.27
rückgestrebt	rˈʏkɡəʃtrˌeːpt	0.27
rüüdig	rˈyːdɪɡ	0.43
rüüdigste	rˈyːdɪɡstə	0.3
rüüdigstem	rˈyːdɪɡstəm	0.27
rüüdigsten	rˈyːdɪɡstən	0.27
rüüdigster	rˈyːdɪɡstɜ	0.3
rüüdigstes	rˈyːdɪɡstəs	0.27
s. Br.	zˌyːtlɪçə brˈaɪtə	0.93
s. a.	zˌiːə ˈaʊx	0.83
safer	sˈɛɪfɜ	0.4
safere	sˈɛɪfərə	0.5
saferem	sˈɛɪfərəm	0.57
saferen	sˈɛɪfərən	0.57
saferer	sˈɛɪfərɜ	0.57
saferes	sˈɛɪfərəs	0.57
safester	sˈɛɪfəstɜ	0.38
sampel	sˈɛmpəl	0.33
sampele	sˈɛmpələ	0.29
sampeln	sˈɛmpəln	0.29
sampelt	sˈɛmpəlt	0.29
samplen	sˈɛmpəln	0.57
samplend	sˈɛmpəlnt	0.5
samplende	sˈɛmpəlndə	0.44
samplendem	sˈɛmpəlndəm	0.4
samplenden	sˈɛmpəlndən	0.4
samplender	sˈɛmpəlndɜ	0.44
samplendes	sˈɛmpəlndəs	0.4
samplest	sˈɛmpələst	0.33
samplete	sˈɛmpəltə	0.5
sampleten	sˈɛmpəltən	0.44
sampletest	sˈɛmpəltəst	0.4
sampletet	sˈɛmpəltət	0.44
samplst	sˈɛmpəlst	0.38
sanitizen	sˈɛnɪtˌaɪzən	0.6
sattgehört	zˈatɡəhˌøːɾt	0.33
sattgehörte	zˈatɡəhˌøːɾtə	0.3
sattgehörtem	zˈatɡəhˌøːɾtəm	0.27
sattgehörten	zˈatɡəhˌøːɾtən	0.27
sattgehörter	zˈatɡəhˌøːɾtɜ	0.3
sattgehörtes	zˈatɡəhˌøːɾtəs	0.27
satthört	zˈathˌøːɾt	0.29
sautier	zotˈiːɾ	0.33
sautiere	zotˈiːrə	0.29
sautiert	zotˈiːɾt	0.29
sav ab	sˌɛɪf ˈap	0.5
save ab	sˌɛɪvə ˈap	0.29
saven	sˈɛɪvən	0.5
saven ab	sˌɛɪvən ˈap	0.38
savend	sˈɛɪvənt	0.43
savest	sˈɛɪvəst	0.43
savest ab	sˌɛɪvəst ˈap	0.33
savet	sˈɛɪvət	0.5
savet ab	sˌɛɪvət ˈap	0.38
savst	sɛɪfst	0.5
savst ab	sˌɛɪfst ˈap	0.38
savt	sɛɪft	0.6
savt ab	sˌɛɪft ˈap	0.43
savte	sˈɛɪftə	0.67
savte ab	sˌɛɪftə ˈap	0.5
savten	sˈɛɪftən	0.57
savten ab	sˌɛɪftən ˈap	0.44
savtest	sˈɛɪftəst	0.5
savtest ab	sˌɛɪftəst ˈap	0.4
savtet	sˈɛɪftət	0.57
savtet ab	sˌɛɪftət ˈap	0.44
scharrier	ʃarˈiːɾ	0.43
scharriere	ʃarˈiːrə	0.38
scharrieren	ʃarˈiːrən	0.33
scharrierend	ʃarˈiːrənt	0.3
scharrierende	ʃarˈiːrəndə	0.27
scharrierender	ʃarˈiːrəndɜ	0.27
scharrierest	ʃarˈiːrəst	0.3
scharrieret	ʃarˈiːrət	0.33
scharrierst	ʃarˈiːɾst	0.33
scharriert	ʃarˈiːɾt	0.38
scharrierte	ʃarˈiːɾtə	0.33
scharriertem	ʃarˈiːɾtəm	0.3
scharrierten	ʃarˈiːɾtən	0.3
scharrierter	ʃarˈiːɾtɜ	0.33
scharriertes	ʃarˈiːɾtəs	0.3
scharriertest	ʃarˈiːɾtəst	0.27
scharriertet	ʃarˈiːɾtət	0.3
scheu	ʃɔɪ	0.33
scheuernd	ʃˈɔɪɜnt	0.29
schiach	ʃiːɾç	0.6
schiache	ʃˈiːɾçə	0.5
schiachem	ʃˈiːɾçəm	0.43
schiachen	ʃˈiːɾçən	0.43
schiacher	ʃˈiːɾçɜ	0.5
schiachere	ʃˈiːɾçərə	0.43
schiacherem	ʃˈiːɾçərəm	0.38
schiacheren	ʃˈiːɾçərən	0.38
schiacherer	ʃˈiːɾçərɜ	0.43
schiacheres	ʃˈiːɾçərəs	0.38
schiaches	ʃˈiːɾçəs	0.43
schiachste	ʃˈiːɾçstə	0.38
schiachstem	ʃˈiːɾçstəm	0.33
schiachsten	ʃˈiːɾçstən	0.33
schiachster	ʃˈiːɾçstɜ	0.38
schiachstes	ʃˈiːɾçstəs	0.33
schiechste	ʃˈiːɾçstə	0.38
schiechstem	ʃˈiːɾçstəm	0.33
schiechsten	ʃˈiːɾçstən	0.33
schiechster	ʃˈiːɾçstɜ	0.38
schiechstes	ʃˈiːɾçstəs	0.33
schirch	ʃiɜx	0.6
schirche	ʃˈiɜxə	0.5
schirchem	ʃˈiɜxəm	0.43
schirchen	ʃˈiɜxən	0.29
schircher	ʃˈiɜxɜ	0.5
schirchere	ʃˈiɜxərə	0.43
schircherem	ʃˈiɜxərəm	0.38
schircheren	ʃˈiɜxərən	0.38
schircherer	ʃˈiɜxərɜ	0.43
schircheres	ʃˈiɜxərəs	0.38
schirches	ʃˈiɜxəs	0.43
schircheste	ʃˈiɜxəstə	0.33
schirchestem	ʃˈiɜxəstəm	0.3
schirchesten	ʃˈiɜxəstən	0.3
schirchester	ʃˈiɜxəstɜ	0.33
schirchestes	ʃˈiɜxəstəs	0.3
schirchste	ʃˈiɜxstə	0.29
schirchster	ʃˈiɜxstɜ	0.29
schlichst	ʃlɪçst	0.29
schmiedeeisern	ʃmˈiːdəˌaɪzɜn	0.3
schmiedeeiserne	ʃmˈiːdəˌaɪzɜnə	0.27
schmiedeeiserner	ʃmˈiːdəˌaɪzɜnɜ	0.27
schmuse	ʃmˈuːzə	0.4
schmusen	ʃmˈuːzən	0.33
schmusend	ʃmˈuːzənt	0.29
schmusest	ʃmˈuːzəst	0.29
schmuset	ʃmˈuːzət	0.33
schneiben	ʃnaɪm	0.43
schr.	ʃrɛːk	0.89
schrubbet	ʃrˈʊbət	0.29
schubste	ʃˈʊpstə	0.33
schubsten	ʃˈʊpstən	0.29
schultert	ʃˈʊltɜt	0.29
schweiben	ʃbɔɾm	0.86
schweineteure	ʃvˈaɪnətˈɔɪrə	0.27
schweineteurer	ʃvˈaɪnətˈɔɪrɜ	0.27
schwoie	ʃvˈɔɪə	0.6
schwoien	ʃvˈɔɪən	0.29
schwoiend	ʃvˈɔɪənt	0.43
schwoiende	ʃvˈɔɪəndə	0.38
schwoiendem	ʃvˈɔɪəndəm	0.33
schwoienden	ʃvˈɔɪəndən	0.33
schwoiender	ʃvˈɔɪəndɜ	0.38
schwoiendes	ʃvˈɔɪəndəs	0.33
schwoite	ʃvˈɔɪtə	0.33
schwoiten	ʃvˈɔɪtən	0.29
schäum	ʃɔɪm	0.5
schäum ab	ʃˌɔɪm ˈap	0.33
schäum auf	ʃˌɔɪm ˈaʊf	0.29
schäum ein	ʃˌɔɪm ˈaɪn	0.29
schäum über	ʃˌɔɪm ˈyːbɜ	0.29
schöbt vor	ʃˌøːpt fˈoːɾ	0.29
schöngefärbt	ʃˈøːnɡəfˌɛɾpt	0.4
schöngefärbte	ʃˈøːnɡəfˌɛɾptə	0.36
schöngefärbtem	ʃˈøːnɡəfˌɛɾptəm	0.33
schöngefärbten	ʃˈøːnɡəfˌɛɾptən	0.33
schöngefärbter	ʃˈøːnɡəfˌɛɾptɜ	0.36
schöngefärbtes	ʃˈøːnɡəfˌɛɾptəs	0.33
schöngerechnet	ʃˈøːnɡərˌɛçnət	0.27
schöngeredet	ʃˈøːnɡərˌeːdət	0.33
schöngeredete	ʃˈøːnɡərˌeːdətə	0.3
schöngeredetem	ʃˈøːnɡərˌeːdətəm	0.27
schöngeredeten	ʃˈøːnɡərˌeːdətən	0.27
schöngeredeter	ʃˈøːnɡərˌeːdətɜ	0.3
schöngeredetes	ʃˈøːnɡərˌeːdətəs	0.27
schöngeschrieben	ʃˈøːnɡəʃrˌiːbən	0.36
schöngetan	ʃˈøːnɡətˌaːn	0.5
schöngetrunken	ʃˈøːnɡətrˌʊŋkən	0.33
scout	skaʊt	0.4
scoute	skˈaʊtə	0.33
scouten	skˈaʊtən	0.29
scoutet	skˈaʊtət	0.29
screene	skrˈiːnə	0.33
screenend	skrˈiːnənt	0.38
screenende	skrˈiːnəndə	0.33
screenender	skrˈiːnəndɜ	0.33
screenendes	skrˈiːnəndəs	0.4
screenet	skrˈiːnət	0.29
screente	skrˈiːntə	0.29
sechsachsig	zˈɛksˌaksɪç	0.3
secondhand	sˈɛkənthˌɛnt	0.4
seichst	zaɪçst	0.29
seilgehopst	zˈaɪlɡəhˌɔpst	0.27
seither	zˌaɪthˈeːɾ	0.29
sek.	zˌekʊndˈɛːɾ	0.62
sekret	zekrˈeːt	0.33
sekrete	zekrˈeːtə	0.29
sekreter	zekrˈeːtɜ	0.29
selchst	zɛlçst	0.29
selfien	sˈɛlfiːn	0.5
senior	zˈeːnioːɾ	0.29
seriell	zerˈiɛl	0.29
serienreif	zˈeːriənrˌaɪf	0.27
sers	sɛɾs	0.5
servus	sˈeɾvus	0.5
sexyes	zˈɛksiəs	0.57
seychellisch	zeʃˈɛlɪʃ	0.44
seychellische	zeʃˈɛlɪʃə	0.4
seychellischem	zeʃˈɛlɪʃəm	0.36
seychellischen	zeʃˈɛlɪʃən	0.36
seychellischer	zeʃˈɛlɪʃɜ	0.4
seychellisches	zeʃˈɛlɪʃəs	0.36
shakespearesch	ʃˈɛikspiːɾʃ	0.55
shakespearesche	ʃˈɛikspiːɾʃə	0.5
shakespeareschem	ʃˈɛikspiːɾʃəm	0.46
shakespeareschen	ʃˈɛikspiːɾʃən	0.46
shakespearescher	ʃˈɛikspiːɾʃɜ	0.5
shakespearesches	ʃˈɛikspiːɾʃəs	0.46
shish	ʃiːʃ	0.33
shoppend	ʃˈɔpənt	0.33
shoppende	ʃˈɔpəndə	0.43
shoppender	ʃˈɔpəndɜ	0.29
shoppendes	ʃˈɔpəndəs	0.5
shopptet	ʃˈɔptət	0.33
shuttlen	ʃˈatəln	0.5
shuttlend	ʃˈatəlnt	0.43
shuttlet	ʃˈatəlnət	0.38
shuttlete	ʃˈatəltə	0.43
shuttleten	ʃˈatəltən	0.38
shuttletest	ʃˈatəltəst	0.33
shuttletet	ʃˈatəltət	0.38
sich alle zehn Finger abschlecken können	zɪç ˈalə tseːn fˈɪŋɜ naːx ˈɛtvas ˈapʃlˌɛkŋ̩ kˈœnən	0.28
sich auf seinen Lorbeeren ausruhen	zɪç aʊf zaɪnən lˈoɾbeːrən lˈɔɾbeːrən ˈaʊsruːən	0.26
siechst	ziːçst	0.33
siechste	zˈiːçstə	0.29
siechster	zˈiːçstɜ	0.29
sieggekrönt	zˈiːkɡəkrˌøːnt	0.3
sieggekrönte	zˈiːkɡəkrˌøːntə	0.27
sieggekrönter	zˈiːkɡəkrˌøːntɜ	0.27
siegreichste	zˈiːkrˌaɪçstə	0.27
siegreichster	zˈiːkrˌaɪçstɜ	0.27
skatet	skˈɛɪtət	0.29
skypendes	skˈaɪpəndəs	0.3
skythisch	skˈyːtɪʃ	0.43
skythische	skˈyːtɪʃə	0.57
skythischem	skˈyːtɪʃəm	0.6
skythischen	skˈyːtɪʃən	0.33
skythischer	skˈyːtɪʃɜ	0.5
skythisches	skˈyːtɪʃəs	0.56
slim	slaɪm	0.4
slime	slˈaɪmə	0.33
slimen	slˈaɪmən	0.29
slimet	slˈaɪmət	0.29
slimst	slaɪmst	0.29
snowboard	snˈoːbˌoːɾt	0.71
snowboarde	snˈoːbˌoːɾdə	0.62
snowboarden	snˈoːbˌoːɾdən	0.44
snowboardend	snˈoːbˌoːɾdənt	0.6
snowboardende	snˈoːbˌoːɾdəndə	0.55
snowboardendem	snˈoːbˌoːɾdəndəm	0.42
snowboardenden	snˈoːbˌoːɾdəndən	0.42
snowboardender	snˈoːbˌoːɾdəndɜ	0.55
snowboardendes	snˈoːbˌoːɾdəndəs	0.58
snowboardest	snˈoːbˌɔːɾdəst	0.4
snowboardet	snˈoːbˌɔːɾdət	0.44
snowboardete	snˈoːbˌɔːɾdətə	0.5
snowboardeten	snˈoːbˌɔːɾdətən	0.36
snowboardetest	snˈoːbˌoːɾdətəst	0.5
snowboardetet	snˈoːbˌɔːɾdətət	0.45
snöbt	snˈøːbt	0.4
snöbte	snˈøːbtə	0.33
snöbten	snˈøːbtən	0.29
snöbtet	snˈøːbtət	0.29
sof.	zofˈɛɾn	0.5
soigniert	zoanjˈiːɾt	0.38
soignierte	zoanjˈiːɾtə	0.33
soigniertem	zoanjˈiːɾtəm	0.3
soignierten	zoanjˈiːɾtən	0.3
soignierter	zoanjˈiːɾtɜ	0.33
soigniertere	zoanjˈiːɾtərə	0.3
soignierterem	zoanjˈiːɾtərəm	0.27
soignierteren	zoanjˈiːɾtərən	0.27
soignierterer	zoanjˈiːɾtərɜ	0.3
soignierteres	zoanjˈiːɾtərəs	0.27
soigniertes	zoanjˈiːɾtəs	0.3
sonngebräunt	zˈɔnɡəbrˌɔɪnt	0.27
sophisticated	sofˈɪstikɛɪtət	0.31
sorry	zˈɔri	0.5
soulig	sˈəʊlɪç	0.43
soulige	sˈəʊlɪɡə	0.43
souligem	sˈəʊlɪɡəm	0.38
souligen	sˈəʊlɪɡən	0.38
souliger	sˈəʊlɪɡɜ	0.43
souligere	sˈəʊlɪɡərə	0.38
souligerem	sˈəʊlɪɡərəm	0.33
souligeren	sˈəʊlɪɡərən	0.33
souligerer	sˈəʊlɪɡərɜ	0.38
souligeres	sˈəʊlɪɡərəs	0.33
souliges	sˈəʊlɪɡəs	0.38
souligste	sˈəʊlɪçstə	0.3
souligstem	sˈəʊlɪçstəm	0.27
souligsten	sˈəʊlɪçstən	0.27
souligster	sˈəʊlɪçstɜ	0.3
souligstes	sˈəʊlɪçstəs	0.27
sourc aus	sˌɔːɾs ˈaʊs	0.43
sourcen aus	sˌɔːɾsən ˈaʊs	0.33
sourcen out	sˌɔːsən ˈaʊt	0.44
sourcest aus	sˌɔːɾsəst ˈaʊs	0.3
sourcest out	sˌɔːsəst ˈaʊt	0.4
sourcet aus	sˌɔːɾsət ˈaʊs	0.33
sourcet out	sˌɔːsət ˈaʊt	0.44
sourct aus	sˌɔːɾst ˈaʊs	0.38
sourct out	sˌɔːst ˈaʊt	0.5
sourcte aus	sˌɔːɾstə ˈaʊs	0.33
sourcte out	sˌɔːstə ˈaʊt	0.44
sourcten aus	sˌɔːɾstən ˈaʊs	0.3
sourcten out	sˌɔːstən ˈaʊt	0.4
sourctest aus	sˌɔːɾstəst ˈaʊs	0.27
sourctest out	sˌɔːstəst ˈaʊt	0.36
sourctet aus	sˌɔːɾstət ˈaʊs	0.3
sourctet out	sˌɔːstət ˈaʊt	0.4
soz.	zotsˈiaːl	0.43
sozialer Medien	zotsˌiaːlɜ mˈeːdiʊm	0.27
spassig	ʃpˈasɪk	0.29
spawne	spˈɔːnə	0.5
spawnen	spˈɔːnən	0.43
spawnend	spˈɔːnənt	0.38
spawnende	spˈɔːnəndə	0.33
spawnendem	spˈɔːnəndəm	0.3
spawnenden	spˈɔːnəndən	0.3
spawnender	spˈɔːnəndɜ	0.33
spawnendes	spˈɔːnəndəs	0.3
spawnst	spɔːnst	0.43
spawnt	spɔːnt	0.5
spawnte	spˈɔːntə	0.43
spawnten	spˈɔːntən	0.38
spawntest	spˈɔːntəst	0.33
spawntet	spˈɔːntət	0.38
spez.	ʃpetsˈiɛl	0.38
spoiler	spˈɔɪlɜ	0.5
spoilere	spˈɔɪlərə	0.43
spoilern	spˈɔɪlɜn	0.43
spoilernd	spˈɔɪlɜnt	0.44
spoilernde	spˈɔɪlɜndə	0.4
spoilerndem	spˈɔɪlɜndəm	0.36
spoilernden	spˈɔɪlɜndən	0.36
spoilernder	spˈɔɪlɜndɜ	0.4
spoilerndes	spˈɔɪlɜndəs	0.36
spoilerst	spˈɔɪlɜst	0.38
spoilert	spˈɔɪlɜt	0.43
spoilerte	spˈɔɪlɜtə	0.38
spoilerten	spˈɔɪlɜtən	0.33
spoilertest	spˈɔɪlɜtəst	0.3
spoilertet	spˈɔɪlɜtət	0.33
spoilre	spˈɔɪlrə	0.29
spraye	sprˈɛɪə	0.33
sprayen	sprˈɛɪən	0.29
sprayet	sprˈɛɪət	0.29
sprayst	sprɛɪst	0.29
sprayt	sprɛɪt	0.33
sprayte	sprˈɛɪtə	0.29
sprichst vor	ʃprˌɪçst fˈoːɾ	0.27
stadiongroß	ʃtˈaːdiɔnɡrˌoːs	0.33
stadiongroße	ʃtˈaːdiɔnɡrˌoːsə	0.31
stadiongroßem	ʃtˈaːdiɔnɡrˌoːsəm	0.29
stadiongroßen	ʃtˈaːdiɔnɡrˌoːsən	0.29
stadiongroßer	ʃtˈaːdiɔnɡrˌoːsɜ	0.31
stadiongroßes	ʃtˈaːdiɔnɡrˌoːsəs	0.29
stalkend	stˈɔːkənt	0.29
stalkendes	stˈɔːkəndəs	0.33
stichst	ʃtɪçst	0.29
stillos	ʃtˈiːllˌoːs	0.29
stoned	stɔʊnt	0.67
straight	strɛɪt	0.33
straighte	strˈɛɪtə	0.43
straighter	strˈɛɪtɜ	0.43
straightere	strˈɛɪtərə	0.38
straighterem	strˈɛɪtərəm	0.4
straighteren	strˈɛɪtərən	0.4
straighterer	strˈɛɪtərɜ	0.56
straighteres	strˈɛɪtərəs	0.44
straightes	strˈɛɪtəs	0.38
straighteste	strˈɛɪtəstə	0.4
straightestem	strˈɛɪtəstəm	0.27
straightesten	strˈɛɪtəstən	0.27
straightester	strˈɛɪtəstɜ	0.4
straightestes	strˈɛɪtəstəs	0.36
streame	strˈiːmə	0.43
streamen	strˈiːmən	0.38
streamend	strˈiːmənt	0.33
streamende	strˈiːməndə	0.3
streamendem	strˈiːməndəm	0.27
streamenden	strˈiːməndən	0.27
streamender	strˈiːməndɜ	0.3
streamendes	strˈiːməndəs	0.27
streamest	strˈiːməst	0.33
streamet	strˈiːmət	0.38
streamlin	strˈiːmlaɪn	0.56
streamline	strˈiːmlaɪnə	0.5
streamlinen	strˈiːmlaɪnən	0.45
streamlinend	strˈiːmlaɪnənt	0.42
streamlinende	strˈiːmlaɪnəndə	0.38
streamlinendem	strˈiːmlaɪnəndəm	0.36
streamlinenden	strˈiːmlaɪnəndən	0.36
streamlinender	strˈiːmlaɪnəndɜ	0.38
streamlinendes	strˈiːmlaɪnəndəs	0.36
streamlinest	strˈiːmlaɪnəst	0.42
streamlinet	strˈiːmlaɪnət	0.45
streamlinst	strˈiːmlaɪnst	0.36
streamlint	strˈiːmlaɪnt	0.4
streamlinte	strˈiːmlaɪntə	0.36
streamlinten	strˈiːmlaɪntən	0.33
streamlintest	strˈiːmlaɪntəst	0.31
streamlintet	strˈiːmlaɪntət	0.33
streamst	striːmst	0.38
streamt	striːmt	0.43
streamte	strˈiːmtə	0.38
streamten	strˈiːmtən	0.33
streamtest	strˈiːmtəst	0.3
streamtet	strˈiːmtət	0.33
strichst vor	ʃtrˌɪçst fˈoːɾ	0.27
styl	staɪl	0.6
styl auf	stˌaɪl ˈaʊf	0.38
styl durch	stˌaɪl dˈʊɾç	0.3
styl um	stˌaɪl ˈʊm	0.43
stylendes	stˈaɪləndəs	0.3
stylisch	stˈaɪlɪʃ	0.43
stylische	stˈaɪlɪʃə	0.38
stylischem	stˈaɪlɪʃəm	0.33
stylischen	stˈaɪlɪʃən	0.33
stylischer	stˈaɪlɪʃɜ	0.38
stylischere	stˈaɪlɪʃərə	0.33
stylischerem	stˈaɪlɪʃərəm	0.3
stylischeren	stˈaɪlɪʃərən	0.3
stylischerer	stˈaɪlɪʃərɜ	0.33
stylischeres	stˈaɪlɪʃərəs	0.3
stylisches	stˈaɪlɪʃəs	0.33
stylischste	stˈaɪlɪʃstə	0.3
stylischstem	stˈaɪlɪʃstəm	0.27
stylischsten	stˈaɪlɪʃstən	0.27
stylischster	stˈaɪlɪʃstɜ	0.3
stylischstes	stˈaɪlɪʃstəs	0.27
stylish	stˈaɪlɪʃ	0.43
stylishe	stˈaɪlɪʃə	0.38
stylishem	stˈaɪlɪʃəm	0.33
stylishen	stˈaɪlɪʃən	0.33
stylisher	stˈaɪlɪʃɜ	0.38
stylishere	stˈaɪlɪʃərə	0.33
stylisherem	stˈaɪlɪʃərəm	0.3
stylisheren	stˈaɪlɪʃərən	0.3
stylisherer	stˈaɪlɪʃərɜ	0.33
stylisheres	stˈaɪlɪʃərəs	0.3
stylishes	stˈaɪlɪʃəs	0.33
stylishste	stˈaɪlɪʃstə	0.3
stylishstem	stˈaɪlɪʃstəm	0.27
stylishsten	stˈaɪlɪʃstən	0.27
stylishster	stˈaɪlɪʃstɜ	0.3
stylishstes	stˈaɪlɪʃstəs	0.27
stylst	staɪlst	0.43
stylst auf	stˌaɪlst ˈaʊf	0.3
stylst um	stˌaɪlst ˈʊm	0.33
stylt	staɪlt	0.5
stylt auf	stˌaɪlt ˈaʊf	0.33
stylt durch	stˌaɪlt dˈʊɾç	0.27
stylt um	stˌaɪlt ˈʊm	0.38
stylte	stˈaɪltə	0.43
stylte auf	stˌaɪltə ˈaʊf	0.3
stylte um	stˌaɪltə ˈʊm	0.33
stylten	stˈaɪltən	0.38
stylten auf	stˌaɪltən ˈaʊf	0.27
stylten um	stˌaɪltən ˈʊm	0.3
styltest	stˈaɪltəst	0.33
styltest um	stˌaɪltəst ˈʊm	0.27
styltet	stˈaɪltət	0.38
styltet auf	stˌaɪltət ˈaʊf	0.27
styltet um	stˌaɪltət ˈʊm	0.3
stächst	ʃtɛːçst	0.29
stäubet	ʃtˈɔɪbət	0.29
stöchiometrisch	ʃtøçiomˈeːtrɪʃ	0.29
stöchiometrische	ʃtøçiomˈeːtrɪʃə	0.27
stöchiometrischer	ʃtøçiomˈeːtrɪʃɜ	0.27
subaltern	zʊpaltˈɛɾn	0.33
subalterne	zʊpaltˈɛɾnə	0.3
subalternem	zʊpaltˈɛɾnəm	0.27
subalternen	zʊpaltˈɛɾnən	0.27
subalterner	zʊpaltˈɛɾnɜ	0.3
subalternere	zʊpaltˈɛɾnərə	0.27
subalternerer	zʊpaltˈɛɾnərɜ	0.27
subalternes	zʊpaltˈɛɾnəs	0.27
submers	zʊpmˈɛɾs	0.29
submiss	sʊpmˈɪs	0.33
submisse	sʊpmˈɪsə	0.29
submisser	sʊpmˈɪsɜ	0.29
suborbital	zʊpɔɾbɪtˈaːl	0.3
suborbitale	zʊpɔɾbɪtˈaːlə	0.27
suborbitaler	zʊpɔɾbɪtˈaːlɜ	0.27
subunguale	zʊpʊŋɡuˈaːlə	0.3
subungualem	zʊpʊŋɡuˈaːləm	0.27
subungualen	zʊpʊŋɡuˈaːlən	0.27
subungualer	zʊpʊŋɡuˈaːlɜ	0.3
subunguales	zʊpʊŋɡuˈaːləs	0.27
superior	zupərˈioːɾ	0.33
superiore	zupərˈioːrə	0.3
superiorem	zupərˈioːrəm	0.27
superioren	zupərˈioːrən	0.27
superiorer	zupərˈioːrɜ	0.3
superiores	zupərˈioːrəs	0.27
surfe	sˈœːɾfə	0.4
surfen	sˈœːɾfən	0.33
surfend	sˈœːɾfənt	0.29
surfest	sˈœːɾfəst	0.29
surfet	sˈœːɾfət	0.33
surfst	sœːɾfst	0.33
surft	sœːɾft	0.4
surfte	sˈœːɾftə	0.33
surften	sˈœːɾftən	0.29
surftet	sˈœːɾftət	0.29
sutje	zˈuːtʃə	0.4
switchen	svˈɪtʃən	0.38
säuernd	zˈɔɪɜnt	0.29
säum	zɔɪm	0.5
säum ein	zˌɔɪm ˈaɪn	0.29
säum um	zɔɪm ˈʊm	0.33
säurefest	zˈɔɪrəfˌɛst	0.33
säurefeste	zˈɔɪrəfˌɛstə	0.3
säurefestem	zˈɔɪrəfˌɛstəm	0.27
säurefesten	zˈɔɪrəfˌɛstən	0.27
säurefester	zˈɔɪrəfˌɛstɜ	0.3
säurefestere	zˈɔɪrəfˌɛstərə	0.27
säurefesterer	zˈɔɪrəfˌɛstərɜ	0.27
säurefestes	zˈɔɪrəfˌɛstəs	0.27
säusle	zˈɔɪzlə	0.33
säuslet	zˈɔɪzlət	0.29
südenglisch	zˈyːtˌɛŋlɪʃ	0.33
südenglische	zˈyːtˌɛŋlɪʃə	0.3
südenglischem	zˈyːtˌɛŋlɪʃəm	0.27
südenglischen	zˈyːtˌɛŋlɪʃən	0.27
südenglischer	zˈyːtˌɛŋlɪʃɜ	0.3
südenglisches	zˈyːtˌɛŋlɪʃəs	0.27
südukrainisch	zˈyːtukraˌiːnɪʃ	0.27
sündteure	zˌʏnttˈɔɪrə	0.33
sündteurem	zˌʏnttˈɔɪrəm	0.3
sündteuren	zˌʏnttˈɔɪrən	0.3
sündteurer	zˌʏnttˈɔɪrɜ	0.33
sündteures	zˌʏnttˈɔɪrəs	0.3
sünnelete	zˈʏnːelete	0.38
sünnelte	zˈʏnːelte	0.29
tagg	tɛk	0.33
tagsüber	tˈaːksˌyːbɜ	0.29
taillier	tajˈiːɾ	0.33
tailliere	tajˈiːrə	0.29
tailliert	tajˈiːɾt	0.29
talkend	tˈɔːkənt	0.33
talkende	tˈɔːkəndə	0.29
talkender	tˈɔːkəndɜ	0.29
talkendes	tˈɔːkəndəs	0.38
tangbewachsen	tˈaŋbəvˌaksən	0.27
tangential	taŋɡɛntsˈiaːl	0.27
tapen	tˈɛɪpən	0.33
tapend	tˈɛɪpənt	0.29
tapest	tˈɛɪpəst	0.29
tapt	tɛɪpt	0.4
tapte	tˈɛɪptə	0.33
tapten	tˈɛɪptən	0.29
taptet	tˈɛɪptət	0.29
taupe	toːp	0.6
teaken	tˈiːkən	0.33
teakene	tˈiːkənə	0.29
teakener	tˈiːkənɜ	0.29
techn.	tˈɛçnɪʃ	0.29
tee auf	tˌiːə ˈaʊf	0.33
tendentiell	tɛndɛntsˈiɛl	0.27
terminales	tˌɛɾminˈaːləs	0.6
termingemäß	tɛɾmˈiːnɡəmˌɛːs	0.36
termingemäße	tɛɾmˈiːnɡəmˌɛːsə	0.33
termingemäßem	tɛɾmˈiːnɡəmˌɛːsəm	0.31
termingemäßen	tɛɾmˈiːnɡəmˌɛːsən	0.31
termingemäßer	tɛɾmˈiːnɡəmˌɛːsɜ	0.33
termingemäßes	tɛɾmˈiːnɡəmˌɛːsəs	0.31
terpentingetränkt	tɛɾpɛntˈiːnɡətrˌɛŋkt	0.29
terpentingetränkte	tɛɾpɛntˈiːnɡətrˌɛŋktə	0.28
terpentingetränktem	tɛɾpɛntˈiːnɡətrˌɛŋktəm	0.26
terpentingetränkten	tɛɾpɛntˈiːnɡətrˌɛŋktən	0.26
terpentingetränkter	tɛɾpɛntˈiːnɡətrˌɛŋktɜ	0.28
terpentingetränktes	tɛɾpɛntˈiːnɡətrˌɛŋktəs	0.26
tib.	tibˈeːrɪʃ	0.71
timbrier	tɛ̃brˈiːɾ	0.29
timen	tˈaɪmən	0.33
timend	tˈaɪmənt	0.29
timest	tˈaɪməst	0.29
timet	tˈaɪmət	0.33
timst	taɪmst	0.33
todblass	toːtblˈas	0.29
todgeweiht	tˈoːtɡəvˌaɪt	0.4
todgeweihte	tˈoːtɡəvaɪtə	0.36
todgeweihtem	tˈoːtɡəvaɪtəm	0.33
todgeweihten	tˈoːtɡəvaɪtən	0.33
todgeweihter	tˈoːtɡəvaɪtɜ	0.36
todgeweihtes	tˈoːtɡəvaɪtəs	0.33
todmüde	tˌoːtmˈyːdə	0.29
todmüder	tˌoːtmˈyːdɜ	0.29
toi, toi, toi	tˈɔɪ tˈɔɪ tˈɔɪ	0.73
toitoitoi	tˈɔɪtˈɔɪtˈɔɪ	0.67
torreichste	tˈoːɾrˌaɪçstə	0.36
torreichstem	tˈoːɾrˌaɪçstəm	0.33
torreichsten	tˈoːɾrˌaɪçstən	0.33
torreichster	tˈoːɾrˌaɪçstɜ	0.36
torreichstes	tˈoːɾrˌaɪçstəs	0.33
totgestochen	tˈoːtɡəʃtˌɔxən	0.27
totstach	tˈoːtʃtˌaːx	0.29
totstichst	tˈoːtʃtˌɪçst	0.4
totstächst	tˈoːtʃtˌɛːçst	0.3
tottrat	tˈoːttrˌaːt	0.29
tottrete	tˈoːttrˌeːtə	0.38
tottreten	tˈoːttrˌeːtən	0.33
tottretend	tˈoːttrˌeːtənt	0.3
tottretende	tˈoːttrˌeːtəndə	0.27
tottretender	tˈoːttrˌeːtəndɜ	0.27
tottretest	tˈoːttrˌeːtəst	0.3
tottretet	tˈoːttrˌeːtət	0.33
tottritt	tˈoːttrˌɪt	0.29
totzuschießen	tˈoːttsuʃˌiːsən	0.27
totzustechen	tˈoːttsuʃtˌɛçən	0.31
totzustechende	tˈoːttsuʃtˌɛçəndə	0.27
totzustechender	tˈoːttsuʃtˌɛçəndɜ	0.27
totzutreten	tˈoːttsutrˌeːtən	0.33
totzutretende	tˈoːttsutrˌeːtəndə	0.29
totzutretendem	tˈoːttsutrˌeːtəndəm	0.27
totzutretenden	tˈoːttsutrˌeːtəndən	0.27
totzutretender	tˈoːttsutrˌeːtəndɜ	0.29
totzutretendes	tˈoːttsutrˌeːtəndəs	0.27
touchier	tʊʃˈiːɾ	0.57
touchiere	tʊʃˈiːrə	0.5
touchieren	tʊʃˈiːrən	0.44
touchierend	tʊʃˈiːrənt	0.6
touchierende	tʊʃˈiːrəndə	0.6
touchierendem	tʊʃˈiːrəndəm	0.42
touchierenden	tʊʃˈiːrəndən	0.42
touchierender	tʊʃˈiːrəndɜ	0.55
touchierendes	tʊʃˈiːrəndəs	0.64
touchierest	tʊʃˈiːrəst	0.5
touchieret	tʊʃˈiːrət	0.44
touchierst	tʊʃˈiːɾst	0.38
touchiert	tʊʃˈiːɾt	0.43
touchierte	tʊʃˈiːɾtə	0.57
touchiertem	tʊʃˈiːɾtəm	0.33
touchierten	tʊʃˈiːɾtən	0.33
touchierter	tʊʃˈiːɾtɜ	0.5
touchiertes	tʊʃˈiːɾtəs	0.5
touchiertest	tʊʃˈiːɾtəst	0.4
touchiertet	tʊʃˈiːɾtət	0.44
tough	taf	0.75
toughe	tˈafə	0.6
toughem	tˈafəm	0.5
toughen	tˈafən	0.5
tougher	tˈafɜ	0.6
toughere	tˈafərə	0.5
tougherem	tˈafərəm	0.43
tougheren	tˈafərən	0.43
tougherer	tˈafərɜ	0.5
tougheres	tˈafərəs	0.43
toughes	tˈafəs	0.5
toughste	tˈafstə	0.43
toughstem	tˈafstəm	0.38
toughsten	tˈafstən	0.38
toughster	tˈafstɜ	0.43
toughstes	tˈafstəs	0.38
trancehaft	trˈɑ̃ːshaft	0.33
trancehafte	trˈɑ̃ːshaftə	0.3
trancehaftem	trˈɑ̃ːshaftəm	0.27
trancehaften	trˈɑ̃ːshaftən	0.27
trancehafter	trˈɑ̃ːshaftɜ	0.3
trancehaftes	trˈɑ̃ːshaftəs	0.27
tranchier	trˌɑ̃ʃˈiːɾ	0.38
tranchiere	trˌɑ̃ʃˈiːrə	0.33
tranchieren	trˌɑ̃ʃˈiːrən	0.3
tranchierend	trˌɑ̃ʃˈiːrənt	0.27
tranchierest	trˌɑ̃ʃˈiːrəst	0.27
tranchieret	trˌɑ̃ʃˈiːrət	0.3
tranchierst	trˌɑ̃ʃˈiːɾst	0.3
tranchiert	trˌɑ̃ʃˈiːɾt	0.33
tranchierte	trˌɑ̃ʃˈiːɾtə	0.3
tranchiertem	trˌɑ̃ʃˈiːɾtəm	0.27
tranchierten	trˌɑ̃ʃˈiːɾtən	0.27
tranchierter	trˌɑ̃ʃˈiːɾtɜ	0.3
tranchiertes	trˌɑ̃ʃˈiːɾtəs	0.27
tranchiertet	trˌɑ̃ʃˈiːɾtət	0.27
transgender	transdʒˈɛndɜ	0.27
translatier	translatˈiːɾ	0.27
translatierend	translatˈiːrənt	0.36
translatierende	translatˈiːrəndə	0.36
translatierender	translatˈiːrəndɜ	0.33
translatierendes	translatˈiːrəndəs	0.4
translatierest	translatˈiːrəst	0.29
trashig	trˈɛʃɪç	0.38
trashige	trˈɛʃɪɡə	0.38
trashigem	trˈɛʃɪɡəm	0.33
trashigen	trˈɛʃɪɡən	0.33
trashiger	trˈɛʃɪɡɜ	0.38
trashigere	trˈɛʃɪɡərə	0.33
trashigerem	trˈɛʃɪɡərəm	0.3
trashigeren	trˈɛʃɪɡərən	0.3
trashigerer	trˈɛʃɪɡərɜ	0.33
trashigeres	trˈɛʃɪɡərəs	0.3
trashiges	trˈɛʃɪɡəs	0.33
trashigste	trˈɛʃɪçstə	0.27
trashigster	trˈɛʃɪçstɜ	0.27
träum	trɔɪm	0.4
tuch	tuːx	0.33
tunlichst	tˈuːnlɪçst	0.33
tunst	tjuːnst	0.33
tunt	tjuːnt	0.4
tuntet	tjˈuːntət	0.29
turn vor	tˌʊɾn fˈoːɾ	0.29
tust vor	tˌuːst fˈoːɾ	0.29
tätet gut	tˌɛːtət ˈap	0.38
täubet	tˈɔɪbət	0.33
täusch vor	tˌɔɪʃ fˈoːɾ	0.29
tête-à-tête	tɛtatˈɛːt	0.67
tünchst	tʏnçst	0.29
türkise	tʏɾkˈiːzə	0.29
türkiser	tʏɾkˈiːzɜ	0.29
umeinanderbeuteln	ʊmɜnˈandɜbˌaidəln	0.38
umeinanderhetzen	umɜnˈandɜhˌetsən	0.27
umeinanderliegen	ʊmɜnˈandɜlˌiŋ	0.36
umeinanderstehen	umɜnˈandɜʃtˌeː	0.36
umgestylt	ˈʊmɡəstˌaɪlt	0.3
umgestylte	ˈʊmɡəstˌaɪltə	0.27
umgestylter	ˈʊmɡəstˌaɪltɜ	0.27
umherchauffiere	ʊmhˈeːɾʃɔfˌiːrə	0.38
umherchauffieren	ʊmhˈeːɾʃɔfˌiːrən	0.36
umherchauffierend	ʊmhˈeːɾʃɔfˌiːrənt	0.33
umherchauffierest	ʊmhˈeːɾʃɔfˌiːrəst	0.33
umherchauffieret	ʊmhˈeːɾʃɔfˌiːrət	0.36
umherchauffierst	ʊmhˈeːɾʃɔfˌiːɾst	0.36
umherchauffiert	ʊmhˈeːɾʃɔfˌiːɾt	0.38
umherchauffierte	ʊmhˈeːɾʃɔfˌiːɾtə	0.36
umherchauffierten	ʊmhˈeːɾʃɔfˌiːɾtən	0.33
umherchauffiertest	ʊmhˈeːɾʃɔfˌiːɾtəst	0.31
umherchauffiertet	ʊmhˈeːɾʃɔfˌiːɾtət	0.33
umhergespäht	ʊmhˈeːɾɡəʃpˌɛːt	0.27
umhergestreunt	ʊmhˈeːɾɡəʃtrˌɔɪnt	0.29
umhergestreut	ʊmhˈeːɾɡəʃtrˌɔɪt	0.31
umhergestreute	ʊmhˈeːɾɡəʃtrˌɔɪtə	0.29
umhergestreutem	ʊmhˈeːɾɡəʃtrˌɔɪtəm	0.27
umhergestreuten	ʊmhˈeːɾɡəʃtrˌɔɪtən	0.27
umhergestreuter	ʊmhˈeːɾɡəʃtrˌɔɪtɜ	0.29
umhergestreutes	ʊmhˈeːɾɡəʃtrˌɔɪtəs	0.27
umherholen	ˈumɜhˌoin	0.5
umherstreichst	ʊmhˈeːɾʃtrˌaɪçst	0.29
umherstreue	ʊmhˈeːɾʃtrˌɔɪə	0.27
umherstreun	ʊmhˈeːɾʃtrˌɔɪn	0.27
umherstreut	ʊmhˈeːɾʃtrˌɔɪt	0.27
umherstrolchst	ʊmhˈeːɾʃtrˌɔlçst	0.29
umherzuchauffieren	ʊmhˈeːɾtsuʃɔfˌiːrən	0.31
umherzustreuen	ʊmhˈeːɾtsuʃtrˌɔɪən	0.27
umhingehen	ˈumeɡˌeː	0.75
umhingesprungen	ˈʊmiɡʃbrˌʊŋɜ	0.5
umhinschauen	ˈumeʃˌauŋ	0.7
umhinspringen	ˈʊmiʃbrˌɪŋɜ	0.5
umhorchest	ˈʊmhˌɔɾçəst	0.3
umräum	ˈʊmrˌɔɪm	0.33
umstylende	ˈʊmstˌaɪləndə	0.27
umstylendes	ˈʊmstˌaɪləndəs	0.33
umstylst	ˈʊmstˌaɪlst	0.33
umstylt	ˈʊmstˌaɪlt	0.38
umstylte	ˈʊmstˌaɪltə	0.33
umstylten	ˈʊmstˌaɪltən	0.3
umstyltest	ˈʊmstˌaɪltəst	0.27
umstyltet	ˈʊmstˌaɪltət	0.3
umsäum	ʊmzˈɔɪm	0.33
umwachse	ʊmvˈaksə	0.29
umwegreichste	ˈʊmveːkrˌaɪçstə	0.31
umwegreichstem	ˈʊmveːkrˌaɪçstəm	0.29
umwegreichsten	ˈʊmveːkrˌaɪçstən	0.29
umwegreichster	ˈʊmveːkrˌaɪçstɜ	0.31
umwegreichstes	ˈʊmveːkrˌaɪçstəs	0.29
umwuchs	ʊmvˈuːks	0.33
umwuchsen	ʊmvˈuːksən	0.38
umzustylen	ˈʊmtsustˌaɪlən	0.33
umzustylende	ˈʊmtsustˌaɪləndə	0.43
umzustylendem	ˈʊmtsustˌaɪləndəm	0.27
umzustylenden	ˈʊmtsustˌaɪləndən	0.27
umzustylender	ˈʊmtsustˌaɪləndɜ	0.36
umzustylendes	ˈʊmtsustˌaɪləndəs	0.47
unbeugbar	ˈʊnbˌɔɪkbaːɾ	0.33
unbeugbare	ˈʊnbˌɔɪkbaːrə	0.3
unbeugbarem	ˈʊnbˌɔɪkbaːrəm	0.27
unbeugbaren	ˈʊnbˌɔɪkbaːrən	0.27
unbeugbarer	ˈʊnbˌɔɪkbaːrɜ	0.3
unbeugbares	ˈʊnbˌɔɪkbaːrəs	0.27
unbeugsam	ˈʊnbɔɪkzˌaːm	0.33
unbeugsame	ˈʊnbɔɪkzˌaːmə	0.3
unbeugsamem	ˈʊnbɔɪkzˌaːməm	0.27
unbeugsamen	ˈʊnbɔɪkzˌaːmən	0.27
unbeugsamer	ˈʊnbɔɪkzˌaːmɜ	0.3
unbeugsamere	ˈʊnbɔɪkzˌaːmərə	0.27
unbeugsamerer	ˈʊnbɔɪkzˌaːmərɜ	0.27
unbeugsames	ˈʊnbɔɪkzˌaːməs	0.27
uncooles	ˈʊnkˌuːləs	0.57
undercover	ˈandɜkˌavɜ	0.5
underdressed	ˈandɜdrˌɛst	0.33
uneinig	ˈʊnˌaɪnɪç	0.38
uneinigste	ˈʊnˌaɪnɪçstə	0.27
uneinigster	ˈʊnˌaɪnɪçstɜ	0.27
unstet	ˈʊnʃtˌeːt	0.33
unverbr.	ˈʊnfɛɾbrˌaʊxt	0.36
unwoke	ˈʊnwɔʊk	0.67
unwokem	ˈʊnwɔʊkəm	0.38
unwoken	ˈʊnwɔʊkən	0.38
unwoker	ˈʊnwɔʊkɜ	0.43
unwokere	ˈʊnwɔʊkərə	0.38
unwokerem	ˈʊnwɔʊkərəm	0.33
unwokeren	ˈʊnwɔʊkərən	0.33
unwokerer	ˈʊnwɔʊkərɜ	0.38
unwokeres	ˈʊnwɔʊkərəs	0.33
unwokes	ˈʊnwɔʊkəs	0.38
unwokeste	ˈʊnwɔʊkəstə	0.3
unwokestem	ˈʊnwɔʊkəstəm	0.27
unwokesten	ˈʊnwɔʊəstən	0.3
unwokester	ˈʊnwɔʊkəstɜ	0.3
unwokestes	ˈʊnwɔʊkəstəs	0.27
unzeitig	ˈʊntsaɪtɪç	0.3
up to date	aptudˈeːt	0.38
upcycel	ˈapsˌaɪkəl	0.38
upcycele	ˈapsˌaɪkələ	0.33
upcyceln	ˈapsˌaɪkəln	0.33
upcycelnd	ˈapsˌaɪkəlnt	0.3
upcycelst	ˈapsˌaɪkəlst	0.3
upcycelt	ˈapsˌaɪkəlt	0.33
upcycelte	ˈapsˌaɪkəltə	0.3
upcycelten	ˈapsˌaɪkəltən	0.27
upcyceltet	ˈapsˌaɪkəltət	0.27
upcycle	ˈapsˌaɪklə	0.38
upcyclen	ˈapsˌaɪkəln	0.56
upcyclend	ˈapsˌaɪkəlnt	0.5
upcyclest	ˈapsˌaɪkləst	0.3
upcyclet	ˈapsˌaɪklət	0.33
upcyclete	ˈapsˌaɪkəltə	0.5
upcycleten	ˈapsˌaɪkəltən	0.45
upcycletest	ˈapsˌaɪkəltəst	0.42
upcycletet	ˈapsˌaɪkəltət	0.45
update	ˈapdɛɪtə	0.43
updaten	ˈapdɛɪtən	0.38
updatend	ˈapdɛɪtənt	0.33
updatende	ˈapdɛɪtəndə	0.3
updatendem	ˈapdɛɪtəndəm	0.27
updatenden	ˈapdɛɪtəndən	0.27
updatender	ˈapdɛɪtəndɜ	0.3
updatendes	ˈapdɛɪtəndəs	0.27
updatest	ˈapdɛɪtəst	0.33
updatet	ˈapdɛɪtət	0.38
updatete	ˈapdɛɪtətə	0.33
updateten	ˈapdɛɪtətən	0.3
updatetest	ˈapdɛɪtətəst	0.27
updatetet	ˈapdɛɪtətət	0.3
upgecycelt	ˈapɡəsˌaɪkəlt	0.36
upgecycelte	ˈapɡəsˌaɪkəltə	0.33
upgecyceltem	ˈapɡəsˌaɪkəltəm	0.31
upgecycelten	ˈapɡəsˌaɪkəltən	0.31
upgecycelter	ˈapɡəsˌaɪkəltɜ	0.33
upgecyceltes	ˈapɡəsˌaɪkəltəs	0.31
upgecyclet	ˈapɡəsˌaɪkəlt	0.55
upgecyclete	ˈapɡəsˌaɪkəltə	0.5
upgecycletem	ˈapɡəsˌaɪkəltəm	0.46
upgecycleten	ˈapɡəsˌaɪkəltən	0.46
upgecycleter	ˈapɡəsˌaɪkəltɜ	0.5
upgecycletes	ˈapɡəsˌaɪkəltəs	0.46
upgedatet	ˈapɡədɛɪtət	0.4
upgedatete	ˈapɡədɛɪtətə	0.36
upgedatetem	ˈapɡədɛɪtətəm	0.33
upgedateten	ˈapɡədɛɪtətən	0.33
upgedateter	ˈapɡədɛɪtətɜ	0.36
upgedatetes	ˈapɡədɛɪtətəs	0.33
upgegradet	ˈapɡəɡrˌɛɪdət	0.36
upgegradete	ˈapɡəɡrˌɛɪdətə	0.33
upgegradetem	ˈapɡəɡrˌɛɪdətəm	0.31
upgegradeten	ˈapɡəɡrˌɛɪdətən	0.31
upgegradeter	ˈapɡəɡrˌɛɪdətɜ	0.33
upgegradetes	ˈapɡəɡrˌɛɪdətəs	0.31
upgraden	ˈapɡrˌɛɪdən	0.33
upgradend	ˈapɡrˌɛɪdənt	0.3
upgradende	ˈapɡrˌɛɪdəndə	0.27
upgradender	ˈapɡrˌɛɪdəndɜ	0.27
upgradest	ˈapɡrˌɛɪdəst	0.3
upgradet	ˈapɡrˌɛɪdət	0.33
upgradete	ˈapɡrˌɛɪdətə	0.3
upgradeten	ˈapɡrˌɛɪdətən	0.27
upgradetet	ˈapɡrˌɛɪdətət	0.27
uploade	ˈaploːdə	0.67
uploaden	ˈaploːdən	0.38
uploadend	ˈaploːdənt	0.56
uploadende	ˈaploːdəndə	0.56
uploadendem	ˈaploːdəndəm	0.36
uploadenden	ˈaploːdəndən	0.36
uploadender	ˈaploːdəndɜ	0.5
uploadendes	ˈaploːdəndəs	0.6
uploadest	ˈaploːdəst	0.44
uploadet	ˈaploːdət	0.5
uploadete	ˈaploːdətə	0.62
uploadeten	ˈaploːdətən	0.4
uploadetest	ˈaploːdətəst	0.45
uploadetet	ˈaploːdətət	0.5
upzudaten	ˈaptsudɛɪtən	0.27
upzugraden	ˈaptsuɡrˌɛɪdən	0.33
upzugradende	ˈaptsuɡrˌɛɪdəndə	0.29
upzugradendem	ˈaptsuɡrˌɛɪdəndəm	0.27
upzugradenden	ˈaptsuɡrˌɛɪdəndən	0.27
upzugradender	ˈaptsuɡrˌɛɪdəndɜ	0.29
upzugradendes	ˈaptsuɡrˌɛɪdəndəs	0.27
upzuloaden	ˈaptsuloːdən	0.55
upzuloadende	ˈaptsuloːdəndə	0.67
upzuloadendem	ˈaptsuloːdəndəm	0.5
upzuloadenden	ˈaptsuloːdəndən	0.5
upzuloadender	ˈaptsuloːdəndɜ	0.62
upzuloadendes	ˈaptsuloːdəndəs	0.69
urchig	ˈʊɾçɪɡ	0.29
urcool	ˈuːɾkˈuːl	0.4
urcoole	ˈuːɾkˈuːlə	0.33
urcoolem	ˈuːɾkˈuːləm	0.29
urcoolen	ˈuːɾkˈuːlən	0.29
urcooler	ˈuːɾkˈuːlɜ	0.33
urcooles	ˈuːɾkˈuːləs	0.29
urdeutsch	ˈuːɾdˌɔɪtʃ	0.29
uringetränkt	urˈiːnɡətrˌɛŋkt	0.33
uringetränkte	urˈiːnɡətrˌɛŋktə	0.31
uringetränktem	urˈiːnɡətrˌɛŋktəm	0.29
uringetränkten	urˈiːnɡətrˌɛŋktən	0.29
uringetränkter	urˈiːnɡətrˌɛŋktɜ	0.31
uringetränktes	urˈiːnɡətrˌɛŋktəs	0.29
usselig	ˈʊzəlɪç	0.29
usselige	ˈʊzəlɪɡə	0.29
usseliger	ˈʊzəlɪɡɜ	0.29
v. d. H.	foːɾ deːɾ hˈɛdʒra	0.58
veggie	vˈɛdʒi	0.4
veni, vidi, vici	vˌeːni vˌiːdi vˈiːtsi	0.29
verblos	vˈɛɾplˌoːs	0.29
verfestig	fɛɾfˈɛstɪç	0.3
vergesse	fɛɾɡˈɛsə	0.29
vergeud	fɛɾɡˈɔɪt	0.29
verjazz	fɛɾdʒˈɛs	0.43
verjazze	fɛɾdʒˈɛsə	0.38
verjazzen	fɛɾdʒˈɛsən	0.33
verjazzend	fɛɾdʒˈɛsənt	0.3
verjazzende	fɛɾdʒˈɛsəndə	0.27
verjazzender	fɛɾdʒˈɛsəndɜ	0.27
verjazzest	fɛɾdʒˈɛsəst	0.3
verjazzet	fɛɾdʒˈɛsət	0.33
verjazzt	fɛɾdʒˈɛst	0.38
verjazzte	fɛɾdʒˈɛstə	0.33
verjazztem	fɛɾdʒˈɛstəm	0.3
verjazzten	fɛɾdʒˈɛstən	0.3
verjazzter	fɛɾdʒˈɛstɜ	0.33
verjazztes	fɛɾdʒˈɛstəs	0.3
verjazztest	fɛɾdʒˈɛstəst	0.27
verjazztet	fɛɾdʒˈɛstət	0.3
versäum	fɛɾzˈɔɪm	0.29
veruneinig	fɛɾˈʊnˌaɪnɪç	0.27
verunmöglichst	fɛɾˈʊnmˌøːklɪçst	0.29
verwuchs	fɛɾvˈuːks	0.29
verwuchsen	fɛɾvˈuːksən	0.33
verwuchsest	fɛɾvˈuːksəst	0.3
vespre	fˈɛsprə	0.33
vetternd	fˈɛtɜnt	0.29
vgl.	fɛɾɡlˈaɪçə	0.8
vice versa	vˈiːtsə vɛɾza	0.3
vis-a-vis	vizavˈiː	0.29
visavis	vizavˈiː	0.29
voip	vɔɪp	0.5
voipe	vˈɔɪpə	0.4
voipen	vˈɔɪpən	0.33
voipend	vˈɔɪpənt	0.29
voipest	vˈɔɪpəst	0.29
voipet	vˈɔɪpət	0.33
voipst	vɔɪpst	0.33
vordem	foːɾdˈeːm	0.5
vorgeherrscht	fˈoːɾɡəhˌɛɾʃt	0.3
vorherrsche	fˈoːɾhˌɛɾʃə	0.33
vorherrschen	fˈoːɾhˌɛɾʃən	0.3
vorherrschend	fˈoːɾhˌɛɾʃənt	0.27
vorherrschest	fˈoːɾhˌɛɾʃəst	0.27
vorherrschet	fˈoːɾhˌɛɾʃət	0.3
vorherrschte	fˈoːɾhˌɛɾʃtə	0.3
vorherrschten	fˈoːɾhˌɛɾʃtən	0.27
vorherrschtet	fˈoːɾhˌɛɾʃtət	0.27
vorlest	fˈoːɾlˌeːst	0.43
vorm	foːɾm	0.5
vornean	fɔɾnəˈan	0.29
vorneweg	fɔɾnəvˈɛk	0.62
vorneweggegangen	fɔɾnəvˈɛkɡəɡˌaŋən	0.6
vorneweggehe	fɔɾnəvˈɛkɡˌeːə	0.64
vorneweggehen	fɔɾnəvˈɛkɡˌeːən	0.58
vorneweggehend	fɔɾnəvˈɛkɡˌeːənt	0.69
vorneweggehende	fɔɾnəvˈɛkɡˌeːəndə	0.64
vorneweggehendem	fɔɾnəvˈɛkɡˌeːəndəm	0.53
vorneweggehenden	fɔɾnəvˈɛkɡˌeːəndən	0.53
vorneweggehender	fɔɾnəvˈɛkɡˌeːəndɜ	0.64
vorneweggehendes	fɔɾnəvˈɛkɡˌeːəndəs	0.67
vorneweggehest	fɔɾnəvˈɛkɡˌeːəst	0.54
vorneweggehet	fɔɾnəvˈɛkɡˌeːət	0.67
vorneweggehst	fɔɾnəvˈɛkɡˌeːst	0.5
vorneweggeht	fɔɾnəvˈɛkɡˌeːt	0.55
vornewegging	fɔɾnəvˈɛkɡˌɪŋ	0.45
vornewegginge	fɔɾnəvˈɛkɡˌɪŋə	0.67
vorneweggingen	fɔɾnəvˈɛkɡˌɪŋən	0.62
vorneweggingest	fɔɾnəvˈɛkɡˌɪŋəst	0.5
vornewegginget	fɔɾnəvˈɛkɡˌɪŋət	0.69
vorneweggingst	fɔɾnəvˈɛkɡˌɪŋst	0.38
vorneweggingt	fɔɾnəvˈɛkɡˌɪŋt	0.42
vornewegzugehen	fɔɾnəvˈɛktsuɡˌeːən	0.69
vorzeitig	fˈoːɾtsˌaɪtɪç	0.27
vreck	frɛk	0.33
vrecke	frˈɛkə	0.29
vrecken	frˈɛkŋ̩	0.5
vreckende	frˈɛkŋ̩də	0.5
vreckendem	frˈɛkŋ̩dəm	0.45
vreckenden	frˈɛkŋ̩dən	0.45
vreckender	frˈɛkŋ̩dɜ	0.5
vreckendes	frˈɛkŋ̩dəs	0.45
vreckt	frɛkt	0.29
vögle	fˈøːɡlə	0.4
vögle rum	fˌøːɡlə rˈʊm	0.29
vöglest	fˈøːɡləst	0.29
vöglet	fˈøːɡlət	0.33
wachse	vˈaksə	0.4
wachse an	vˌaksə ˈan	0.29
wachsel	vˈaksəl	0.33
wachsele	vˈaksələ	0.29
wachseln	vˈaksəln	0.29
wachselt	vˈaksəlt	0.29
wachsen	vˈaksən	0.33
wachsend	vˈaksənt	0.29
wachsest	vˈaksəst	0.29
wachset	vˈaksət	0.33
waldbewachsen	vˈaltbəvˌaksən	0.33
waldbewachsene	vˈaltbəvˌaksənə	0.31
waldbewachsenem	vˈaltbəvˌaksənəm	0.29
waldbewachsenen	vˈaltbəvˌaksənən	0.29
waldbewachsener	vˈaltbəvˌaksənɜ	0.31
waldbewachsenes	vˈaltbəvˌaksənəs	0.29
waterboard	wˈɔːtɜbˌɔːt	0.29
waterboardend	wˈɔːtɜbˌɔːdənt	0.3
waterboardete	wˈɔːtɜbˌɔːdətə	0.3
waterboardetet	wˈɔːtɜbˌɔːdətət	0.27
web ein	vˌeːp ˈaɪn	0.33
wegangel	vˈɛkˌaŋəl	0.29
wegangle	vˈɛkˌaŋlə	0.29
wegaß	vˈɛkˌaːs	0.4
wegaßen	vˈɛkˌaːsən	0.29
wegaßt	vˈɛkˌaːst	0.33
wegbegebet	vˈɛkbəɡˌeːbət	0.3
wegbegebt	vˈɛkbəɡˌeːpt	0.33
wegbegäbet	vˈɛkbəɡˌɛːbət	0.3
wegbewegtet	vˈɛkbəvˌeːktət	0.27
wegbrichst	vˈɛkbrˌɪçst	0.3
wegbrächst	vˈɛkbrˌɛːçst	0.3
wegdöst	vˈɛkdˌøːst	0.29
wegekel	vˈɛkˌeːkəl	0.29
wegekle	vˈɛkˌeːklə	0.43
wegeklest	vˈɛkˌeːkləst	0.33
wegeklet	vˈɛkˌeːklət	0.38
wegesse	vˈɛkˌɛsə	0.33
wegessen	vˈɛkˌɛsən	0.29
wegessende	vˈɛkˌɛsəndə	0.33
wegessendem	vˈɛkˌɛsəndəm	0.3
wegessenden	vˈɛkˌɛsəndən	0.3
wegessender	vˈɛkˌɛsəndɜ	0.33
wegessendes	vˈɛkˌɛsəndəs	0.3
wegesset	vˈɛkˌɛsət	0.29
wegesst	vˈɛkˌɛst	0.33
weggebt	vˈɛkɡˌeːpt	0.29
weggedöst	vˈɛkɡədˌøːst	0.33
weggedöste	vˈɛkɡədˌøːstə	0.3
weggedöstem	vˈɛkɡədˌøːstəm	0.27
weggedösten	vˈɛkɡədˌøːstən	0.27
weggedöstes	vˈɛkɡədˌøːstəs	0.27
weggefeuert	vˈɛkɡəfˌɔɪɜt	0.3
weggefeuerte	vˈɛkɡəfˌɔɪɜtə	0.27
weggefeuerter	vˈɛkɡəfˌɔɪɜtɜ	0.27
weggehabt	vˈɛkɡəhˌaːpt	0.33
weggehauen	vˈɛkɡəhˌaʊən	0.3
weggehauene	vˈɛkɡəhˌaʊənə	0.27
weggehauener	vˈɛkɡəhˌaʊənɜ	0.27
weggeholfen	vˈɛkɡəhˌɔlfən	0.27
weggeholt	vˈɛkɡəhˌoːlt	0.44
weggeholte	vˈɛkɡəhˌoːltə	0.4
weggeholtem	vˈɛkɡəhˌoːltəm	0.36
weggeholten	vˈɛkɡəhˌoːltən	0.36
weggeholter	vˈɛkɡəhˌoːltɜ	0.4
weggeholtes	vˈɛkɡəhˌoːltəs	0.36
weggehängt	vˈɛkɡəhˌɛŋt	0.33
weggehängte	vˈɛkɡəhˌɛŋtə	0.3
weggehängtem	vˈɛkɡəhˌɛŋtəm	0.27
weggehängten	vˈɛkɡəhˌɛŋtən	0.27
weggehängter	vˈɛkɡəhˌɛŋtɜ	0.3
weggehängtes	vˈɛkɡəhˌɛŋtəs	0.27
weggehöre	vˈɛkɡəhˌøːrə	0.33
weggehören	vˈɛkɡəhˌøːrən	0.3
weggehörend	vˈɛkɡəhˌøːrənt	0.27
weggehörest	vˈɛkɡəhˌøːrəst	0.27
weggehöret	vˈɛkɡəhˌøːrət	0.3
weggehörst	vˈɛkɡəhˌøːɾst	0.3
weggehört	vˈɛkɡəhˌøːɾt	0.44
weggehörte	vˈɛkɡəhˌøːɾtə	0.4
weggehörten	vˈɛkɡəhˌøːɾtən	0.36
weggehörtest	vˈɛkɡəhˌøːɾtəst	0.33
weggehörtet	vˈɛkɡəhˌøːɾtət	0.36
weggemobbt	vˈɛkɡəmˌɔpt	0.33
weggemobbte	vˈɛkɡəmˌɔptə	0.3
weggemobbtem	vˈɛkɡəmˌɔptəm	0.27
weggemobbten	vˈɛkɡəmˌɔptən	0.27
weggemobbter	vˈɛkɡəmˌɔptɜ	0.3
weggemobbtes	vˈɛkɡəmˌɔptəs	0.27
weggepustet	vˈɛkɡəpˌuːstət	0.27
weggerobbt	vˈɛkɡərˌɔpt	0.33
weggerobbte	vˈɛkɡərˌɔptə	0.33
weggerobbtem	vˈɛkɡərˌɔptəm	0.3
weggerobbten	vˈɛkɡərˌɔptən	0.3
weggerobbter	vˈɛkɡərˌɔptɜ	0.33
weggerobbtes	vˈɛkɡərˌɔptəs	0.3
weggeräumt	vˈɛkɡərˌɔɪmt	0.33
weggeräumte	vˈɛkɡərˌɔɪmtə	0.3
weggeräumtem	vˈɛkɡərˌɔɪmtəm	0.27
weggeräumten	vˈɛkɡərˌɔɪmtən	0.27
weggeräumter	vˈɛkɡərˌɔɪmtɜ	0.3
weggeräumtes	vˈɛkɡərˌɔɪmtəs	0.27
weggesackt	vˈɛkɡəsˌakt	0.33
weggesackte	vˈɛkɡəsˌaktə	0.3
weggesacktem	vˈɛkɡəsˌaktəm	0.27
weggesackten	vˈɛkɡəsˌaktən	0.27
weggesackter	vˈɛkɡəsˌaktɜ	0.3
weggesacktes	vˈɛkɡəsˌaktəs	0.27
weggeschert	vˈɛkɡəʃˌeːɾt	0.33
weggescheucht	vˈɛkɡəʃˌɔɪçt	0.27
weggeschrubbt	vˈɛkɡəʃrˌʊpt	0.3
weggeschrubbte	vˈɛkɡəʃrˌʊptə	0.27
weggeschrubbter	vˈɛkɡəʃrˌʊptɜ	0.27
weggeschubst	vˈɛkɡəʃˌʊpst	0.3
weggeschubste	vˈɛkɡəʃˌʊpstə	0.36
weggeschubstem	vˈɛkɡəʃˌʊpstəm	0.33
weggeschubsten	vˈɛkɡəʃˌʊpstən	0.33
weggeschubster	vˈɛkɡəʃˌʊpstɜ	0.36
weggeschubstes	vˈɛkɡəʃˌʊpstəs	0.33
weggeschupst	vˈɛkɡəʃˌʊpst	0.3
weggeschupste	vˈɛkɡəʃˌʊpstə	0.27
weggeschupster	vˈɛkɡəʃˌʊpstɜ	0.27
weggesperrt	vˈɛkɡəʃpˌɛɾt	0.3
weggesperrte	vˈɛkɡəʃpˌɛɾtə	0.27
weggesperrter	vˈɛkɡəʃpˌɛɾtɜ	0.27
weggespült	vˈɛkɡəʃpˌyːlt	0.3
weggespülte	vˈɛkɡəʃpˌyːltə	0.27
weggespülter	vˈɛkɡəʃpˌyːltɜ	0.27
weggesteckt	vˈɛkɡəʃtˌɛkt	0.3
weggesteckte	vˈɛkɡəʃtˌɛktə	0.27
weggesteckter	vˈɛkɡəʃtˌɛktɜ	0.27
weggestohlen	vˈɛkɡəʃtˌoːlən	0.27
weggestoßen	vˈɛkɡəʃtˌoːsən	0.27
weggestrebt	vˈɛkɡəʃtrˌeːpt	0.36
weggestrebte	vˈɛkɡəʃtrˌeːptə	0.33
weggestrebtem	vˈɛkɡəʃtrˌeːptəm	0.31
weggestrebten	vˈɛkɡəʃtrˌeːptən	0.31
weggestrebter	vˈɛkɡəʃtrˌeːptɜ	0.33
weggestrebtes	vˈɛkɡəʃtrˌeːptəs	0.31
weggewendet	vˈɛkɡəvˌɛndət	0.27
weggezerrt	vˈɛkɡətsˌɛɾt	0.3
weggezerrte	vˈɛkɡətsˌɛɾtə	0.27
weggezerrter	vˈɛkɡətsˌɛɾtɜ	0.27
weggezogen	vˈɛkɡətsˌoːɡŋ̩	0.36
wegisst	vˈɛkˌɪst	0.33
weglotse	vˈɛklˌoːtsə	0.38
weglotsen	vˈɛklˌoːtsən	0.33
weglotsend	vˈɛklˌoːtsənt	0.3
weglotsende	vˈɛklˌoːtsəndə	0.27
weglotsender	vˈɛklˌoːtsəndɜ	0.27
weglotsest	vˈɛklˌoːtsəst	0.3
weglotset	vˈɛklˌoːtsət	0.33
wegmobbet	vˈɛkmˌɔbət	0.33
wegoperiere	vˈɛkopərˌiːrə	0.3
wegoperieren	vˈɛkopərˌiːrən	0.27
wegoperieret	vˈɛkopərˌiːrət	0.27
wegoperierst	vˈɛkopərˌiːɾst	0.27
wegoperiert	vˈɛkopərˌiːɾt	0.3
wegoperierte	vˈɛkopərˌiːɾtə	0.27
wegoperierter	vˈɛkopərˌiːɾtɜ	0.27
wegrobbet	vˈɛkrˌɔbət	0.33
wegräum	vˈɛkrˌɔɪm	0.43
wegsacke	vˈɛksˌakə	0.29
wegsackt	vˈɛksˌakt	0.29
wegsam	vˈeːkzaːm	0.33
wegsame	vˈeːkzaːmə	0.29
wegsamer	vˈeːkzaːmɜ	0.29
wegsterbet	vˈɛkʃtˌɛɾbət	0.3
wegwusch	vˈɛkvˌuːʃ	0.33
wegwuscht	vˈɛkvˌuːʃt	0.29
wegätze	vˈɛkˌɛtsə	0.29
wegätzt	vˈɛkˌɛtst	0.29
wegäße	vˈɛkˌɛːsə	0.33
wegäßen	vˈɛkˌɛːsən	0.29
wegäßet	vˈɛkˌɛːsət	0.29
weichspüle	vˈaɪçʃpˌyːlə	0.3
weichspülen	vˈaɪçʃpˌyːlən	0.27
weichspület	vˈaɪçʃpˌyːlət	0.27
weichspülst	vˈaɪçʃpˌyːlst	0.27
weichspült	vˈaɪçʃpˌyːlt	0.3
weichspülte	vˈaɪçʃpˌyːltə	0.27
weichst	vaɪçst	0.29
weit hergeholt	vˈaɪt hˈeːɾɡəhˌoːlt	0.31
weiterwuchsen	vˈaɪtɜvˌuːksən	0.27
wellness	vˈɛlnɛs	0.33
werweiss	vˈeːɾvˌɛɪsː	0.29
werweisse	vˈeːɾvˌɛɪsːe	0.38
werweissen	vˈeːɾvˌɛɪsːen	0.33
werweissest	vˈeːɾvˌɛɪsːest	0.3
werweisset	vˈeːɾvˌɛɪsːet	0.33
werweisste	vˈeːɾvˌɛɪsːte	0.33
werweissten	vˈeːɾvˌɛɪsːten	0.3
werweisstest	vˈeːɾvˌɛɪsːtest	0.27
werweisstet	vˈeːɾvˌɛɪsːtet	0.3
westd.	vˈɛstdˌɔɪtʃ	0.44
westgerm.	vˈɛstɡɛɾmˌaːnɪʃ	0.42
westl.	vˈɛstlɪç	0.38
westmitteld.	vˈɛstmˌɪtəldɔɪtʃ	0.36
westmitteldt.	vˈɛstmˌɪtəldɔɪtʃ	0.36
windgebeugt	vˈɪntɡəbˌɔɪkt	0.27
windgesurft	vˈɪntɡəsˌœːɾft	0.36
windsurf	vˈɪntsˌœːɾf	0.38
windsurfe	vˈɪntsˌœːɾfə	0.33
windsurfen	vˈɪntsˌœːɾfən	0.3
windsurfend	vˈɪntsˌœːɾfənt	0.27
windsurfest	vˈɪntsˌœːɾfəst	0.27
windsurfet	vˈɪntsˌœːɾfət	0.3
windsurfst	vˈɪntsˌœːɾfst	0.3
windsurft	vˈɪntsˌœːɾft	0.33
windsurfte	vˈɪntsˌœːɾftə	0.3
windsurften	vˈɪntsˌœːɾftən	0.27
windsurftet	vˈɪntsˌœːɾftət	0.27
woherum	vˌoːhɛrˈʊm	0.29
wohlig	vˈoːlɪç	0.5
wohligste	vˈoːlɪçstə	0.33
wohligstem	vˈoːlɪçstəm	0.3
wohligsten	vˈoːlɪçstən	0.3
wohligster	vˈoːlɪçstɜ	0.33
wohligstes	vˈoːlɪçstəs	0.3
wokem	wˈɔʊkəm	0.5
woken	wˈɔʊkən	0.5
woker	wˈɔʊkɜ	0.6
wokere	wˈɔʊkərə	0.5
wokerem	wˈɔʊkərəm	0.43
wokeren	wˈɔʊkərən	0.43
wokerer	wˈɔʊkərɜ	0.5
wokeres	wˈɔʊkərəs	0.43
wokes	wɔʊkəs	0.5
wokeste	wˈɔʊkəstə	0.38
wokestem	wˈɔʊkəstəm	0.33
wokesten	wˈɔʊkəstən	0.33
wokester	wˈɔʊkəstɜ	0.38
wokestes	wˈɔʊkəstəs	0.33
wovon	vofˈɔn	0.4
wuchernd	vˈuːxɜnt	0.29
wuchs	vuːks	0.5
wuchs an	vˌuːks ˈan	0.33
wuchs auf	vˌuːks ˈaʊf	0.29
wuchs aus	vˌuːks ˈaʊs	0.29
wuchs ein	vˌuːks ˈaɪn	0.29
wuchs hoch	vˌuːks hˈoːx	0.29
wuchs nach	vˌuːks nˈaːx	0.29
wuchs zu	vˌuːks tsˈuː	0.29
wuchsen	vˈuːksən	0.5
wuchsen an	vˌuːksən ˈan	0.38
wuchsen auf	vuːksən ˈaʊf	0.33
wuchsen aus	vˌuːksən ˈaʊs	0.33
wuchsen durch	vˌuːksən dˈʊɾç	0.27
wuchsen ein	vˌuːksən ˈaɪn	0.33
wuchsen empor	vˌuːksən ɛmpˈoːɾ	0.27
wuchsen fest	vˌuːksən fˈɛst	0.3
wuchsen heran	vˌuːksən hɛrˈan	0.27
wuchsen hoch	vˌuːksən hˈoːx	0.33
wuchsen nach	vˌuːksən nˈaːx	0.33
wuchsen weiter	vˌuːksən vˈaɪtɜ	0.27
wuchsen zu	vˌuːksən tsˈuː	0.33
wuchsest	vuːksəst	0.43
wuchsest an	vˌuːksəst ˈan	0.33
wuchsest auf	vˌuːksəst ˈaʊf	0.3
wuchsest aus	vˌuːksəst ˈaʊs	0.3
wuchsest fest	vˌuːksəst fˈɛst	0.27
wuchsest hoch	vˌuːksəst hˈoːx	0.3
wuchst	vuːkst	0.4
wuchst an	vˌuːkst ˈan	0.29
wusch vor	vˌuːʃ fˈoːɾ	0.33
wuscht vor	vˌuːʃt fˈoːɾ	0.29
wusle	vˈuːzlə	0.4
wuslest	vˈuːzləst	0.29
wuslet	vˈuːzlət	0.33
wutverzerrt	vˈuːtfɛɾtsˌɛɾt	0.27
x-Achse	ˈɪksˌaksə	0.29
y-Achse	ˈʏpsilɔnˌaksə	0.27
z. B.	tsʊm bˈaɪʃpˌiːl	0.73
z. H.	tsu hˈɛndən	0.67
z. H. v.	tsu hˈɛndən fɔn	0.67
z. Hd.	tsu hˈɛndən	0.67
z. Hd. v.	tsu hˈɛndən fɔn	0.67
z. Hdn.	tsu hˈɛndən	0.6
z. Hdn. v.	tsu hˈɛndən fɔn	0.62
z. K.	tsɛtpʊŋkt kˈaːpʊŋkt	0.62
z. T.	tsʊmtˈaɪl	0.62
z. Zt.	tsuːɾ tsaɪt	0.5
z.B.	tsʊm bˈaɪʃpˌiːl	0.73
zairisch	zaˈiːrɪʃ	0.43
zairische	zaˈiːrɪʃə	0.38
zairischem	zaˈiːrɪʃəm	0.33
zairischen	zaˈiːrɪʃən	0.33
zairischer	zaˈiːrɪʃɜ	0.38
zairisches	zaˈiːrɪʃəs	0.33
zechst	tsɛçst	0.29
zeitig	tsˈaɪtɪç	0.38
zeitigst	tsˈaɪtɪçst	0.3
zeitigste	tsˈaɪtɪçstə	0.27
zeitigster	tsˈaɪtɪçstɜ	0.27
zerbätzen	tsbˈatsən	0.4
zerg	zɛɾk	0.4
zerge	zˈɛɾɡə	0.33
zergen	zˈɛɾɡən	0.29
zerget	zˈɛɾɡət	0.29
zergst	zɛɾkst	0.29
zergt	zɛɾkt	0.33
zergte	zˈɛɾktə	0.29
zeugen	tsˈɔɪɡəŋ	0.29
zeusle	tsˈɔɪzlə	0.29
zig-millionenfache	tsˈɪçmɪlˌioːnənfaxə	0.29
zig-millionenfachem	tsˈɪçmɪlˌioːnənfaxəm	0.28
zig-millionenfachen	tsˈɪçmɪlˌioːnənfaxən	0.28
zig-millionenfacher	tsˈɪçmɪlˌioːnənfaxɜ	0.29
zig-millionenfaches	tsˈɪçmɪlˌioːnənfaxəs	0.28
zisalpin	tsɪsalpˈiːn	0.33
zisalpinem	tsɪsalpˈiːnəm	0.27
zisalpiner	tsɪsalpˈiːnɜ	0.3
zisalpines	tsɪsalpˈiːnəs	0.27
zit. n.	tsitˈiːɾt naːx	0.5
zoomt	zuːmt	0.4
zoomte	zˈuːmtə	0.33
zoomten	zˈuːmtən	0.29
zoomtet	zˈuːmtət	0.29
zugehört	tsˈuːɡəhˌøːɾt	0.33
zugehörte	tsˈuːɡəhˌøːɾtə	0.3
zugehörten	tsˈuːɡəhˌøːɾtən	0.27
zugehörtet	tsˈuːɡəhˌøːɾtət	0.27
zugestand	tsˈuːɡəʃtˌand	0.3
zugesteuert	tsˈuːɡəʃtˌɔɪɜt	0.27
zugestrebt	tsˈuːɡəʃtrˌeːpt	0.27
zugeströmt	tsˈuːɡəʃtrˌøːmt	0.27
zugewachsen	tsˈuːɡəvˌaksən	0.27
zuhorchest	tsˈuːhˌɔɾçəst	0.27
zupfe	tsˈʊpfə	0.33
zupfet	tsˈʊpfət	0.29
zur.	tsurˈʏk	0.33
zurre	tsˈʊrə	0.4
zurrend	tsˈʊrənt	0.29
zurrest	tsˈʊrəst	0.29
zurret	tsˈʊrət	0.33
zurrtet	tsˈʊɾtət	0.29
zuwuchs	tsˈuːvˌuːks	0.29
zuwuchsen	tsˈuːvˌuːksən	0.33
zwäg	tsfɛːɡ	0.6
zäum	tsɔɪm	0.4
zäum ab	tsˌɔɪm ˈap	0.29
À-la-carte-Essen	alakˈaɾtˌɛsən	0.39
À-la-carte-Essens	alakˈaɾtˌɛsəns	0.37
À-la-carte-Restaurant	alakˈaɾtrɛstorˌɑ̃ː	0.29
À-la-carte-Restaurants	alakˈaɾtrɛstorˌɑ̃ːs	0.27
Ältestenausschuss	ˈɛltəstənˌaʊsʃʊs	0.27
Äolien	ɛˈoːliən	0.29
Ärztehäuser	ˈɛːɾtstəhˌɔɪzɜ	0.27
Ärzteteam	ˈɛːɾtstətˌiːm	0.3
Ärzteteams	ˈɛːɾtstətˌiːms	0.27
Äschen	ɛʃən	0.5
Äscherichs	ˈɛʃərɪçs	0.43
Äthiopiens	ɛtˈioːpiəns	0.36
Äthiopistik	ɛtiopˈɪstɪk	0.27
Äuglein	ˈɔɪklaɪn	0.29
Ålesund	ˈoːləsun	0.71
Ålesunds	ˈoːləsuns	0.62
Ångström	ˈɔŋstrœm	0.5
Ångströms	ˈɔŋstrœms	0.44
Århus	ˈɔːɾhuːs	0.4
Århus’	ˈɔːɾhuːs	0.4
Åsar	ˈoːsar	0.5
Écija	ˈɛsixa	0.6
Écijas	ˈɛsixas	0.5
Île-de-France	ildəfrˈɑ̃ːs	0.27
ÖAMTC	øːaːɛmteːtsˈeː	0.56
ÖFB-Cup	øːɛfbˈeːkˌap	0.62
ÖFB-Cups	øːɛfbˈeːkˌaps	0.56
ÖFBs	øːɛfbˈeːs	0.67
ÖPNV	øːpeːɛnfˈaʊ	0.62
ÖWBs	øvebˈeːs	0.83
Ödland	ˈøːtlant	0.33
Ödlands	ˈøːtlants	0.29
Ödnis	ˈøːtnɪs	0.4
Ödnisse	ˈøːtnɪsə	0.33
Ödnissen	ˈøːtnɪsən	0.29
Ölboom	ˈøːlbˌuːm	0.4
Ölbooms	ˈøːlbˌuːms	0.33
Ölbranche	ˈøːlbrˌɑ̃ːʃə	0.44
Ölbranchen	ˈøːlbrˌɑ̃ːʃən	0.4
Ölbäume	ˈøːlbˌɔɪmə	0.29
Ölgehalt	ˈøːlɡəhˌalt	0.38
Ölgehalte	ˈøːlɡəhˌaltə	0.33
Ölgehalten	ˈøːlɡəhˌaltən	0.3
Ölgehaltes	ˈøːlɡəhˌaltəs	0.3
Ölgehalts	ˈøːlɡəhˌalts	0.33
Ölgeruch	ˈøːlɡərˌʊx	0.29
Ölgestank	ˈøːlɡəʃtˌaŋk	0.33
Ölgestanke	ˈøːlɡəʃtˌaŋkə	0.3
Ölgestankes	ˈøːlɡəʃtˌaŋkəs	0.27
Ölgestanks	ˈøːlɡəʃtˌaŋks	0.3
Ölkrise	ˈøːlkrˌiːzə	0.43
Ölkrisen	ˈøːlkrˌiːzən	0.38
Öllager	ˈøːllˌaːɡɜ	0.33
Öllagern	ˈøːllˌaːɡɜn	0.29
Öllagers	ˈøːllˌaːɡɜs	0.29
Öllampe	ˈøːllˌampə	0.29
Öllappen	ˈøːllˌapən	0.29
Öllaterne	ˈøːllatˌɛɾnə	0.33
Öllaternen	ˈøːllatˌɛɾnən	0.3
Ölleck	ˈøːllˌɛk	0.4
Ölleckes	ˈøːllˌɛkəs	0.29
Öllecks	ˈøːllˌɛks	0.33
Ölmillionär	ˈøːlmɪlionˌɛːɾ	0.27
Ölpest	ˈøːlpˌɛst	0.33
Ölpipeline	ˈøːlpˌaɪplaɪn	0.7
Ölpipelines	ˈøːlpˌaɪplaɪns	0.64
Ölsorte	ˈøːlzˌɔɾtə	0.29
Ölspur	ˈøːlʃpˌuːɾ	0.33
Ölstand	ˈøːlʃtˌant	0.29
Ölsäure	ˈøːlzˌɔɪrə	0.29
Ölteppichs	ˈøːltˌɛpɪçs	0.33
Ölverkäufe	ˈøːlfɛɾkˌɔɪfə	0.3
Ölverkäufen	ˈøːlfɛɾkˌɔɪfən	0.27
Ölzeug	ˈøːltsˌɔɪk	0.29
Önografien	ønoɡrafˈiːən	0.27
Ü-Wagen	ˈyːvˌaːɡŋ̩	0.33
Ü-Wagens	ˈyːvˌaːɡŋ̩s	0.29
Über-Ichs	yːbɜˌɪçs	0.29
Überichs	ˈyːbɜˌɪçs	0.29
Überlebenschance	yːbɜlˈeːbənsʃˌɑ̃ːs	0.38
Überraschungsparty	yːbɜrˈaʃʊŋspˌaːɾti	0.36
Überschalljet	ˈyːbɜʃaldʒˌɛt	0.3
Überschalljets	ˈyːbɜʃaldʒˌɛts	0.27
Überwachungssoftware	yːbɜvˈaxʊŋssˌɔftvɛːɾ	0.62
Ürümqi	urˈʊmtʃiː	0.57
Ürümqis	urˈʊmtʃiːs	0.62
à bas	abˈa	0.7
à condition	a kɔ̃disˈiɔ̃ː	0.65
à jour	aʒˈuːɾ	0.7
à la	a la	0.67
à la Diane	aladˈian	0.5
à la Dubarry	aladybarˈiː	0.47
à la baisse	a la bˈɛːs	0.64
à la bonne heure	ˌa la bɔnˈøːɾ	0.56
à la carte	ala kˈaɾt	0.5
à la dieppoise	aladiɛpˈoaz	0.62
à la diplomate	aladiplomˈat	0.44
à la duchesse	aladyʃˈɛs	0.6
à la hausse	a la ˈoːs	0.71
à la jardinière	a la ʒaɾdinˈiɛːɾ	0.5
à la longue	alalˈɔ̃ːk	0.64
à la maison	alamɛzˈõː	0.6
à point	apˈoɛ̃ː	0.75
ähnlichsah	ˈɛːnlɪçzˌaː	0.38
ähnlichsehe	ˈɛːnlɪçzˌeːə	0.33
ähnlichsehen	ˈɛːnlɪçzˌeːən	0.3
ähnlichsehend	ˈɛːnlɪçzˌeːənt	0.27
ähnlichsieht	ˈɛːnlɪçziːt	0.33
ähnlichsähe	ˈɛːnlɪçzˌɛːə	0.33
äußer-	ˈɔɪsərɜ	0.4
äußernd	ˈɔɪsɜnt	0.29
ölreichste	ˈøːlrˌaɪçstə	0.3
ölreichstem	ˈøːlrˌaɪçstəm	0.27
ölreichsten	ˈøːlrˌaɪçstən	0.27
ölreichster	ˈøːlrˌaɪçstɜ	0.3
ölreichstes	ˈøːlrˌaɪçstəs	0.27
ölverseucht	ˈøːlfɛɾzˌɔɪçt	0.27
örtl.	ˈœɾtlɪç	0.43
östl.	ˈœstlɪç	0.43
überschäum	ˈyːbɜʃˌɔɪm	0.29
überwuchs	ˌyːbɜvˈuːks	0.29
überwuchsen	ˌyːbɜvˈuːksən	0.33
überwuchsest	ˌyːbɜvˈuːksəst	0.3
übriggehabt	ˈyːbrɪçɡəhˌaːpt	0.33
ČSSR	tʃˌeːɛsɛsˈɛɾ	0.47
Œuvres	ˈœːvrə	0.4
ǃXóõ	kxõː	0.95
’Sgebengu	skabˈɛːŋɡu	0.56
’n Abend	nˈaːbəmt	0.29
’s-Hertogenbosch	shɛɾtoːxənbˈɔs	0.31
’s-Hertogenboschs	shɛɾtoːxənbˈɔs	0.29
